DEBUG - 2026-05-14 01:29:55 --> Session: Class initialized using 'CodeIgniter\Session\Handlers\FileHandler' driver.
DEBUG - 2026-05-14 01:30:00 --> Session: Class initialized using 'CodeIgniter\Session\Handlers\FileHandler' driver.
DEBUG - 2026-05-14 01:33:12 --> Session: Class initialized using 'CodeIgniter\Session\Handlers\FileHandler' driver.
ERROR - 2026-05-14 01:33:17 --> Error connecting to the database: mysqli_sql_exception: No connection could be made because the target machine actively refused it in C:\xampp\htdocs\Web-Project\system\Database\MySQLi\Connection.php:201
Stack trace:
#0 C:\xampp\htdocs\Web-Project\system\Database\MySQLi\Connection.php(201): mysqli->real_connect('localhost', 'root', Object(SensitiveParameterValue), 'mhaxx_store', 3306, '', 0)
#1 C:\xampp\htdocs\Web-Project\system\Database\BaseConnection.php(555): CodeIgniter\Database\MySQLi\Connection->connect(false)
#2 C:\xampp\htdocs\Web-Project\system\Database\BaseConnection.php(795): CodeIgniter\Database\BaseConnection->initialize()
#3 C:\xampp\htdocs\Web-Project\system\Database\BaseBuilder.php(1649): CodeIgniter\Database\BaseConnection->query('SELECT *\nFROM `...', Array, false)
#4 C:\xampp\htdocs\Web-Project\system\Model.php(295): CodeIgniter\Database\BaseBuilder->get()
#5 C:\xampp\htdocs\Web-Project\system\BaseModel.php(714): CodeIgniter\Model->doFirst()
#6 C:\xampp\htdocs\Web-Project\app\Controllers\Auth.php(15): CodeIgniter\BaseModel->first()
#7 C:\xampp\htdocs\Web-Project\system\CodeIgniter.php(951): App\Controllers\Auth->attemptLogin()
#8 C:\xampp\htdocs\Web-Project\system\CodeIgniter.php(497): CodeIgniter\CodeIgniter->runController(Object(App\Controllers\Auth))
#9 C:\xampp\htdocs\Web-Project\system\CodeIgniter.php(340): CodeIgniter\CodeIgniter->handleRequest(NULL, Object(Config\Cache), false)
#10 C:\xampp\htdocs\Web-Project\system\Boot.php(417): CodeIgniter\CodeIgniter->run()
#11 C:\xampp\htdocs\Web-Project\system\Boot.php(68): CodeIgniter\Boot::runCodeIgniter(Object(CodeIgniter\CodeIgniter))
#12 C:\xampp\htdocs\Web-Project\public\index.php(59): CodeIgniter\Boot::bootWeb(Object(Config\Paths))
#13 C:\xampp\htdocs\Web-Project\system\rewrite.php(44): require_once('C:\\xampp\\htdocs...')
#14 {main}

Next CodeIgniter\Database\Exceptions\DatabaseException: No connection could be made because the target machine actively refused it in C:\xampp\htdocs\Web-Project\system\Database\MySQLi\Connection.php:231
Stack trace:
#0 C:\xampp\htdocs\Web-Project\system\Database\BaseConnection.php(555): CodeIgniter\Database\MySQLi\Connection->connect(false)
#1 C:\xampp\htdocs\Web-Project\system\Database\BaseConnection.php(795): CodeIgniter\Database\BaseConnection->initialize()
#2 C:\xampp\htdocs\Web-Project\system\Database\BaseBuilder.php(1649): CodeIgniter\Database\BaseConnection->query('SELECT *\nFROM `...', Array, false)
#3 C:\xampp\htdocs\Web-Project\system\Model.php(295): CodeIgniter\Database\BaseBuilder->get()
#4 C:\xampp\htdocs\Web-Project\system\BaseModel.php(714): CodeIgniter\Model->doFirst()
#5 C:\xampp\htdocs\Web-Project\app\Controllers\Auth.php(15): CodeIgniter\BaseModel->first()
#6 C:\xampp\htdocs\Web-Project\system\CodeIgniter.php(951): App\Controllers\Auth->attemptLogin()
#7 C:\xampp\htdocs\Web-Project\system\CodeIgniter.php(497): CodeIgniter\CodeIgniter->runController(Object(App\Controllers\Auth))
#8 C:\xampp\htdocs\Web-Project\system\CodeIgniter.php(340): CodeIgniter\CodeIgniter->handleRequest(NULL, Object(Config\Cache), false)
#9 C:\xampp\htdocs\Web-Project\system\Boot.php(417): CodeIgniter\CodeIgniter->run()
#10 C:\xampp\htdocs\Web-Project\system\Boot.php(68): CodeIgniter\Boot::runCodeIgniter(Object(CodeIgniter\CodeIgniter))
#11 C:\xampp\htdocs\Web-Project\public\index.php(59): CodeIgniter\Boot::bootWeb(Object(Config\Paths))
#12 C:\xampp\htdocs\Web-Project\system\rewrite.php(44): require_once('C:\\xampp\\htdocs...')
#13 {main}
CRITICAL - 2026-05-14 01:33:17 --> CodeIgniter\Database\Exceptions\DatabaseException: Unable to connect to the database.
Main connection [MySQLi]: No connection could be made because the target machine actively refused it
[Method: POST, Route: login]
in SYSTEMPATH\Database\BaseConnection.php on line 606.
 1 SYSTEMPATH\Database\BaseConnection.php(795): CodeIgniter\Database\BaseConnection->initialize()
 2 SYSTEMPATH\Database\BaseBuilder.php(1649): CodeIgniter\Database\BaseConnection->query('SELECT *
FROM `users`
WHERE `username` = :username:
 LIMIT 1', [...], false)
 3 SYSTEMPATH\Model.php(295): CodeIgniter\Database\BaseBuilder->get()
 4 SYSTEMPATH\BaseModel.php(714): CodeIgniter\Model->doFirst()
 5 APPPATH\Controllers\Auth.php(15): CodeIgniter\BaseModel->first()
 6 SYSTEMPATH\CodeIgniter.php(951): App\Controllers\Auth->attemptLogin()
 7 SYSTEMPATH\CodeIgniter.php(497): CodeIgniter\CodeIgniter->runController(Object(App\Controllers\Auth))
 8 SYSTEMPATH\CodeIgniter.php(340): CodeIgniter\CodeIgniter->handleRequest(null, Object(Config\Cache), false)
 9 SYSTEMPATH\Boot.php(417): CodeIgniter\CodeIgniter->run()
10 SYSTEMPATH\Boot.php(68): CodeIgniter\Boot::runCodeIgniter(Object(CodeIgniter\CodeIgniter))
11 FCPATH\index.php(59): CodeIgniter\Boot::bootWeb(Object(Config\Paths))
12 SYSTEMPATH\rewrite.php(44): require_once('C:\\xampp\\htdocs\\Web-Project\\public\\index.php')
DEBUG - 2026-05-14 01:33:48 --> Session: Class initialized using 'CodeIgniter\Session\Handlers\FileHandler' driver.
DEBUG - 2026-05-14 01:33:49 --> Session: Class initialized using 'CodeIgniter\Session\Handlers\FileHandler' driver.
CRITICAL - 2026-05-14 01:33:49 --> ErrorException: Undefined array key "sku"
[Method: GET, Route: dashboard]
in APPPATH\Views\dashboard\index.php on line 65.
 1 APPPATH\Views\dashboard\index.php(65): CodeIgniter\Debug\Exceptions->errorHandler(2, 'Undefined array key "sku"', 'C:\\xampp\\htdocs\\Web-Project\\app\\Views\\dashboard\\index.php', 65)
 2 SYSTEMPATH\View\View.php(240): include('C:\\xampp\\htdocs\\Web-Project\\app\\Views\\dashboard\\index.php')
 3 SYSTEMPATH\View\View.php(243): CodeIgniter\View\View->CodeIgniter\View\{closure}()
 4 SYSTEMPATH\Common.php(1250): CodeIgniter\View\View->render('dashboard/index', [], true)
 5 APPPATH\Controllers\Dashboard.php(20): view('dashboard/index', [...])
 6 SYSTEMPATH\CodeIgniter.php(951): App\Controllers\Dashboard->index()
 7 SYSTEMPATH\CodeIgniter.php(497): CodeIgniter\CodeIgniter->runController(Object(App\Controllers\Dashboard))
 8 SYSTEMPATH\CodeIgniter.php(340): CodeIgniter\CodeIgniter->handleRequest(null, Object(Config\Cache), false)
 9 SYSTEMPATH\Boot.php(417): CodeIgniter\CodeIgniter->run()
10 SYSTEMPATH\Boot.php(68): CodeIgniter\Boot::runCodeIgniter(Object(CodeIgniter\CodeIgniter))
11 FCPATH\index.php(59): CodeIgniter\Boot::bootWeb(Object(Config\Paths))
12 SYSTEMPATH\rewrite.php(44): require_once('C:\\xampp\\htdocs\\Web-Project\\public\\index.php')
DEBUG - 2026-05-14 01:34:54 --> Session: Class initialized using 'CodeIgniter\Session\Handlers\FileHandler' driver.
CRITICAL - 2026-05-14 01:34:54 --> ErrorException: Undefined array key "sku"
[Method: GET, Route: dashboard]
in APPPATH\Views\dashboard\index.php on line 65.
 1 APPPATH\Views\dashboard\index.php(65): CodeIgniter\Debug\Exceptions->errorHandler(2, 'Undefined array key "sku"', 'C:\\xampp\\htdocs\\Web-Project\\app\\Views\\dashboard\\index.php', 65)
 2 SYSTEMPATH\View\View.php(240): include('C:\\xampp\\htdocs\\Web-Project\\app\\Views\\dashboard\\index.php')
 3 SYSTEMPATH\View\View.php(243): CodeIgniter\View\View->CodeIgniter\View\{closure}()
 4 SYSTEMPATH\Common.php(1250): CodeIgniter\View\View->render('dashboard/index', [], true)
 5 APPPATH\Controllers\Dashboard.php(20): view('dashboard/index', [...])
 6 SYSTEMPATH\CodeIgniter.php(951): App\Controllers\Dashboard->index()
 7 SYSTEMPATH\CodeIgniter.php(497): CodeIgniter\CodeIgniter->runController(Object(App\Controllers\Dashboard))
 8 SYSTEMPATH\CodeIgniter.php(340): CodeIgniter\CodeIgniter->handleRequest(null, Object(Config\Cache), false)
 9 SYSTEMPATH\Boot.php(417): CodeIgniter\CodeIgniter->run()
10 SYSTEMPATH\Boot.php(68): CodeIgniter\Boot::runCodeIgniter(Object(CodeIgniter\CodeIgniter))
11 FCPATH\index.php(59): CodeIgniter\Boot::bootWeb(Object(Config\Paths))
12 SYSTEMPATH\rewrite.php(44): require_once('C:\\xampp\\htdocs\\Web-Project\\public\\index.php')
DEBUG - 2026-05-14 01:34:55 --> Session: Class initialized using 'CodeIgniter\Session\Handlers\FileHandler' driver.
CRITICAL - 2026-05-14 01:34:55 --> ErrorException: Undefined array key "sku"
[Method: GET, Route: dashboard]
in APPPATH\Views\dashboard\index.php on line 65.
 1 APPPATH\Views\dashboard\index.php(65): CodeIgniter\Debug\Exceptions->errorHandler(2, 'Undefined array key "sku"', 'C:\\xampp\\htdocs\\Web-Project\\app\\Views\\dashboard\\index.php', 65)
 2 SYSTEMPATH\View\View.php(240): include('C:\\xampp\\htdocs\\Web-Project\\app\\Views\\dashboard\\index.php')
 3 SYSTEMPATH\View\View.php(243): CodeIgniter\View\View->CodeIgniter\View\{closure}()
 4 SYSTEMPATH\Common.php(1250): CodeIgniter\View\View->render('dashboard/index', [], true)
 5 APPPATH\Controllers\Dashboard.php(20): view('dashboard/index', [...])
 6 SYSTEMPATH\CodeIgniter.php(951): App\Controllers\Dashboard->index()
 7 SYSTEMPATH\CodeIgniter.php(497): CodeIgniter\CodeIgniter->runController(Object(App\Controllers\Dashboard))
 8 SYSTEMPATH\CodeIgniter.php(340): CodeIgniter\CodeIgniter->handleRequest(null, Object(Config\Cache), false)
 9 SYSTEMPATH\Boot.php(417): CodeIgniter\CodeIgniter->run()
10 SYSTEMPATH\Boot.php(68): CodeIgniter\Boot::runCodeIgniter(Object(CodeIgniter\CodeIgniter))
11 FCPATH\index.php(59): CodeIgniter\Boot::bootWeb(Object(Config\Paths))
12 SYSTEMPATH\rewrite.php(44): require_once('C:\\xampp\\htdocs\\Web-Project\\public\\index.php')
DEBUG - 2026-05-14 01:34:56 --> Session: Class initialized using 'CodeIgniter\Session\Handlers\FileHandler' driver.
CRITICAL - 2026-05-14 01:34:56 --> ErrorException: Undefined array key "sku"
[Method: GET, Route: dashboard]
in APPPATH\Views\dashboard\index.php on line 65.
 1 APPPATH\Views\dashboard\index.php(65): CodeIgniter\Debug\Exceptions->errorHandler(2, 'Undefined array key "sku"', 'C:\\xampp\\htdocs\\Web-Project\\app\\Views\\dashboard\\index.php', 65)
 2 SYSTEMPATH\View\View.php(240): include('C:\\xampp\\htdocs\\Web-Project\\app\\Views\\dashboard\\index.php')
 3 SYSTEMPATH\View\View.php(243): CodeIgniter\View\View->CodeIgniter\View\{closure}()
 4 SYSTEMPATH\Common.php(1250): CodeIgniter\View\View->render('dashboard/index', [], true)
 5 APPPATH\Controllers\Dashboard.php(20): view('dashboard/index', [...])
 6 SYSTEMPATH\CodeIgniter.php(951): App\Controllers\Dashboard->index()
 7 SYSTEMPATH\CodeIgniter.php(497): CodeIgniter\CodeIgniter->runController(Object(App\Controllers\Dashboard))
 8 SYSTEMPATH\CodeIgniter.php(340): CodeIgniter\CodeIgniter->handleRequest(null, Object(Config\Cache), false)
 9 SYSTEMPATH\Boot.php(417): CodeIgniter\CodeIgniter->run()
10 SYSTEMPATH\Boot.php(68): CodeIgniter\Boot::runCodeIgniter(Object(CodeIgniter\CodeIgniter))
11 FCPATH\index.php(59): CodeIgniter\Boot::bootWeb(Object(Config\Paths))
12 SYSTEMPATH\rewrite.php(44): require_once('C:\\xampp\\htdocs\\Web-Project\\public\\index.php')
DEBUG - 2026-05-14 01:34:58 --> Session: Class initialized using 'CodeIgniter\Session\Handlers\FileHandler' driver.
CRITICAL - 2026-05-14 01:34:58 --> ErrorException: Undefined array key "sku"
[Method: GET, Route: dashboard]
in APPPATH\Views\dashboard\index.php on line 65.
 1 APPPATH\Views\dashboard\index.php(65): CodeIgniter\Debug\Exceptions->errorHandler(2, 'Undefined array key "sku"', 'C:\\xampp\\htdocs\\Web-Project\\app\\Views\\dashboard\\index.php', 65)
 2 SYSTEMPATH\View\View.php(240): include('C:\\xampp\\htdocs\\Web-Project\\app\\Views\\dashboard\\index.php')
 3 SYSTEMPATH\View\View.php(243): CodeIgniter\View\View->CodeIgniter\View\{closure}()
 4 SYSTEMPATH\Common.php(1250): CodeIgniter\View\View->render('dashboard/index', [], true)
 5 APPPATH\Controllers\Dashboard.php(20): view('dashboard/index', [...])
 6 SYSTEMPATH\CodeIgniter.php(951): App\Controllers\Dashboard->index()
 7 SYSTEMPATH\CodeIgniter.php(497): CodeIgniter\CodeIgniter->runController(Object(App\Controllers\Dashboard))
 8 SYSTEMPATH\CodeIgniter.php(340): CodeIgniter\CodeIgniter->handleRequest(null, Object(Config\Cache), false)
 9 SYSTEMPATH\Boot.php(417): CodeIgniter\CodeIgniter->run()
10 SYSTEMPATH\Boot.php(68): CodeIgniter\Boot::runCodeIgniter(Object(CodeIgniter\CodeIgniter))
11 FCPATH\index.php(59): CodeIgniter\Boot::bootWeb(Object(Config\Paths))
12 SYSTEMPATH\rewrite.php(44): require_once('C:\\xampp\\htdocs\\Web-Project\\public\\index.php')
DEBUG - 2026-05-14 01:34:59 --> Session: Class initialized using 'CodeIgniter\Session\Handlers\FileHandler' driver.
CRITICAL - 2026-05-14 01:34:59 --> ErrorException: Undefined array key "sku"
[Method: GET, Route: dashboard]
in APPPATH\Views\dashboard\index.php on line 65.
 1 APPPATH\Views\dashboard\index.php(65): CodeIgniter\Debug\Exceptions->errorHandler(2, 'Undefined array key "sku"', 'C:\\xampp\\htdocs\\Web-Project\\app\\Views\\dashboard\\index.php', 65)
 2 SYSTEMPATH\View\View.php(240): include('C:\\xampp\\htdocs\\Web-Project\\app\\Views\\dashboard\\index.php')
 3 SYSTEMPATH\View\View.php(243): CodeIgniter\View\View->CodeIgniter\View\{closure}()
 4 SYSTEMPATH\Common.php(1250): CodeIgniter\View\View->render('dashboard/index', [], true)
 5 APPPATH\Controllers\Dashboard.php(20): view('dashboard/index', [...])
 6 SYSTEMPATH\CodeIgniter.php(951): App\Controllers\Dashboard->index()
 7 SYSTEMPATH\CodeIgniter.php(497): CodeIgniter\CodeIgniter->runController(Object(App\Controllers\Dashboard))
 8 SYSTEMPATH\CodeIgniter.php(340): CodeIgniter\CodeIgniter->handleRequest(null, Object(Config\Cache), false)
 9 SYSTEMPATH\Boot.php(417): CodeIgniter\CodeIgniter->run()
10 SYSTEMPATH\Boot.php(68): CodeIgniter\Boot::runCodeIgniter(Object(CodeIgniter\CodeIgniter))
11 FCPATH\index.php(59): CodeIgniter\Boot::bootWeb(Object(Config\Paths))
12 SYSTEMPATH\rewrite.php(44): require_once('C:\\xampp\\htdocs\\Web-Project\\public\\index.php')
DEBUG - 2026-05-14 01:35:06 --> Session: Class initialized using 'CodeIgniter\Session\Handlers\FileHandler' driver.
DEBUG - 2026-05-14 01:35:16 --> Session: Class initialized using 'CodeIgniter\Session\Handlers\FileHandler' driver.
DEBUG - 2026-05-14 01:35:16 --> Session: Class initialized using 'CodeIgniter\Session\Handlers\FileHandler' driver.
DEBUG - 2026-05-14 01:35:28 --> Session: Class initialized using 'CodeIgniter\Session\Handlers\FileHandler' driver.
DEBUG - 2026-05-14 01:35:29 --> Session: Class initialized using 'CodeIgniter\Session\Handlers\FileHandler' driver.
CRITICAL - 2026-05-14 01:35:29 --> ErrorException: Undefined array key "sku"
[Method: GET, Route: dashboard]
in APPPATH\Views\dashboard\index.php on line 65.
 1 APPPATH\Views\dashboard\index.php(65): CodeIgniter\Debug\Exceptions->errorHandler(2, 'Undefined array key "sku"', 'C:\\xampp\\htdocs\\Web-Project\\app\\Views\\dashboard\\index.php', 65)
 2 SYSTEMPATH\View\View.php(240): include('C:\\xampp\\htdocs\\Web-Project\\app\\Views\\dashboard\\index.php')
 3 SYSTEMPATH\View\View.php(243): CodeIgniter\View\View->CodeIgniter\View\{closure}()
 4 SYSTEMPATH\Common.php(1250): CodeIgniter\View\View->render('dashboard/index', [], true)
 5 APPPATH\Controllers\Dashboard.php(20): view('dashboard/index', [...])
 6 SYSTEMPATH\CodeIgniter.php(951): App\Controllers\Dashboard->index()
 7 SYSTEMPATH\CodeIgniter.php(497): CodeIgniter\CodeIgniter->runController(Object(App\Controllers\Dashboard))
 8 SYSTEMPATH\CodeIgniter.php(340): CodeIgniter\CodeIgniter->handleRequest(null, Object(Config\Cache), false)
 9 SYSTEMPATH\Boot.php(417): CodeIgniter\CodeIgniter->run()
10 SYSTEMPATH\Boot.php(68): CodeIgniter\Boot::runCodeIgniter(Object(CodeIgniter\CodeIgniter))
11 FCPATH\index.php(59): CodeIgniter\Boot::bootWeb(Object(Config\Paths))
12 SYSTEMPATH\rewrite.php(44): require_once('C:\\xampp\\htdocs\\Web-Project\\public\\index.php')
DEBUG - 2026-05-14 01:38:28 --> Session: Class initialized using 'CodeIgniter\Session\Handlers\FileHandler' driver.
DEBUG - 2026-05-14 01:38:48 --> Session: Class initialized using 'CodeIgniter\Session\Handlers\FileHandler' driver.
DEBUG - 2026-05-14 01:38:50 --> Session: Class initialized using 'CodeIgniter\Session\Handlers\FileHandler' driver.
DEBUG - 2026-05-14 01:38:51 --> Session: Class initialized using 'CodeIgniter\Session\Handlers\FileHandler' driver.
DEBUG - 2026-05-14 01:38:52 --> Session: Class initialized using 'CodeIgniter\Session\Handlers\FileHandler' driver.
DEBUG - 2026-05-14 01:41:25 --> Session: Class initialized using 'CodeIgniter\Session\Handlers\FileHandler' driver.
DEBUG - 2026-05-14 01:41:35 --> Session: Class initialized using 'CodeIgniter\Session\Handlers\FileHandler' driver.
DEBUG - 2026-05-14 01:41:37 --> Session: Class initialized using 'CodeIgniter\Session\Handlers\FileHandler' driver.
DEBUG - 2026-05-14 01:41:49 --> Session: Class initialized using 'CodeIgniter\Session\Handlers\FileHandler' driver.
DEBUG - 2026-05-14 01:45:52 --> Session: Class initialized using 'CodeIgniter\Session\Handlers\FileHandler' driver.
DEBUG - 2026-05-14 01:45:58 --> Session: Class initialized using 'CodeIgniter\Session\Handlers\FileHandler' driver.
DEBUG - 2026-05-14 01:45:59 --> Session: Class initialized using 'CodeIgniter\Session\Handlers\FileHandler' driver.
DEBUG - 2026-05-14 01:46:02 --> Session: Class initialized using 'CodeIgniter\Session\Handlers\FileHandler' driver.
DEBUG - 2026-05-14 01:46:08 --> Session: Class initialized using 'CodeIgniter\Session\Handlers\FileHandler' driver.
DEBUG - 2026-05-14 01:46:14 --> Session: Class initialized using 'CodeIgniter\Session\Handlers\FileHandler' driver.
DEBUG - 2026-05-14 01:46:34 --> Session: Class initialized using 'CodeIgniter\Session\Handlers\FileHandler' driver.
DEBUG - 2026-05-14 01:46:35 --> Session: Class initialized using 'CodeIgniter\Session\Handlers\FileHandler' driver.
DEBUG - 2026-05-14 01:46:39 --> Session: Class initialized using 'CodeIgniter\Session\Handlers\FileHandler' driver.
DEBUG - 2026-05-14 01:47:33 --> Session: Class initialized using 'CodeIgniter\Session\Handlers\FileHandler' driver.
ERROR - 2026-05-14 01:47:33 --> Unknown column 'products.sku' in 'field list'
in SYSTEMPATH\Database\MySQLi\Connection.php on line 300.
 1 SYSTEMPATH\Database\MySQLi\Connection.php(300): mysqli->query('SELECT `inventory_logs`.*, `products`.`name` as `product_name`, `products`.`sku`
FROM `inventory_logs`
JOIN `products` ON `products`.`id` = `inventory_logs`.`product_id`
ORDER BY `inventory_logs`.`created_at` DESC', 0)
 2 SYSTEMPATH\Database\BaseConnection.php(910): CodeIgniter\Database\MySQLi\Connection->execute('SELECT `inventory_logs`.*, `products`.`name` as `product_name`, `products`.`sku`
FROM `inventory_logs`
JOIN `products` ON `products`.`id` = `inventory_logs`.`product_id`
ORDER BY `inventory_logs`.`created_at` DESC')
 3 SYSTEMPATH\Database\BaseConnection.php(827): CodeIgniter\Database\BaseConnection->simpleQuery('SELECT `inventory_logs`.*, `products`.`name` as `product_name`, `products`.`sku`
FROM `inventory_logs`
JOIN `products` ON `products`.`id` = `inventory_logs`.`product_id`
ORDER BY `inventory_logs`.`created_at` DESC')
 4 SYSTEMPATH\Database\BaseBuilder.php(1649): CodeIgniter\Database\BaseConnection->query('SELECT `inventory_logs`.*, `products`.`name` as `product_name`, `products`.`sku`
FROM `inventory_logs`
JOIN `products` ON `products`.`id` = `inventory_logs`.`product_id`
ORDER BY `inventory_logs`.`created_at` DESC', [], false)
 5 SYSTEMPATH\Model.php(253): CodeIgniter\Database\BaseBuilder->get()
 6 SYSTEMPATH\BaseModel.php(676): CodeIgniter\Model->doFindAll(0, 0)
 7 APPPATH\Models\InventoryModel.php(13): CodeIgniter\BaseModel->findAll()
 8 APPPATH\Controllers\Inventory.php(11): App\Models\InventoryModel->getLogs()
 9 SYSTEMPATH\CodeIgniter.php(951): App\Controllers\Inventory->index()
10 SYSTEMPATH\CodeIgniter.php(497): CodeIgniter\CodeIgniter->runController(Object(App\Controllers\Inventory))
11 SYSTEMPATH\CodeIgniter.php(340): CodeIgniter\CodeIgniter->handleRequest(null, Object(Config\Cache), false)
12 SYSTEMPATH\Boot.php(417): CodeIgniter\CodeIgniter->run()
13 SYSTEMPATH\Boot.php(68): CodeIgniter\Boot::runCodeIgniter(Object(CodeIgniter\CodeIgniter))
14 FCPATH\index.php(59): CodeIgniter\Boot::bootWeb(Object(Config\Paths))
15 SYSTEMPATH\rewrite.php(44): require_once('C:\\xampp\\htdocs\\Web-Project\\public\\index.php')
CRITICAL - 2026-05-14 01:47:33 --> CodeIgniter\Database\Exceptions\DatabaseException: Unknown column 'products.sku' in 'field list'
[Method: GET, Route: inventory]
in SYSTEMPATH\Database\BaseConnection.php on line 865.
 1 SYSTEMPATH\Database\BaseBuilder.php(1649): CodeIgniter\Database\BaseConnection->query('SELECT `inventory_logs`.*, `products`.`name` as `product_name`, `products`.`sku`
FROM `inventory_logs`
JOIN `products` ON `products`.`id` = `inventory_logs`.`product_id`
ORDER BY `inventory_logs`.`created_at` DESC', [], false)
 2 SYSTEMPATH\Model.php(253): CodeIgniter\Database\BaseBuilder->get()
 3 SYSTEMPATH\BaseModel.php(676): CodeIgniter\Model->doFindAll(0, 0)
 4 APPPATH\Models\InventoryModel.php(13): CodeIgniter\BaseModel->findAll()
 5 APPPATH\Controllers\Inventory.php(11): App\Models\InventoryModel->getLogs()
 6 SYSTEMPATH\CodeIgniter.php(951): App\Controllers\Inventory->index()
 7 SYSTEMPATH\CodeIgniter.php(497): CodeIgniter\CodeIgniter->runController(Object(App\Controllers\Inventory))
 8 SYSTEMPATH\CodeIgniter.php(340): CodeIgniter\CodeIgniter->handleRequest(null, Object(Config\Cache), false)
 9 SYSTEMPATH\Boot.php(417): CodeIgniter\CodeIgniter->run()
10 SYSTEMPATH\Boot.php(68): CodeIgniter\Boot::runCodeIgniter(Object(CodeIgniter\CodeIgniter))
11 FCPATH\index.php(59): CodeIgniter\Boot::bootWeb(Object(Config\Paths))
12 SYSTEMPATH\rewrite.php(44): require_once('C:\\xampp\\htdocs\\Web-Project\\public\\index.php')
CRITICAL - 2026-05-14 01:47:33 --> [Caused by] CodeIgniter\Database\Exceptions\DatabaseException: Unknown column 'products.sku' in 'field list'
in SYSTEMPATH\Database\MySQLi\Connection.php on line 310.
 1 SYSTEMPATH\Database\BaseConnection.php(910): CodeIgniter\Database\MySQLi\Connection->execute('SELECT `inventory_logs`.*, `products`.`name` as `product_name`, `products`.`sku`
FROM `inventory_logs`
JOIN `products` ON `products`.`id` = `inventory_logs`.`product_id`
ORDER BY `inventory_logs`.`created_at` DESC')
 2 SYSTEMPATH\Database\BaseConnection.php(827): CodeIgniter\Database\BaseConnection->simpleQuery('SELECT `inventory_logs`.*, `products`.`name` as `product_name`, `products`.`sku`
FROM `inventory_logs`
JOIN `products` ON `products`.`id` = `inventory_logs`.`product_id`
ORDER BY `inventory_logs`.`created_at` DESC')
 3 SYSTEMPATH\Database\BaseBuilder.php(1649): CodeIgniter\Database\BaseConnection->query('SELECT `inventory_logs`.*, `products`.`name` as `product_name`, `products`.`sku`
FROM `inventory_logs`
JOIN `products` ON `products`.`id` = `inventory_logs`.`product_id`
ORDER BY `inventory_logs`.`created_at` DESC', [], false)
 4 SYSTEMPATH\Model.php(253): CodeIgniter\Database\BaseBuilder->get()
 5 SYSTEMPATH\BaseModel.php(676): CodeIgniter\Model->doFindAll(0, 0)
 6 APPPATH\Models\InventoryModel.php(13): CodeIgniter\BaseModel->findAll()
 7 APPPATH\Controllers\Inventory.php(11): App\Models\InventoryModel->getLogs()
 8 SYSTEMPATH\CodeIgniter.php(951): App\Controllers\Inventory->index()
 9 SYSTEMPATH\CodeIgniter.php(497): CodeIgniter\CodeIgniter->runController(Object(App\Controllers\Inventory))
10 SYSTEMPATH\CodeIgniter.php(340): CodeIgniter\CodeIgniter->handleRequest(null, Object(Config\Cache), false)
11 SYSTEMPATH\Boot.php(417): CodeIgniter\CodeIgniter->run()
12 SYSTEMPATH\Boot.php(68): CodeIgniter\Boot::runCodeIgniter(Object(CodeIgniter\CodeIgniter))
13 FCPATH\index.php(59): CodeIgniter\Boot::bootWeb(Object(Config\Paths))
14 SYSTEMPATH\rewrite.php(44): require_once('C:\\xampp\\htdocs\\Web-Project\\public\\index.php')
CRITICAL - 2026-05-14 01:47:33 --> [Caused by] mysqli_sql_exception: Unknown column 'products.sku' in 'field list'
in SYSTEMPATH\Database\MySQLi\Connection.php on line 300.
 1 SYSTEMPATH\Database\MySQLi\Connection.php(300): mysqli->query('SELECT `inventory_logs`.*, `products`.`name` as `product_name`, `products`.`sku`
FROM `inventory_logs`
JOIN `products` ON `products`.`id` = `inventory_logs`.`product_id`
ORDER BY `inventory_logs`.`created_at` DESC', 0)
 2 SYSTEMPATH\Database\BaseConnection.php(910): CodeIgniter\Database\MySQLi\Connection->execute('SELECT `inventory_logs`.*, `products`.`name` as `product_name`, `products`.`sku`
FROM `inventory_logs`
JOIN `products` ON `products`.`id` = `inventory_logs`.`product_id`
ORDER BY `inventory_logs`.`created_at` DESC')
 3 SYSTEMPATH\Database\BaseConnection.php(827): CodeIgniter\Database\BaseConnection->simpleQuery('SELECT `inventory_logs`.*, `products`.`name` as `product_name`, `products`.`sku`
FROM `inventory_logs`
JOIN `products` ON `products`.`id` = `inventory_logs`.`product_id`
ORDER BY `inventory_logs`.`created_at` DESC')
 4 SYSTEMPATH\Database\BaseBuilder.php(1649): CodeIgniter\Database\BaseConnection->query('SELECT `inventory_logs`.*, `products`.`name` as `product_name`, `products`.`sku`
FROM `inventory_logs`
JOIN `products` ON `products`.`id` = `inventory_logs`.`product_id`
ORDER BY `inventory_logs`.`created_at` DESC', [], false)
 5 SYSTEMPATH\Model.php(253): CodeIgniter\Database\BaseBuilder->get()
 6 SYSTEMPATH\BaseModel.php(676): CodeIgniter\Model->doFindAll(0, 0)
 7 APPPATH\Models\InventoryModel.php(13): CodeIgniter\BaseModel->findAll()
 8 APPPATH\Controllers\Inventory.php(11): App\Models\InventoryModel->getLogs()
 9 SYSTEMPATH\CodeIgniter.php(951): App\Controllers\Inventory->index()
10 SYSTEMPATH\CodeIgniter.php(497): CodeIgniter\CodeIgniter->runController(Object(App\Controllers\Inventory))
11 SYSTEMPATH\CodeIgniter.php(340): CodeIgniter\CodeIgniter->handleRequest(null, Object(Config\Cache), false)
12 SYSTEMPATH\Boot.php(417): CodeIgniter\CodeIgniter->run()
13 SYSTEMPATH\Boot.php(68): CodeIgniter\Boot::runCodeIgniter(Object(CodeIgniter\CodeIgniter))
14 FCPATH\index.php(59): CodeIgniter\Boot::bootWeb(Object(Config\Paths))
15 SYSTEMPATH\rewrite.php(44): require_once('C:\\xampp\\htdocs\\Web-Project\\public\\index.php')
DEBUG - 2026-05-14 01:53:44 --> Session: Class initialized using 'CodeIgniter\Session\Handlers\FileHandler' driver.
ERROR - 2026-05-14 01:53:44 --> Unknown column 'products.sku' in 'field list'
in SYSTEMPATH\Database\MySQLi\Connection.php on line 300.
 1 SYSTEMPATH\Database\MySQLi\Connection.php(300): mysqli->query('SELECT `inventory_logs`.*, `products`.`name` as `product_name`, `products`.`sku`
FROM `inventory_logs`
JOIN `products` ON `products`.`id` = `inventory_logs`.`product_id`
ORDER BY `inventory_logs`.`created_at` DESC', 0)
 2 SYSTEMPATH\Database\BaseConnection.php(910): CodeIgniter\Database\MySQLi\Connection->execute('SELECT `inventory_logs`.*, `products`.`name` as `product_name`, `products`.`sku`
FROM `inventory_logs`
JOIN `products` ON `products`.`id` = `inventory_logs`.`product_id`
ORDER BY `inventory_logs`.`created_at` DESC')
 3 SYSTEMPATH\Database\BaseConnection.php(827): CodeIgniter\Database\BaseConnection->simpleQuery('SELECT `inventory_logs`.*, `products`.`name` as `product_name`, `products`.`sku`
FROM `inventory_logs`
JOIN `products` ON `products`.`id` = `inventory_logs`.`product_id`
ORDER BY `inventory_logs`.`created_at` DESC')
 4 SYSTEMPATH\Database\BaseBuilder.php(1649): CodeIgniter\Database\BaseConnection->query('SELECT `inventory_logs`.*, `products`.`name` as `product_name`, `products`.`sku`
FROM `inventory_logs`
JOIN `products` ON `products`.`id` = `inventory_logs`.`product_id`
ORDER BY `inventory_logs`.`created_at` DESC', [], false)
 5 SYSTEMPATH\Model.php(253): CodeIgniter\Database\BaseBuilder->get()
 6 SYSTEMPATH\BaseModel.php(676): CodeIgniter\Model->doFindAll(0, 0)
 7 APPPATH\Models\InventoryModel.php(13): CodeIgniter\BaseModel->findAll()
 8 APPPATH\Controllers\Inventory.php(11): App\Models\InventoryModel->getLogs()
 9 SYSTEMPATH\CodeIgniter.php(951): App\Controllers\Inventory->index()
10 SYSTEMPATH\CodeIgniter.php(497): CodeIgniter\CodeIgniter->runController(Object(App\Controllers\Inventory))
11 SYSTEMPATH\CodeIgniter.php(340): CodeIgniter\CodeIgniter->handleRequest(null, Object(Config\Cache), false)
12 SYSTEMPATH\Boot.php(417): CodeIgniter\CodeIgniter->run()
13 SYSTEMPATH\Boot.php(68): CodeIgniter\Boot::runCodeIgniter(Object(CodeIgniter\CodeIgniter))
14 FCPATH\index.php(59): CodeIgniter\Boot::bootWeb(Object(Config\Paths))
15 SYSTEMPATH\rewrite.php(44): require_once('C:\\xampp\\htdocs\\Web-Project\\public\\index.php')
CRITICAL - 2026-05-14 01:53:44 --> CodeIgniter\Database\Exceptions\DatabaseException: Unknown column 'products.sku' in 'field list'
[Method: GET, Route: inventory]
in SYSTEMPATH\Database\BaseConnection.php on line 865.
 1 SYSTEMPATH\Database\BaseBuilder.php(1649): CodeIgniter\Database\BaseConnection->query('SELECT `inventory_logs`.*, `products`.`name` as `product_name`, `products`.`sku`
FROM `inventory_logs`
JOIN `products` ON `products`.`id` = `inventory_logs`.`product_id`
ORDER BY `inventory_logs`.`created_at` DESC', [], false)
 2 SYSTEMPATH\Model.php(253): CodeIgniter\Database\BaseBuilder->get()
 3 SYSTEMPATH\BaseModel.php(676): CodeIgniter\Model->doFindAll(0, 0)
 4 APPPATH\Models\InventoryModel.php(13): CodeIgniter\BaseModel->findAll()
 5 APPPATH\Controllers\Inventory.php(11): App\Models\InventoryModel->getLogs()
 6 SYSTEMPATH\CodeIgniter.php(951): App\Controllers\Inventory->index()
 7 SYSTEMPATH\CodeIgniter.php(497): CodeIgniter\CodeIgniter->runController(Object(App\Controllers\Inventory))
 8 SYSTEMPATH\CodeIgniter.php(340): CodeIgniter\CodeIgniter->handleRequest(null, Object(Config\Cache), false)
 9 SYSTEMPATH\Boot.php(417): CodeIgniter\CodeIgniter->run()
10 SYSTEMPATH\Boot.php(68): CodeIgniter\Boot::runCodeIgniter(Object(CodeIgniter\CodeIgniter))
11 FCPATH\index.php(59): CodeIgniter\Boot::bootWeb(Object(Config\Paths))
12 SYSTEMPATH\rewrite.php(44): require_once('C:\\xampp\\htdocs\\Web-Project\\public\\index.php')
CRITICAL - 2026-05-14 01:53:44 --> [Caused by] CodeIgniter\Database\Exceptions\DatabaseException: Unknown column 'products.sku' in 'field list'
in SYSTEMPATH\Database\MySQLi\Connection.php on line 310.
 1 SYSTEMPATH\Database\BaseConnection.php(910): CodeIgniter\Database\MySQLi\Connection->execute('SELECT `inventory_logs`.*, `products`.`name` as `product_name`, `products`.`sku`
FROM `inventory_logs`
JOIN `products` ON `products`.`id` = `inventory_logs`.`product_id`
ORDER BY `inventory_logs`.`created_at` DESC')
 2 SYSTEMPATH\Database\BaseConnection.php(827): CodeIgniter\Database\BaseConnection->simpleQuery('SELECT `inventory_logs`.*, `products`.`name` as `product_name`, `products`.`sku`
FROM `inventory_logs`
JOIN `products` ON `products`.`id` = `inventory_logs`.`product_id`
ORDER BY `inventory_logs`.`created_at` DESC')
 3 SYSTEMPATH\Database\BaseBuilder.php(1649): CodeIgniter\Database\BaseConnection->query('SELECT `inventory_logs`.*, `products`.`name` as `product_name`, `products`.`sku`
FROM `inventory_logs`
JOIN `products` ON `products`.`id` = `inventory_logs`.`product_id`
ORDER BY `inventory_logs`.`created_at` DESC', [], false)
 4 SYSTEMPATH\Model.php(253): CodeIgniter\Database\BaseBuilder->get()
 5 SYSTEMPATH\BaseModel.php(676): CodeIgniter\Model->doFindAll(0, 0)
 6 APPPATH\Models\InventoryModel.php(13): CodeIgniter\BaseModel->findAll()
 7 APPPATH\Controllers\Inventory.php(11): App\Models\InventoryModel->getLogs()
 8 SYSTEMPATH\CodeIgniter.php(951): App\Controllers\Inventory->index()
 9 SYSTEMPATH\CodeIgniter.php(497): CodeIgniter\CodeIgniter->runController(Object(App\Controllers\Inventory))
10 SYSTEMPATH\CodeIgniter.php(340): CodeIgniter\CodeIgniter->handleRequest(null, Object(Config\Cache), false)
11 SYSTEMPATH\Boot.php(417): CodeIgniter\CodeIgniter->run()
12 SYSTEMPATH\Boot.php(68): CodeIgniter\Boot::runCodeIgniter(Object(CodeIgniter\CodeIgniter))
13 FCPATH\index.php(59): CodeIgniter\Boot::bootWeb(Object(Config\Paths))
14 SYSTEMPATH\rewrite.php(44): require_once('C:\\xampp\\htdocs\\Web-Project\\public\\index.php')
CRITICAL - 2026-05-14 01:53:44 --> [Caused by] mysqli_sql_exception: Unknown column 'products.sku' in 'field list'
in SYSTEMPATH\Database\MySQLi\Connection.php on line 300.
 1 SYSTEMPATH\Database\MySQLi\Connection.php(300): mysqli->query('SELECT `inventory_logs`.*, `products`.`name` as `product_name`, `products`.`sku`
FROM `inventory_logs`
JOIN `products` ON `products`.`id` = `inventory_logs`.`product_id`
ORDER BY `inventory_logs`.`created_at` DESC', 0)
 2 SYSTEMPATH\Database\BaseConnection.php(910): CodeIgniter\Database\MySQLi\Connection->execute('SELECT `inventory_logs`.*, `products`.`name` as `product_name`, `products`.`sku`
FROM `inventory_logs`
JOIN `products` ON `products`.`id` = `inventory_logs`.`product_id`
ORDER BY `inventory_logs`.`created_at` DESC')
 3 SYSTEMPATH\Database\BaseConnection.php(827): CodeIgniter\Database\BaseConnection->simpleQuery('SELECT `inventory_logs`.*, `products`.`name` as `product_name`, `products`.`sku`
FROM `inventory_logs`
JOIN `products` ON `products`.`id` = `inventory_logs`.`product_id`
ORDER BY `inventory_logs`.`created_at` DESC')
 4 SYSTEMPATH\Database\BaseBuilder.php(1649): CodeIgniter\Database\BaseConnection->query('SELECT `inventory_logs`.*, `products`.`name` as `product_name`, `products`.`sku`
FROM `inventory_logs`
JOIN `products` ON `products`.`id` = `inventory_logs`.`product_id`
ORDER BY `inventory_logs`.`created_at` DESC', [], false)
 5 SYSTEMPATH\Model.php(253): CodeIgniter\Database\BaseBuilder->get()
 6 SYSTEMPATH\BaseModel.php(676): CodeIgniter\Model->doFindAll(0, 0)
 7 APPPATH\Models\InventoryModel.php(13): CodeIgniter\BaseModel->findAll()
 8 APPPATH\Controllers\Inventory.php(11): App\Models\InventoryModel->getLogs()
 9 SYSTEMPATH\CodeIgniter.php(951): App\Controllers\Inventory->index()
10 SYSTEMPATH\CodeIgniter.php(497): CodeIgniter\CodeIgniter->runController(Object(App\Controllers\Inventory))
11 SYSTEMPATH\CodeIgniter.php(340): CodeIgniter\CodeIgniter->handleRequest(null, Object(Config\Cache), false)
12 SYSTEMPATH\Boot.php(417): CodeIgniter\CodeIgniter->run()
13 SYSTEMPATH\Boot.php(68): CodeIgniter\Boot::runCodeIgniter(Object(CodeIgniter\CodeIgniter))
14 FCPATH\index.php(59): CodeIgniter\Boot::bootWeb(Object(Config\Paths))
15 SYSTEMPATH\rewrite.php(44): require_once('C:\\xampp\\htdocs\\Web-Project\\public\\index.php')
DEBUG - 2026-05-14 01:53:45 --> Session: Class initialized using 'CodeIgniter\Session\Handlers\FileHandler' driver.
ERROR - 2026-05-14 01:53:46 --> Unknown column 'products.sku' in 'field list'
in SYSTEMPATH\Database\MySQLi\Connection.php on line 300.
 1 SYSTEMPATH\Database\MySQLi\Connection.php(300): mysqli->query('SELECT `inventory_logs`.*, `products`.`name` as `product_name`, `products`.`sku`
FROM `inventory_logs`
JOIN `products` ON `products`.`id` = `inventory_logs`.`product_id`
ORDER BY `inventory_logs`.`created_at` DESC', 0)
 2 SYSTEMPATH\Database\BaseConnection.php(910): CodeIgniter\Database\MySQLi\Connection->execute('SELECT `inventory_logs`.*, `products`.`name` as `product_name`, `products`.`sku`
FROM `inventory_logs`
JOIN `products` ON `products`.`id` = `inventory_logs`.`product_id`
ORDER BY `inventory_logs`.`created_at` DESC')
 3 SYSTEMPATH\Database\BaseConnection.php(827): CodeIgniter\Database\BaseConnection->simpleQuery('SELECT `inventory_logs`.*, `products`.`name` as `product_name`, `products`.`sku`
FROM `inventory_logs`
JOIN `products` ON `products`.`id` = `inventory_logs`.`product_id`
ORDER BY `inventory_logs`.`created_at` DESC')
 4 SYSTEMPATH\Database\BaseBuilder.php(1649): CodeIgniter\Database\BaseConnection->query('SELECT `inventory_logs`.*, `products`.`name` as `product_name`, `products`.`sku`
FROM `inventory_logs`
JOIN `products` ON `products`.`id` = `inventory_logs`.`product_id`
ORDER BY `inventory_logs`.`created_at` DESC', [], false)
 5 SYSTEMPATH\Model.php(253): CodeIgniter\Database\BaseBuilder->get()
 6 SYSTEMPATH\BaseModel.php(676): CodeIgniter\Model->doFindAll(0, 0)
 7 APPPATH\Models\InventoryModel.php(13): CodeIgniter\BaseModel->findAll()
 8 APPPATH\Controllers\Inventory.php(11): App\Models\InventoryModel->getLogs()
 9 SYSTEMPATH\CodeIgniter.php(951): App\Controllers\Inventory->index()
10 SYSTEMPATH\CodeIgniter.php(497): CodeIgniter\CodeIgniter->runController(Object(App\Controllers\Inventory))
11 SYSTEMPATH\CodeIgniter.php(340): CodeIgniter\CodeIgniter->handleRequest(null, Object(Config\Cache), false)
12 SYSTEMPATH\Boot.php(417): CodeIgniter\CodeIgniter->run()
13 SYSTEMPATH\Boot.php(68): CodeIgniter\Boot::runCodeIgniter(Object(CodeIgniter\CodeIgniter))
14 FCPATH\index.php(59): CodeIgniter\Boot::bootWeb(Object(Config\Paths))
15 SYSTEMPATH\rewrite.php(44): require_once('C:\\xampp\\htdocs\\Web-Project\\public\\index.php')
CRITICAL - 2026-05-14 01:53:46 --> CodeIgniter\Database\Exceptions\DatabaseException: Unknown column 'products.sku' in 'field list'
[Method: GET, Route: inventory]
in SYSTEMPATH\Database\BaseConnection.php on line 865.
 1 SYSTEMPATH\Database\BaseBuilder.php(1649): CodeIgniter\Database\BaseConnection->query('SELECT `inventory_logs`.*, `products`.`name` as `product_name`, `products`.`sku`
FROM `inventory_logs`
JOIN `products` ON `products`.`id` = `inventory_logs`.`product_id`
ORDER BY `inventory_logs`.`created_at` DESC', [], false)
 2 SYSTEMPATH\Model.php(253): CodeIgniter\Database\BaseBuilder->get()
 3 SYSTEMPATH\BaseModel.php(676): CodeIgniter\Model->doFindAll(0, 0)
 4 APPPATH\Models\InventoryModel.php(13): CodeIgniter\BaseModel->findAll()
 5 APPPATH\Controllers\Inventory.php(11): App\Models\InventoryModel->getLogs()
 6 SYSTEMPATH\CodeIgniter.php(951): App\Controllers\Inventory->index()
 7 SYSTEMPATH\CodeIgniter.php(497): CodeIgniter\CodeIgniter->runController(Object(App\Controllers\Inventory))
 8 SYSTEMPATH\CodeIgniter.php(340): CodeIgniter\CodeIgniter->handleRequest(null, Object(Config\Cache), false)
 9 SYSTEMPATH\Boot.php(417): CodeIgniter\CodeIgniter->run()
10 SYSTEMPATH\Boot.php(68): CodeIgniter\Boot::runCodeIgniter(Object(CodeIgniter\CodeIgniter))
11 FCPATH\index.php(59): CodeIgniter\Boot::bootWeb(Object(Config\Paths))
12 SYSTEMPATH\rewrite.php(44): require_once('C:\\xampp\\htdocs\\Web-Project\\public\\index.php')
CRITICAL - 2026-05-14 01:53:46 --> [Caused by] CodeIgniter\Database\Exceptions\DatabaseException: Unknown column 'products.sku' in 'field list'
in SYSTEMPATH\Database\MySQLi\Connection.php on line 310.
 1 SYSTEMPATH\Database\BaseConnection.php(910): CodeIgniter\Database\MySQLi\Connection->execute('SELECT `inventory_logs`.*, `products`.`name` as `product_name`, `products`.`sku`
FROM `inventory_logs`
JOIN `products` ON `products`.`id` = `inventory_logs`.`product_id`
ORDER BY `inventory_logs`.`created_at` DESC')
 2 SYSTEMPATH\Database\BaseConnection.php(827): CodeIgniter\Database\BaseConnection->simpleQuery('SELECT `inventory_logs`.*, `products`.`name` as `product_name`, `products`.`sku`
FROM `inventory_logs`
JOIN `products` ON `products`.`id` = `inventory_logs`.`product_id`
ORDER BY `inventory_logs`.`created_at` DESC')
 3 SYSTEMPATH\Database\BaseBuilder.php(1649): CodeIgniter\Database\BaseConnection->query('SELECT `inventory_logs`.*, `products`.`name` as `product_name`, `products`.`sku`
FROM `inventory_logs`
JOIN `products` ON `products`.`id` = `inventory_logs`.`product_id`
ORDER BY `inventory_logs`.`created_at` DESC', [], false)
 4 SYSTEMPATH\Model.php(253): CodeIgniter\Database\BaseBuilder->get()
 5 SYSTEMPATH\BaseModel.php(676): CodeIgniter\Model->doFindAll(0, 0)
 6 APPPATH\Models\InventoryModel.php(13): CodeIgniter\BaseModel->findAll()
 7 APPPATH\Controllers\Inventory.php(11): App\Models\InventoryModel->getLogs()
 8 SYSTEMPATH\CodeIgniter.php(951): App\Controllers\Inventory->index()
 9 SYSTEMPATH\CodeIgniter.php(497): CodeIgniter\CodeIgniter->runController(Object(App\Controllers\Inventory))
10 SYSTEMPATH\CodeIgniter.php(340): CodeIgniter\CodeIgniter->handleRequest(null, Object(Config\Cache), false)
11 SYSTEMPATH\Boot.php(417): CodeIgniter\CodeIgniter->run()
12 SYSTEMPATH\Boot.php(68): CodeIgniter\Boot::runCodeIgniter(Object(CodeIgniter\CodeIgniter))
13 FCPATH\index.php(59): CodeIgniter\Boot::bootWeb(Object(Config\Paths))
14 SYSTEMPATH\rewrite.php(44): require_once('C:\\xampp\\htdocs\\Web-Project\\public\\index.php')
CRITICAL - 2026-05-14 01:53:46 --> [Caused by] mysqli_sql_exception: Unknown column 'products.sku' in 'field list'
in SYSTEMPATH\Database\MySQLi\Connection.php on line 300.
 1 SYSTEMPATH\Database\MySQLi\Connection.php(300): mysqli->query('SELECT `inventory_logs`.*, `products`.`name` as `product_name`, `products`.`sku`
FROM `inventory_logs`
JOIN `products` ON `products`.`id` = `inventory_logs`.`product_id`
ORDER BY `inventory_logs`.`created_at` DESC', 0)
 2 SYSTEMPATH\Database\BaseConnection.php(910): CodeIgniter\Database\MySQLi\Connection->execute('SELECT `inventory_logs`.*, `products`.`name` as `product_name`, `products`.`sku`
FROM `inventory_logs`
JOIN `products` ON `products`.`id` = `inventory_logs`.`product_id`
ORDER BY `inventory_logs`.`created_at` DESC')
 3 SYSTEMPATH\Database\BaseConnection.php(827): CodeIgniter\Database\BaseConnection->simpleQuery('SELECT `inventory_logs`.*, `products`.`name` as `product_name`, `products`.`sku`
FROM `inventory_logs`
JOIN `products` ON `products`.`id` = `inventory_logs`.`product_id`
ORDER BY `inventory_logs`.`created_at` DESC')
 4 SYSTEMPATH\Database\BaseBuilder.php(1649): CodeIgniter\Database\BaseConnection->query('SELECT `inventory_logs`.*, `products`.`name` as `product_name`, `products`.`sku`
FROM `inventory_logs`
JOIN `products` ON `products`.`id` = `inventory_logs`.`product_id`
ORDER BY `inventory_logs`.`created_at` DESC', [], false)
 5 SYSTEMPATH\Model.php(253): CodeIgniter\Database\BaseBuilder->get()
 6 SYSTEMPATH\BaseModel.php(676): CodeIgniter\Model->doFindAll(0, 0)
 7 APPPATH\Models\InventoryModel.php(13): CodeIgniter\BaseModel->findAll()
 8 APPPATH\Controllers\Inventory.php(11): App\Models\InventoryModel->getLogs()
 9 SYSTEMPATH\CodeIgniter.php(951): App\Controllers\Inventory->index()
10 SYSTEMPATH\CodeIgniter.php(497): CodeIgniter\CodeIgniter->runController(Object(App\Controllers\Inventory))
11 SYSTEMPATH\CodeIgniter.php(340): CodeIgniter\CodeIgniter->handleRequest(null, Object(Config\Cache), false)
12 SYSTEMPATH\Boot.php(417): CodeIgniter\CodeIgniter->run()
13 SYSTEMPATH\Boot.php(68): CodeIgniter\Boot::runCodeIgniter(Object(CodeIgniter\CodeIgniter))
14 FCPATH\index.php(59): CodeIgniter\Boot::bootWeb(Object(Config\Paths))
15 SYSTEMPATH\rewrite.php(44): require_once('C:\\xampp\\htdocs\\Web-Project\\public\\index.php')
DEBUG - 2026-05-14 01:53:46 --> Session: Class initialized using 'CodeIgniter\Session\Handlers\FileHandler' driver.
ERROR - 2026-05-14 01:53:46 --> Unknown column 'products.sku' in 'field list'
in SYSTEMPATH\Database\MySQLi\Connection.php on line 300.
 1 SYSTEMPATH\Database\MySQLi\Connection.php(300): mysqli->query('SELECT `inventory_logs`.*, `products`.`name` as `product_name`, `products`.`sku`
FROM `inventory_logs`
JOIN `products` ON `products`.`id` = `inventory_logs`.`product_id`
ORDER BY `inventory_logs`.`created_at` DESC', 0)
 2 SYSTEMPATH\Database\BaseConnection.php(910): CodeIgniter\Database\MySQLi\Connection->execute('SELECT `inventory_logs`.*, `products`.`name` as `product_name`, `products`.`sku`
FROM `inventory_logs`
JOIN `products` ON `products`.`id` = `inventory_logs`.`product_id`
ORDER BY `inventory_logs`.`created_at` DESC')
 3 SYSTEMPATH\Database\BaseConnection.php(827): CodeIgniter\Database\BaseConnection->simpleQuery('SELECT `inventory_logs`.*, `products`.`name` as `product_name`, `products`.`sku`
FROM `inventory_logs`
JOIN `products` ON `products`.`id` = `inventory_logs`.`product_id`
ORDER BY `inventory_logs`.`created_at` DESC')
 4 SYSTEMPATH\Database\BaseBuilder.php(1649): CodeIgniter\Database\BaseConnection->query('SELECT `inventory_logs`.*, `products`.`name` as `product_name`, `products`.`sku`
FROM `inventory_logs`
JOIN `products` ON `products`.`id` = `inventory_logs`.`product_id`
ORDER BY `inventory_logs`.`created_at` DESC', [], false)
 5 SYSTEMPATH\Model.php(253): CodeIgniter\Database\BaseBuilder->get()
 6 SYSTEMPATH\BaseModel.php(676): CodeIgniter\Model->doFindAll(0, 0)
 7 APPPATH\Models\InventoryModel.php(13): CodeIgniter\BaseModel->findAll()
 8 APPPATH\Controllers\Inventory.php(11): App\Models\InventoryModel->getLogs()
 9 SYSTEMPATH\CodeIgniter.php(951): App\Controllers\Inventory->index()
10 SYSTEMPATH\CodeIgniter.php(497): CodeIgniter\CodeIgniter->runController(Object(App\Controllers\Inventory))
11 SYSTEMPATH\CodeIgniter.php(340): CodeIgniter\CodeIgniter->handleRequest(null, Object(Config\Cache), false)
12 SYSTEMPATH\Boot.php(417): CodeIgniter\CodeIgniter->run()
13 SYSTEMPATH\Boot.php(68): CodeIgniter\Boot::runCodeIgniter(Object(CodeIgniter\CodeIgniter))
14 FCPATH\index.php(59): CodeIgniter\Boot::bootWeb(Object(Config\Paths))
15 SYSTEMPATH\rewrite.php(44): require_once('C:\\xampp\\htdocs\\Web-Project\\public\\index.php')
CRITICAL - 2026-05-14 01:53:46 --> CodeIgniter\Database\Exceptions\DatabaseException: Unknown column 'products.sku' in 'field list'
[Method: GET, Route: inventory]
in SYSTEMPATH\Database\BaseConnection.php on line 865.
 1 SYSTEMPATH\Database\BaseBuilder.php(1649): CodeIgniter\Database\BaseConnection->query('SELECT `inventory_logs`.*, `products`.`name` as `product_name`, `products`.`sku`
FROM `inventory_logs`
JOIN `products` ON `products`.`id` = `inventory_logs`.`product_id`
ORDER BY `inventory_logs`.`created_at` DESC', [], false)
 2 SYSTEMPATH\Model.php(253): CodeIgniter\Database\BaseBuilder->get()
 3 SYSTEMPATH\BaseModel.php(676): CodeIgniter\Model->doFindAll(0, 0)
 4 APPPATH\Models\InventoryModel.php(13): CodeIgniter\BaseModel->findAll()
 5 APPPATH\Controllers\Inventory.php(11): App\Models\InventoryModel->getLogs()
 6 SYSTEMPATH\CodeIgniter.php(951): App\Controllers\Inventory->index()
 7 SYSTEMPATH\CodeIgniter.php(497): CodeIgniter\CodeIgniter->runController(Object(App\Controllers\Inventory))
 8 SYSTEMPATH\CodeIgniter.php(340): CodeIgniter\CodeIgniter->handleRequest(null, Object(Config\Cache), false)
 9 SYSTEMPATH\Boot.php(417): CodeIgniter\CodeIgniter->run()
10 SYSTEMPATH\Boot.php(68): CodeIgniter\Boot::runCodeIgniter(Object(CodeIgniter\CodeIgniter))
11 FCPATH\index.php(59): CodeIgniter\Boot::bootWeb(Object(Config\Paths))
12 SYSTEMPATH\rewrite.php(44): require_once('C:\\xampp\\htdocs\\Web-Project\\public\\index.php')
CRITICAL - 2026-05-14 01:53:46 --> [Caused by] CodeIgniter\Database\Exceptions\DatabaseException: Unknown column 'products.sku' in 'field list'
in SYSTEMPATH\Database\MySQLi\Connection.php on line 310.
 1 SYSTEMPATH\Database\BaseConnection.php(910): CodeIgniter\Database\MySQLi\Connection->execute('SELECT `inventory_logs`.*, `products`.`name` as `product_name`, `products`.`sku`
FROM `inventory_logs`
JOIN `products` ON `products`.`id` = `inventory_logs`.`product_id`
ORDER BY `inventory_logs`.`created_at` DESC')
 2 SYSTEMPATH\Database\BaseConnection.php(827): CodeIgniter\Database\BaseConnection->simpleQuery('SELECT `inventory_logs`.*, `products`.`name` as `product_name`, `products`.`sku`
FROM `inventory_logs`
JOIN `products` ON `products`.`id` = `inventory_logs`.`product_id`
ORDER BY `inventory_logs`.`created_at` DESC')
 3 SYSTEMPATH\Database\BaseBuilder.php(1649): CodeIgniter\Database\BaseConnection->query('SELECT `inventory_logs`.*, `products`.`name` as `product_name`, `products`.`sku`
FROM `inventory_logs`
JOIN `products` ON `products`.`id` = `inventory_logs`.`product_id`
ORDER BY `inventory_logs`.`created_at` DESC', [], false)
 4 SYSTEMPATH\Model.php(253): CodeIgniter\Database\BaseBuilder->get()
 5 SYSTEMPATH\BaseModel.php(676): CodeIgniter\Model->doFindAll(0, 0)
 6 APPPATH\Models\InventoryModel.php(13): CodeIgniter\BaseModel->findAll()
 7 APPPATH\Controllers\Inventory.php(11): App\Models\InventoryModel->getLogs()
 8 SYSTEMPATH\CodeIgniter.php(951): App\Controllers\Inventory->index()
 9 SYSTEMPATH\CodeIgniter.php(497): CodeIgniter\CodeIgniter->runController(Object(App\Controllers\Inventory))
10 SYSTEMPATH\CodeIgniter.php(340): CodeIgniter\CodeIgniter->handleRequest(null, Object(Config\Cache), false)
11 SYSTEMPATH\Boot.php(417): CodeIgniter\CodeIgniter->run()
12 SYSTEMPATH\Boot.php(68): CodeIgniter\Boot::runCodeIgniter(Object(CodeIgniter\CodeIgniter))
13 FCPATH\index.php(59): CodeIgniter\Boot::bootWeb(Object(Config\Paths))
14 SYSTEMPATH\rewrite.php(44): require_once('C:\\xampp\\htdocs\\Web-Project\\public\\index.php')
CRITICAL - 2026-05-14 01:53:46 --> [Caused by] mysqli_sql_exception: Unknown column 'products.sku' in 'field list'
in SYSTEMPATH\Database\MySQLi\Connection.php on line 300.
 1 SYSTEMPATH\Database\MySQLi\Connection.php(300): mysqli->query('SELECT `inventory_logs`.*, `products`.`name` as `product_name`, `products`.`sku`
FROM `inventory_logs`
JOIN `products` ON `products`.`id` = `inventory_logs`.`product_id`
ORDER BY `inventory_logs`.`created_at` DESC', 0)
 2 SYSTEMPATH\Database\BaseConnection.php(910): CodeIgniter\Database\MySQLi\Connection->execute('SELECT `inventory_logs`.*, `products`.`name` as `product_name`, `products`.`sku`
FROM `inventory_logs`
JOIN `products` ON `products`.`id` = `inventory_logs`.`product_id`
ORDER BY `inventory_logs`.`created_at` DESC')
 3 SYSTEMPATH\Database\BaseConnection.php(827): CodeIgniter\Database\BaseConnection->simpleQuery('SELECT `inventory_logs`.*, `products`.`name` as `product_name`, `products`.`sku`
FROM `inventory_logs`
JOIN `products` ON `products`.`id` = `inventory_logs`.`product_id`
ORDER BY `inventory_logs`.`created_at` DESC')
 4 SYSTEMPATH\Database\BaseBuilder.php(1649): CodeIgniter\Database\BaseConnection->query('SELECT `inventory_logs`.*, `products`.`name` as `product_name`, `products`.`sku`
FROM `inventory_logs`
JOIN `products` ON `products`.`id` = `inventory_logs`.`product_id`
ORDER BY `inventory_logs`.`created_at` DESC', [], false)
 5 SYSTEMPATH\Model.php(253): CodeIgniter\Database\BaseBuilder->get()
 6 SYSTEMPATH\BaseModel.php(676): CodeIgniter\Model->doFindAll(0, 0)
 7 APPPATH\Models\InventoryModel.php(13): CodeIgniter\BaseModel->findAll()
 8 APPPATH\Controllers\Inventory.php(11): App\Models\InventoryModel->getLogs()
 9 SYSTEMPATH\CodeIgniter.php(951): App\Controllers\Inventory->index()
10 SYSTEMPATH\CodeIgniter.php(497): CodeIgniter\CodeIgniter->runController(Object(App\Controllers\Inventory))
11 SYSTEMPATH\CodeIgniter.php(340): CodeIgniter\CodeIgniter->handleRequest(null, Object(Config\Cache), false)
12 SYSTEMPATH\Boot.php(417): CodeIgniter\CodeIgniter->run()
13 SYSTEMPATH\Boot.php(68): CodeIgniter\Boot::runCodeIgniter(Object(CodeIgniter\CodeIgniter))
14 FCPATH\index.php(59): CodeIgniter\Boot::bootWeb(Object(Config\Paths))
15 SYSTEMPATH\rewrite.php(44): require_once('C:\\xampp\\htdocs\\Web-Project\\public\\index.php')
DEBUG - 2026-05-14 01:59:32 --> Session: Class initialized using 'CodeIgniter\Session\Handlers\FileHandler' driver.
DEBUG - 2026-05-14 01:59:34 --> Session: Class initialized using 'CodeIgniter\Session\Handlers\FileHandler' driver.
ERROR - 2026-05-14 01:59:34 --> You have an error in your SQL syntax; check the manual that corresponds to your MariaDB server version for the right syntax to use near 'FROM `inventory_logs`
JOIN `products` ON `products`.`id` = `inventory_logs`.`...' at line 2
in SYSTEMPATH\Database\MySQLi\Connection.php on line 300.
 1 SYSTEMPATH\Database\MySQLi\Connection.php(300): mysqli->query('SELECT `inventory_logs`.*, `products`.`name` as `product_name`, `products`.
FROM `inventory_logs`
JOIN `products` ON `products`.`id` = `inventory_logs`.`product_id`
ORDER BY `inventory_logs`.`created_at` DESC', 0)
 2 SYSTEMPATH\Database\BaseConnection.php(910): CodeIgniter\Database\MySQLi\Connection->execute('SELECT `inventory_logs`.*, `products`.`name` as `product_name`, `products`.
FROM `inventory_logs`
JOIN `products` ON `products`.`id` = `inventory_logs`.`product_id`
ORDER BY `inventory_logs`.`created_at` DESC')
 3 SYSTEMPATH\Database\BaseConnection.php(827): CodeIgniter\Database\BaseConnection->simpleQuery('SELECT `inventory_logs`.*, `products`.`name` as `product_name`, `products`.
FROM `inventory_logs`
JOIN `products` ON `products`.`id` = `inventory_logs`.`product_id`
ORDER BY `inventory_logs`.`created_at` DESC')
 4 SYSTEMPATH\Database\BaseBuilder.php(1649): CodeIgniter\Database\BaseConnection->query('SELECT `inventory_logs`.*, `products`.`name` as `product_name`, `products`.
FROM `inventory_logs`
JOIN `products` ON `products`.`id` = `inventory_logs`.`product_id`
ORDER BY `inventory_logs`.`created_at` DESC', [], false)
 5 SYSTEMPATH\Model.php(253): CodeIgniter\Database\BaseBuilder->get()
 6 SYSTEMPATH\BaseModel.php(676): CodeIgniter\Model->doFindAll(0, 0)
 7 APPPATH\Models\InventoryModel.php(13): CodeIgniter\BaseModel->findAll()
 8 APPPATH\Controllers\Inventory.php(11): App\Models\InventoryModel->getLogs()
 9 SYSTEMPATH\CodeIgniter.php(951): App\Controllers\Inventory->index()
10 SYSTEMPATH\CodeIgniter.php(497): CodeIgniter\CodeIgniter->runController(Object(App\Controllers\Inventory))
11 SYSTEMPATH\CodeIgniter.php(340): CodeIgniter\CodeIgniter->handleRequest(null, Object(Config\Cache), false)
12 SYSTEMPATH\Boot.php(417): CodeIgniter\CodeIgniter->run()
13 SYSTEMPATH\Boot.php(68): CodeIgniter\Boot::runCodeIgniter(Object(CodeIgniter\CodeIgniter))
14 FCPATH\index.php(59): CodeIgniter\Boot::bootWeb(Object(Config\Paths))
15 SYSTEMPATH\rewrite.php(44): require_once('C:\\xampp\\htdocs\\Web-Project\\public\\index.php')
CRITICAL - 2026-05-14 01:59:34 --> CodeIgniter\Database\Exceptions\DatabaseException: You have an error in your SQL syntax; check the manual that corresponds to your MariaDB server version for the right syntax to use near 'FROM `inventory_logs`
JOIN `products` ON `products`.`id` = `inventory_logs`.`...' at line 2
[Method: GET, Route: inventory]
in SYSTEMPATH\Database\BaseConnection.php on line 865.
 1 SYSTEMPATH\Database\BaseBuilder.php(1649): CodeIgniter\Database\BaseConnection->query('SELECT `inventory_logs`.*, `products`.`name` as `product_name`, `products`.
FROM `inventory_logs`
JOIN `products` ON `products`.`id` = `inventory_logs`.`product_id`
ORDER BY `inventory_logs`.`created_at` DESC', [], false)
 2 SYSTEMPATH\Model.php(253): CodeIgniter\Database\BaseBuilder->get()
 3 SYSTEMPATH\BaseModel.php(676): CodeIgniter\Model->doFindAll(0, 0)
 4 APPPATH\Models\InventoryModel.php(13): CodeIgniter\BaseModel->findAll()
 5 APPPATH\Controllers\Inventory.php(11): App\Models\InventoryModel->getLogs()
 6 SYSTEMPATH\CodeIgniter.php(951): App\Controllers\Inventory->index()
 7 SYSTEMPATH\CodeIgniter.php(497): CodeIgniter\CodeIgniter->runController(Object(App\Controllers\Inventory))
 8 SYSTEMPATH\CodeIgniter.php(340): CodeIgniter\CodeIgniter->handleRequest(null, Object(Config\Cache), false)
 9 SYSTEMPATH\Boot.php(417): CodeIgniter\CodeIgniter->run()
10 SYSTEMPATH\Boot.php(68): CodeIgniter\Boot::runCodeIgniter(Object(CodeIgniter\CodeIgniter))
11 FCPATH\index.php(59): CodeIgniter\Boot::bootWeb(Object(Config\Paths))
12 SYSTEMPATH\rewrite.php(44): require_once('C:\\xampp\\htdocs\\Web-Project\\public\\index.php')
CRITICAL - 2026-05-14 01:59:34 --> [Caused by] CodeIgniter\Database\Exceptions\DatabaseException: You have an error in your SQL syntax; check the manual that corresponds to your MariaDB server version for the right syntax to use near 'FROM `inventory_logs`
JOIN `products` ON `products`.`id` = `inventory_logs`.`...' at line 2
in SYSTEMPATH\Database\MySQLi\Connection.php on line 310.
 1 SYSTEMPATH\Database\BaseConnection.php(910): CodeIgniter\Database\MySQLi\Connection->execute('SELECT `inventory_logs`.*, `products`.`name` as `product_name`, `products`.
FROM `inventory_logs`
JOIN `products` ON `products`.`id` = `inventory_logs`.`product_id`
ORDER BY `inventory_logs`.`created_at` DESC')
 2 SYSTEMPATH\Database\BaseConnection.php(827): CodeIgniter\Database\BaseConnection->simpleQuery('SELECT `inventory_logs`.*, `products`.`name` as `product_name`, `products`.
FROM `inventory_logs`
JOIN `products` ON `products`.`id` = `inventory_logs`.`product_id`
ORDER BY `inventory_logs`.`created_at` DESC')
 3 SYSTEMPATH\Database\BaseBuilder.php(1649): CodeIgniter\Database\BaseConnection->query('SELECT `inventory_logs`.*, `products`.`name` as `product_name`, `products`.
FROM `inventory_logs`
JOIN `products` ON `products`.`id` = `inventory_logs`.`product_id`
ORDER BY `inventory_logs`.`created_at` DESC', [], false)
 4 SYSTEMPATH\Model.php(253): CodeIgniter\Database\BaseBuilder->get()
 5 SYSTEMPATH\BaseModel.php(676): CodeIgniter\Model->doFindAll(0, 0)
 6 APPPATH\Models\InventoryModel.php(13): CodeIgniter\BaseModel->findAll()
 7 APPPATH\Controllers\Inventory.php(11): App\Models\InventoryModel->getLogs()
 8 SYSTEMPATH\CodeIgniter.php(951): App\Controllers\Inventory->index()
 9 SYSTEMPATH\CodeIgniter.php(497): CodeIgniter\CodeIgniter->runController(Object(App\Controllers\Inventory))
10 SYSTEMPATH\CodeIgniter.php(340): CodeIgniter\CodeIgniter->handleRequest(null, Object(Config\Cache), false)
11 SYSTEMPATH\Boot.php(417): CodeIgniter\CodeIgniter->run()
12 SYSTEMPATH\Boot.php(68): CodeIgniter\Boot::runCodeIgniter(Object(CodeIgniter\CodeIgniter))
13 FCPATH\index.php(59): CodeIgniter\Boot::bootWeb(Object(Config\Paths))
14 SYSTEMPATH\rewrite.php(44): require_once('C:\\xampp\\htdocs\\Web-Project\\public\\index.php')
CRITICAL - 2026-05-14 01:59:34 --> [Caused by] mysqli_sql_exception: You have an error in your SQL syntax; check the manual that corresponds to your MariaDB server version for the right syntax to use near 'FROM `inventory_logs`
JOIN `products` ON `products`.`id` = `inventory_logs`.`...' at line 2
in SYSTEMPATH\Database\MySQLi\Connection.php on line 300.
 1 SYSTEMPATH\Database\MySQLi\Connection.php(300): mysqli->query('SELECT `inventory_logs`.*, `products`.`name` as `product_name`, `products`.
FROM `inventory_logs`
JOIN `products` ON `products`.`id` = `inventory_logs`.`product_id`
ORDER BY `inventory_logs`.`created_at` DESC', 0)
 2 SYSTEMPATH\Database\BaseConnection.php(910): CodeIgniter\Database\MySQLi\Connection->execute('SELECT `inventory_logs`.*, `products`.`name` as `product_name`, `products`.
FROM `inventory_logs`
JOIN `products` ON `products`.`id` = `inventory_logs`.`product_id`
ORDER BY `inventory_logs`.`created_at` DESC')
 3 SYSTEMPATH\Database\BaseConnection.php(827): CodeIgniter\Database\BaseConnection->simpleQuery('SELECT `inventory_logs`.*, `products`.`name` as `product_name`, `products`.
FROM `inventory_logs`
JOIN `products` ON `products`.`id` = `inventory_logs`.`product_id`
ORDER BY `inventory_logs`.`created_at` DESC')
 4 SYSTEMPATH\Database\BaseBuilder.php(1649): CodeIgniter\Database\BaseConnection->query('SELECT `inventory_logs`.*, `products`.`name` as `product_name`, `products`.
FROM `inventory_logs`
JOIN `products` ON `products`.`id` = `inventory_logs`.`product_id`
ORDER BY `inventory_logs`.`created_at` DESC', [], false)
 5 SYSTEMPATH\Model.php(253): CodeIgniter\Database\BaseBuilder->get()
 6 SYSTEMPATH\BaseModel.php(676): CodeIgniter\Model->doFindAll(0, 0)
 7 APPPATH\Models\InventoryModel.php(13): CodeIgniter\BaseModel->findAll()
 8 APPPATH\Controllers\Inventory.php(11): App\Models\InventoryModel->getLogs()
 9 SYSTEMPATH\CodeIgniter.php(951): App\Controllers\Inventory->index()
10 SYSTEMPATH\CodeIgniter.php(497): CodeIgniter\CodeIgniter->runController(Object(App\Controllers\Inventory))
11 SYSTEMPATH\CodeIgniter.php(340): CodeIgniter\CodeIgniter->handleRequest(null, Object(Config\Cache), false)
12 SYSTEMPATH\Boot.php(417): CodeIgniter\CodeIgniter->run()
13 SYSTEMPATH\Boot.php(68): CodeIgniter\Boot::runCodeIgniter(Object(CodeIgniter\CodeIgniter))
14 FCPATH\index.php(59): CodeIgniter\Boot::bootWeb(Object(Config\Paths))
15 SYSTEMPATH\rewrite.php(44): require_once('C:\\xampp\\htdocs\\Web-Project\\public\\index.php')
DEBUG - 2026-05-14 01:59:53 --> Session: Class initialized using 'CodeIgniter\Session\Handlers\FileHandler' driver.
DEBUG - 2026-05-14 01:59:58 --> Session: Class initialized using 'CodeIgniter\Session\Handlers\FileHandler' driver.
DEBUG - 2026-05-14 02:00:00 --> Session: Class initialized using 'CodeIgniter\Session\Handlers\FileHandler' driver.
ERROR - 2026-05-14 02:00:00 --> You have an error in your SQL syntax; check the manual that corresponds to your MariaDB server version for the right syntax to use near 'FROM `inventory_logs`
JOIN `products` ON `products`.`id` = `inventory_logs`.`...' at line 2
in SYSTEMPATH\Database\MySQLi\Connection.php on line 300.
 1 SYSTEMPATH\Database\MySQLi\Connection.php(300): mysqli->query('SELECT `inventory_logs`.*, `products`.`name` as `product_name`, `products`.
FROM `inventory_logs`
JOIN `products` ON `products`.`id` = `inventory_logs`.`product_id`
ORDER BY `inventory_logs`.`created_at` DESC', 0)
 2 SYSTEMPATH\Database\BaseConnection.php(910): CodeIgniter\Database\MySQLi\Connection->execute('SELECT `inventory_logs`.*, `products`.`name` as `product_name`, `products`.
FROM `inventory_logs`
JOIN `products` ON `products`.`id` = `inventory_logs`.`product_id`
ORDER BY `inventory_logs`.`created_at` DESC')
 3 SYSTEMPATH\Database\BaseConnection.php(827): CodeIgniter\Database\BaseConnection->simpleQuery('SELECT `inventory_logs`.*, `products`.`name` as `product_name`, `products`.
FROM `inventory_logs`
JOIN `products` ON `products`.`id` = `inventory_logs`.`product_id`
ORDER BY `inventory_logs`.`created_at` DESC')
 4 SYSTEMPATH\Database\BaseBuilder.php(1649): CodeIgniter\Database\BaseConnection->query('SELECT `inventory_logs`.*, `products`.`name` as `product_name`, `products`.
FROM `inventory_logs`
JOIN `products` ON `products`.`id` = `inventory_logs`.`product_id`
ORDER BY `inventory_logs`.`created_at` DESC', [], false)
 5 SYSTEMPATH\Model.php(253): CodeIgniter\Database\BaseBuilder->get()
 6 SYSTEMPATH\BaseModel.php(676): CodeIgniter\Model->doFindAll(0, 0)
 7 APPPATH\Models\InventoryModel.php(13): CodeIgniter\BaseModel->findAll()
 8 APPPATH\Controllers\Inventory.php(11): App\Models\InventoryModel->getLogs()
 9 SYSTEMPATH\CodeIgniter.php(951): App\Controllers\Inventory->index()
10 SYSTEMPATH\CodeIgniter.php(497): CodeIgniter\CodeIgniter->runController(Object(App\Controllers\Inventory))
11 SYSTEMPATH\CodeIgniter.php(340): CodeIgniter\CodeIgniter->handleRequest(null, Object(Config\Cache), false)
12 SYSTEMPATH\Boot.php(417): CodeIgniter\CodeIgniter->run()
13 SYSTEMPATH\Boot.php(68): CodeIgniter\Boot::runCodeIgniter(Object(CodeIgniter\CodeIgniter))
14 FCPATH\index.php(59): CodeIgniter\Boot::bootWeb(Object(Config\Paths))
15 SYSTEMPATH\rewrite.php(44): require_once('C:\\xampp\\htdocs\\Web-Project\\public\\index.php')
CRITICAL - 2026-05-14 02:00:00 --> CodeIgniter\Database\Exceptions\DatabaseException: You have an error in your SQL syntax; check the manual that corresponds to your MariaDB server version for the right syntax to use near 'FROM `inventory_logs`
JOIN `products` ON `products`.`id` = `inventory_logs`.`...' at line 2
[Method: GET, Route: inventory]
in SYSTEMPATH\Database\BaseConnection.php on line 865.
 1 SYSTEMPATH\Database\BaseBuilder.php(1649): CodeIgniter\Database\BaseConnection->query('SELECT `inventory_logs`.*, `products`.`name` as `product_name`, `products`.
FROM `inventory_logs`
JOIN `products` ON `products`.`id` = `inventory_logs`.`product_id`
ORDER BY `inventory_logs`.`created_at` DESC', [], false)
 2 SYSTEMPATH\Model.php(253): CodeIgniter\Database\BaseBuilder->get()
 3 SYSTEMPATH\BaseModel.php(676): CodeIgniter\Model->doFindAll(0, 0)
 4 APPPATH\Models\InventoryModel.php(13): CodeIgniter\BaseModel->findAll()
 5 APPPATH\Controllers\Inventory.php(11): App\Models\InventoryModel->getLogs()
 6 SYSTEMPATH\CodeIgniter.php(951): App\Controllers\Inventory->index()
 7 SYSTEMPATH\CodeIgniter.php(497): CodeIgniter\CodeIgniter->runController(Object(App\Controllers\Inventory))
 8 SYSTEMPATH\CodeIgniter.php(340): CodeIgniter\CodeIgniter->handleRequest(null, Object(Config\Cache), false)
 9 SYSTEMPATH\Boot.php(417): CodeIgniter\CodeIgniter->run()
10 SYSTEMPATH\Boot.php(68): CodeIgniter\Boot::runCodeIgniter(Object(CodeIgniter\CodeIgniter))
11 FCPATH\index.php(59): CodeIgniter\Boot::bootWeb(Object(Config\Paths))
12 SYSTEMPATH\rewrite.php(44): require_once('C:\\xampp\\htdocs\\Web-Project\\public\\index.php')
CRITICAL - 2026-05-14 02:00:00 --> [Caused by] CodeIgniter\Database\Exceptions\DatabaseException: You have an error in your SQL syntax; check the manual that corresponds to your MariaDB server version for the right syntax to use near 'FROM `inventory_logs`
JOIN `products` ON `products`.`id` = `inventory_logs`.`...' at line 2
in SYSTEMPATH\Database\MySQLi\Connection.php on line 310.
 1 SYSTEMPATH\Database\BaseConnection.php(910): CodeIgniter\Database\MySQLi\Connection->execute('SELECT `inventory_logs`.*, `products`.`name` as `product_name`, `products`.
FROM `inventory_logs`
JOIN `products` ON `products`.`id` = `inventory_logs`.`product_id`
ORDER BY `inventory_logs`.`created_at` DESC')
 2 SYSTEMPATH\Database\BaseConnection.php(827): CodeIgniter\Database\BaseConnection->simpleQuery('SELECT `inventory_logs`.*, `products`.`name` as `product_name`, `products`.
FROM `inventory_logs`
JOIN `products` ON `products`.`id` = `inventory_logs`.`product_id`
ORDER BY `inventory_logs`.`created_at` DESC')
 3 SYSTEMPATH\Database\BaseBuilder.php(1649): CodeIgniter\Database\BaseConnection->query('SELECT `inventory_logs`.*, `products`.`name` as `product_name`, `products`.
FROM `inventory_logs`
JOIN `products` ON `products`.`id` = `inventory_logs`.`product_id`
ORDER BY `inventory_logs`.`created_at` DESC', [], false)
 4 SYSTEMPATH\Model.php(253): CodeIgniter\Database\BaseBuilder->get()
 5 SYSTEMPATH\BaseModel.php(676): CodeIgniter\Model->doFindAll(0, 0)
 6 APPPATH\Models\InventoryModel.php(13): CodeIgniter\BaseModel->findAll()
 7 APPPATH\Controllers\Inventory.php(11): App\Models\InventoryModel->getLogs()
 8 SYSTEMPATH\CodeIgniter.php(951): App\Controllers\Inventory->index()
 9 SYSTEMPATH\CodeIgniter.php(497): CodeIgniter\CodeIgniter->runController(Object(App\Controllers\Inventory))
10 SYSTEMPATH\CodeIgniter.php(340): CodeIgniter\CodeIgniter->handleRequest(null, Object(Config\Cache), false)
11 SYSTEMPATH\Boot.php(417): CodeIgniter\CodeIgniter->run()
12 SYSTEMPATH\Boot.php(68): CodeIgniter\Boot::runCodeIgniter(Object(CodeIgniter\CodeIgniter))
13 FCPATH\index.php(59): CodeIgniter\Boot::bootWeb(Object(Config\Paths))
14 SYSTEMPATH\rewrite.php(44): require_once('C:\\xampp\\htdocs\\Web-Project\\public\\index.php')
CRITICAL - 2026-05-14 02:00:00 --> [Caused by] mysqli_sql_exception: You have an error in your SQL syntax; check the manual that corresponds to your MariaDB server version for the right syntax to use near 'FROM `inventory_logs`
JOIN `products` ON `products`.`id` = `inventory_logs`.`...' at line 2
in SYSTEMPATH\Database\MySQLi\Connection.php on line 300.
 1 SYSTEMPATH\Database\MySQLi\Connection.php(300): mysqli->query('SELECT `inventory_logs`.*, `products`.`name` as `product_name`, `products`.
FROM `inventory_logs`
JOIN `products` ON `products`.`id` = `inventory_logs`.`product_id`
ORDER BY `inventory_logs`.`created_at` DESC', 0)
 2 SYSTEMPATH\Database\BaseConnection.php(910): CodeIgniter\Database\MySQLi\Connection->execute('SELECT `inventory_logs`.*, `products`.`name` as `product_name`, `products`.
FROM `inventory_logs`
JOIN `products` ON `products`.`id` = `inventory_logs`.`product_id`
ORDER BY `inventory_logs`.`created_at` DESC')
 3 SYSTEMPATH\Database\BaseConnection.php(827): CodeIgniter\Database\BaseConnection->simpleQuery('SELECT `inventory_logs`.*, `products`.`name` as `product_name`, `products`.
FROM `inventory_logs`
JOIN `products` ON `products`.`id` = `inventory_logs`.`product_id`
ORDER BY `inventory_logs`.`created_at` DESC')
 4 SYSTEMPATH\Database\BaseBuilder.php(1649): CodeIgniter\Database\BaseConnection->query('SELECT `inventory_logs`.*, `products`.`name` as `product_name`, `products`.
FROM `inventory_logs`
JOIN `products` ON `products`.`id` = `inventory_logs`.`product_id`
ORDER BY `inventory_logs`.`created_at` DESC', [], false)
 5 SYSTEMPATH\Model.php(253): CodeIgniter\Database\BaseBuilder->get()
 6 SYSTEMPATH\BaseModel.php(676): CodeIgniter\Model->doFindAll(0, 0)
 7 APPPATH\Models\InventoryModel.php(13): CodeIgniter\BaseModel->findAll()
 8 APPPATH\Controllers\Inventory.php(11): App\Models\InventoryModel->getLogs()
 9 SYSTEMPATH\CodeIgniter.php(951): App\Controllers\Inventory->index()
10 SYSTEMPATH\CodeIgniter.php(497): CodeIgniter\CodeIgniter->runController(Object(App\Controllers\Inventory))
11 SYSTEMPATH\CodeIgniter.php(340): CodeIgniter\CodeIgniter->handleRequest(null, Object(Config\Cache), false)
12 SYSTEMPATH\Boot.php(417): CodeIgniter\CodeIgniter->run()
13 SYSTEMPATH\Boot.php(68): CodeIgniter\Boot::runCodeIgniter(Object(CodeIgniter\CodeIgniter))
14 FCPATH\index.php(59): CodeIgniter\Boot::bootWeb(Object(Config\Paths))
15 SYSTEMPATH\rewrite.php(44): require_once('C:\\xampp\\htdocs\\Web-Project\\public\\index.php')
DEBUG - 2026-05-14 02:00:18 --> Session: Class initialized using 'CodeIgniter\Session\Handlers\FileHandler' driver.
ERROR - 2026-05-14 02:00:18 --> You have an error in your SQL syntax; check the manual that corresponds to your MariaDB server version for the right syntax to use near 'FROM `inventory_logs`
JOIN `products` ON `products`.`id` = `inventory_logs`.`...' at line 2
in SYSTEMPATH\Database\MySQLi\Connection.php on line 300.
 1 SYSTEMPATH\Database\MySQLi\Connection.php(300): mysqli->query('SELECT `inventory_logs`.*, `products`.`name` as `product_name`, `products`.
FROM `inventory_logs`
JOIN `products` ON `products`.`id` = `inventory_logs`.`product_id`
ORDER BY `inventory_logs`.`created_at` DESC', 0)
 2 SYSTEMPATH\Database\BaseConnection.php(910): CodeIgniter\Database\MySQLi\Connection->execute('SELECT `inventory_logs`.*, `products`.`name` as `product_name`, `products`.
FROM `inventory_logs`
JOIN `products` ON `products`.`id` = `inventory_logs`.`product_id`
ORDER BY `inventory_logs`.`created_at` DESC')
 3 SYSTEMPATH\Database\BaseConnection.php(827): CodeIgniter\Database\BaseConnection->simpleQuery('SELECT `inventory_logs`.*, `products`.`name` as `product_name`, `products`.
FROM `inventory_logs`
JOIN `products` ON `products`.`id` = `inventory_logs`.`product_id`
ORDER BY `inventory_logs`.`created_at` DESC')
 4 SYSTEMPATH\Database\BaseBuilder.php(1649): CodeIgniter\Database\BaseConnection->query('SELECT `inventory_logs`.*, `products`.`name` as `product_name`, `products`.
FROM `inventory_logs`
JOIN `products` ON `products`.`id` = `inventory_logs`.`product_id`
ORDER BY `inventory_logs`.`created_at` DESC', [], false)
 5 SYSTEMPATH\Model.php(253): CodeIgniter\Database\BaseBuilder->get()
 6 SYSTEMPATH\BaseModel.php(676): CodeIgniter\Model->doFindAll(0, 0)
 7 APPPATH\Models\InventoryModel.php(13): CodeIgniter\BaseModel->findAll()
 8 APPPATH\Controllers\Inventory.php(11): App\Models\InventoryModel->getLogs()
 9 SYSTEMPATH\CodeIgniter.php(951): App\Controllers\Inventory->index()
10 SYSTEMPATH\CodeIgniter.php(497): CodeIgniter\CodeIgniter->runController(Object(App\Controllers\Inventory))
11 SYSTEMPATH\CodeIgniter.php(340): CodeIgniter\CodeIgniter->handleRequest(null, Object(Config\Cache), false)
12 SYSTEMPATH\Boot.php(417): CodeIgniter\CodeIgniter->run()
13 SYSTEMPATH\Boot.php(68): CodeIgniter\Boot::runCodeIgniter(Object(CodeIgniter\CodeIgniter))
14 FCPATH\index.php(59): CodeIgniter\Boot::bootWeb(Object(Config\Paths))
15 SYSTEMPATH\rewrite.php(44): require_once('C:\\xampp\\htdocs\\Web-Project\\public\\index.php')
CRITICAL - 2026-05-14 02:00:18 --> CodeIgniter\Database\Exceptions\DatabaseException: You have an error in your SQL syntax; check the manual that corresponds to your MariaDB server version for the right syntax to use near 'FROM `inventory_logs`
JOIN `products` ON `products`.`id` = `inventory_logs`.`...' at line 2
[Method: GET, Route: inventory]
in SYSTEMPATH\Database\BaseConnection.php on line 865.
 1 SYSTEMPATH\Database\BaseBuilder.php(1649): CodeIgniter\Database\BaseConnection->query('SELECT `inventory_logs`.*, `products`.`name` as `product_name`, `products`.
FROM `inventory_logs`
JOIN `products` ON `products`.`id` = `inventory_logs`.`product_id`
ORDER BY `inventory_logs`.`created_at` DESC', [], false)
 2 SYSTEMPATH\Model.php(253): CodeIgniter\Database\BaseBuilder->get()
 3 SYSTEMPATH\BaseModel.php(676): CodeIgniter\Model->doFindAll(0, 0)
 4 APPPATH\Models\InventoryModel.php(13): CodeIgniter\BaseModel->findAll()
 5 APPPATH\Controllers\Inventory.php(11): App\Models\InventoryModel->getLogs()
 6 SYSTEMPATH\CodeIgniter.php(951): App\Controllers\Inventory->index()
 7 SYSTEMPATH\CodeIgniter.php(497): CodeIgniter\CodeIgniter->runController(Object(App\Controllers\Inventory))
 8 SYSTEMPATH\CodeIgniter.php(340): CodeIgniter\CodeIgniter->handleRequest(null, Object(Config\Cache), false)
 9 SYSTEMPATH\Boot.php(417): CodeIgniter\CodeIgniter->run()
10 SYSTEMPATH\Boot.php(68): CodeIgniter\Boot::runCodeIgniter(Object(CodeIgniter\CodeIgniter))
11 FCPATH\index.php(59): CodeIgniter\Boot::bootWeb(Object(Config\Paths))
12 SYSTEMPATH\rewrite.php(44): require_once('C:\\xampp\\htdocs\\Web-Project\\public\\index.php')
CRITICAL - 2026-05-14 02:00:18 --> [Caused by] CodeIgniter\Database\Exceptions\DatabaseException: You have an error in your SQL syntax; check the manual that corresponds to your MariaDB server version for the right syntax to use near 'FROM `inventory_logs`
JOIN `products` ON `products`.`id` = `inventory_logs`.`...' at line 2
in SYSTEMPATH\Database\MySQLi\Connection.php on line 310.
 1 SYSTEMPATH\Database\BaseConnection.php(910): CodeIgniter\Database\MySQLi\Connection->execute('SELECT `inventory_logs`.*, `products`.`name` as `product_name`, `products`.
FROM `inventory_logs`
JOIN `products` ON `products`.`id` = `inventory_logs`.`product_id`
ORDER BY `inventory_logs`.`created_at` DESC')
 2 SYSTEMPATH\Database\BaseConnection.php(827): CodeIgniter\Database\BaseConnection->simpleQuery('SELECT `inventory_logs`.*, `products`.`name` as `product_name`, `products`.
FROM `inventory_logs`
JOIN `products` ON `products`.`id` = `inventory_logs`.`product_id`
ORDER BY `inventory_logs`.`created_at` DESC')
 3 SYSTEMPATH\Database\BaseBuilder.php(1649): CodeIgniter\Database\BaseConnection->query('SELECT `inventory_logs`.*, `products`.`name` as `product_name`, `products`.
FROM `inventory_logs`
JOIN `products` ON `products`.`id` = `inventory_logs`.`product_id`
ORDER BY `inventory_logs`.`created_at` DESC', [], false)
 4 SYSTEMPATH\Model.php(253): CodeIgniter\Database\BaseBuilder->get()
 5 SYSTEMPATH\BaseModel.php(676): CodeIgniter\Model->doFindAll(0, 0)
 6 APPPATH\Models\InventoryModel.php(13): CodeIgniter\BaseModel->findAll()
 7 APPPATH\Controllers\Inventory.php(11): App\Models\InventoryModel->getLogs()
 8 SYSTEMPATH\CodeIgniter.php(951): App\Controllers\Inventory->index()
 9 SYSTEMPATH\CodeIgniter.php(497): CodeIgniter\CodeIgniter->runController(Object(App\Controllers\Inventory))
10 SYSTEMPATH\CodeIgniter.php(340): CodeIgniter\CodeIgniter->handleRequest(null, Object(Config\Cache), false)
11 SYSTEMPATH\Boot.php(417): CodeIgniter\CodeIgniter->run()
12 SYSTEMPATH\Boot.php(68): CodeIgniter\Boot::runCodeIgniter(Object(CodeIgniter\CodeIgniter))
13 FCPATH\index.php(59): CodeIgniter\Boot::bootWeb(Object(Config\Paths))
14 SYSTEMPATH\rewrite.php(44): require_once('C:\\xampp\\htdocs\\Web-Project\\public\\index.php')
CRITICAL - 2026-05-14 02:00:18 --> [Caused by] mysqli_sql_exception: You have an error in your SQL syntax; check the manual that corresponds to your MariaDB server version for the right syntax to use near 'FROM `inventory_logs`
JOIN `products` ON `products`.`id` = `inventory_logs`.`...' at line 2
in SYSTEMPATH\Database\MySQLi\Connection.php on line 300.
 1 SYSTEMPATH\Database\MySQLi\Connection.php(300): mysqli->query('SELECT `inventory_logs`.*, `products`.`name` as `product_name`, `products`.
FROM `inventory_logs`
JOIN `products` ON `products`.`id` = `inventory_logs`.`product_id`
ORDER BY `inventory_logs`.`created_at` DESC', 0)
 2 SYSTEMPATH\Database\BaseConnection.php(910): CodeIgniter\Database\MySQLi\Connection->execute('SELECT `inventory_logs`.*, `products`.`name` as `product_name`, `products`.
FROM `inventory_logs`
JOIN `products` ON `products`.`id` = `inventory_logs`.`product_id`
ORDER BY `inventory_logs`.`created_at` DESC')
 3 SYSTEMPATH\Database\BaseConnection.php(827): CodeIgniter\Database\BaseConnection->simpleQuery('SELECT `inventory_logs`.*, `products`.`name` as `product_name`, `products`.
FROM `inventory_logs`
JOIN `products` ON `products`.`id` = `inventory_logs`.`product_id`
ORDER BY `inventory_logs`.`created_at` DESC')
 4 SYSTEMPATH\Database\BaseBuilder.php(1649): CodeIgniter\Database\BaseConnection->query('SELECT `inventory_logs`.*, `products`.`name` as `product_name`, `products`.
FROM `inventory_logs`
JOIN `products` ON `products`.`id` = `inventory_logs`.`product_id`
ORDER BY `inventory_logs`.`created_at` DESC', [], false)
 5 SYSTEMPATH\Model.php(253): CodeIgniter\Database\BaseBuilder->get()
 6 SYSTEMPATH\BaseModel.php(676): CodeIgniter\Model->doFindAll(0, 0)
 7 APPPATH\Models\InventoryModel.php(13): CodeIgniter\BaseModel->findAll()
 8 APPPATH\Controllers\Inventory.php(11): App\Models\InventoryModel->getLogs()
 9 SYSTEMPATH\CodeIgniter.php(951): App\Controllers\Inventory->index()
10 SYSTEMPATH\CodeIgniter.php(497): CodeIgniter\CodeIgniter->runController(Object(App\Controllers\Inventory))
11 SYSTEMPATH\CodeIgniter.php(340): CodeIgniter\CodeIgniter->handleRequest(null, Object(Config\Cache), false)
12 SYSTEMPATH\Boot.php(417): CodeIgniter\CodeIgniter->run()
13 SYSTEMPATH\Boot.php(68): CodeIgniter\Boot::runCodeIgniter(Object(CodeIgniter\CodeIgniter))
14 FCPATH\index.php(59): CodeIgniter\Boot::bootWeb(Object(Config\Paths))
15 SYSTEMPATH\rewrite.php(44): require_once('C:\\xampp\\htdocs\\Web-Project\\public\\index.php')
DEBUG - 2026-05-14 02:00:20 --> Session: Class initialized using 'CodeIgniter\Session\Handlers\FileHandler' driver.
DEBUG - 2026-05-14 02:00:22 --> Session: Class initialized using 'CodeIgniter\Session\Handlers\FileHandler' driver.
DEBUG - 2026-05-14 02:00:23 --> Session: Class initialized using 'CodeIgniter\Session\Handlers\FileHandler' driver.
DEBUG - 2026-05-14 02:00:24 --> Session: Class initialized using 'CodeIgniter\Session\Handlers\FileHandler' driver.
ERROR - 2026-05-14 02:00:24 --> You have an error in your SQL syntax; check the manual that corresponds to your MariaDB server version for the right syntax to use near 'FROM `inventory_logs`
JOIN `products` ON `products`.`id` = `inventory_logs`.`...' at line 2
in SYSTEMPATH\Database\MySQLi\Connection.php on line 300.
 1 SYSTEMPATH\Database\MySQLi\Connection.php(300): mysqli->query('SELECT `inventory_logs`.*, `products`.`name` as `product_name`, `products`.
FROM `inventory_logs`
JOIN `products` ON `products`.`id` = `inventory_logs`.`product_id`
ORDER BY `inventory_logs`.`created_at` DESC', 0)
 2 SYSTEMPATH\Database\BaseConnection.php(910): CodeIgniter\Database\MySQLi\Connection->execute('SELECT `inventory_logs`.*, `products`.`name` as `product_name`, `products`.
FROM `inventory_logs`
JOIN `products` ON `products`.`id` = `inventory_logs`.`product_id`
ORDER BY `inventory_logs`.`created_at` DESC')
 3 SYSTEMPATH\Database\BaseConnection.php(827): CodeIgniter\Database\BaseConnection->simpleQuery('SELECT `inventory_logs`.*, `products`.`name` as `product_name`, `products`.
FROM `inventory_logs`
JOIN `products` ON `products`.`id` = `inventory_logs`.`product_id`
ORDER BY `inventory_logs`.`created_at` DESC')
 4 SYSTEMPATH\Database\BaseBuilder.php(1649): CodeIgniter\Database\BaseConnection->query('SELECT `inventory_logs`.*, `products`.`name` as `product_name`, `products`.
FROM `inventory_logs`
JOIN `products` ON `products`.`id` = `inventory_logs`.`product_id`
ORDER BY `inventory_logs`.`created_at` DESC', [], false)
 5 SYSTEMPATH\Model.php(253): CodeIgniter\Database\BaseBuilder->get()
 6 SYSTEMPATH\BaseModel.php(676): CodeIgniter\Model->doFindAll(0, 0)
 7 APPPATH\Models\InventoryModel.php(13): CodeIgniter\BaseModel->findAll()
 8 APPPATH\Controllers\Inventory.php(11): App\Models\InventoryModel->getLogs()
 9 SYSTEMPATH\CodeIgniter.php(951): App\Controllers\Inventory->index()
10 SYSTEMPATH\CodeIgniter.php(497): CodeIgniter\CodeIgniter->runController(Object(App\Controllers\Inventory))
11 SYSTEMPATH\CodeIgniter.php(340): CodeIgniter\CodeIgniter->handleRequest(null, Object(Config\Cache), false)
12 SYSTEMPATH\Boot.php(417): CodeIgniter\CodeIgniter->run()
13 SYSTEMPATH\Boot.php(68): CodeIgniter\Boot::runCodeIgniter(Object(CodeIgniter\CodeIgniter))
14 FCPATH\index.php(59): CodeIgniter\Boot::bootWeb(Object(Config\Paths))
15 SYSTEMPATH\rewrite.php(44): require_once('C:\\xampp\\htdocs\\Web-Project\\public\\index.php')
CRITICAL - 2026-05-14 02:00:24 --> CodeIgniter\Database\Exceptions\DatabaseException: You have an error in your SQL syntax; check the manual that corresponds to your MariaDB server version for the right syntax to use near 'FROM `inventory_logs`
JOIN `products` ON `products`.`id` = `inventory_logs`.`...' at line 2
[Method: GET, Route: inventory]
in SYSTEMPATH\Database\BaseConnection.php on line 865.
 1 SYSTEMPATH\Database\BaseBuilder.php(1649): CodeIgniter\Database\BaseConnection->query('SELECT `inventory_logs`.*, `products`.`name` as `product_name`, `products`.
FROM `inventory_logs`
JOIN `products` ON `products`.`id` = `inventory_logs`.`product_id`
ORDER BY `inventory_logs`.`created_at` DESC', [], false)
 2 SYSTEMPATH\Model.php(253): CodeIgniter\Database\BaseBuilder->get()
 3 SYSTEMPATH\BaseModel.php(676): CodeIgniter\Model->doFindAll(0, 0)
 4 APPPATH\Models\InventoryModel.php(13): CodeIgniter\BaseModel->findAll()
 5 APPPATH\Controllers\Inventory.php(11): App\Models\InventoryModel->getLogs()
 6 SYSTEMPATH\CodeIgniter.php(951): App\Controllers\Inventory->index()
 7 SYSTEMPATH\CodeIgniter.php(497): CodeIgniter\CodeIgniter->runController(Object(App\Controllers\Inventory))
 8 SYSTEMPATH\CodeIgniter.php(340): CodeIgniter\CodeIgniter->handleRequest(null, Object(Config\Cache), false)
 9 SYSTEMPATH\Boot.php(417): CodeIgniter\CodeIgniter->run()
10 SYSTEMPATH\Boot.php(68): CodeIgniter\Boot::runCodeIgniter(Object(CodeIgniter\CodeIgniter))
11 FCPATH\index.php(59): CodeIgniter\Boot::bootWeb(Object(Config\Paths))
12 SYSTEMPATH\rewrite.php(44): require_once('C:\\xampp\\htdocs\\Web-Project\\public\\index.php')
CRITICAL - 2026-05-14 02:00:24 --> [Caused by] CodeIgniter\Database\Exceptions\DatabaseException: You have an error in your SQL syntax; check the manual that corresponds to your MariaDB server version for the right syntax to use near 'FROM `inventory_logs`
JOIN `products` ON `products`.`id` = `inventory_logs`.`...' at line 2
in SYSTEMPATH\Database\MySQLi\Connection.php on line 310.
 1 SYSTEMPATH\Database\BaseConnection.php(910): CodeIgniter\Database\MySQLi\Connection->execute('SELECT `inventory_logs`.*, `products`.`name` as `product_name`, `products`.
FROM `inventory_logs`
JOIN `products` ON `products`.`id` = `inventory_logs`.`product_id`
ORDER BY `inventory_logs`.`created_at` DESC')
 2 SYSTEMPATH\Database\BaseConnection.php(827): CodeIgniter\Database\BaseConnection->simpleQuery('SELECT `inventory_logs`.*, `products`.`name` as `product_name`, `products`.
FROM `inventory_logs`
JOIN `products` ON `products`.`id` = `inventory_logs`.`product_id`
ORDER BY `inventory_logs`.`created_at` DESC')
 3 SYSTEMPATH\Database\BaseBuilder.php(1649): CodeIgniter\Database\BaseConnection->query('SELECT `inventory_logs`.*, `products`.`name` as `product_name`, `products`.
FROM `inventory_logs`
JOIN `products` ON `products`.`id` = `inventory_logs`.`product_id`
ORDER BY `inventory_logs`.`created_at` DESC', [], false)
 4 SYSTEMPATH\Model.php(253): CodeIgniter\Database\BaseBuilder->get()
 5 SYSTEMPATH\BaseModel.php(676): CodeIgniter\Model->doFindAll(0, 0)
 6 APPPATH\Models\InventoryModel.php(13): CodeIgniter\BaseModel->findAll()
 7 APPPATH\Controllers\Inventory.php(11): App\Models\InventoryModel->getLogs()
 8 SYSTEMPATH\CodeIgniter.php(951): App\Controllers\Inventory->index()
 9 SYSTEMPATH\CodeIgniter.php(497): CodeIgniter\CodeIgniter->runController(Object(App\Controllers\Inventory))
10 SYSTEMPATH\CodeIgniter.php(340): CodeIgniter\CodeIgniter->handleRequest(null, Object(Config\Cache), false)
11 SYSTEMPATH\Boot.php(417): CodeIgniter\CodeIgniter->run()
12 SYSTEMPATH\Boot.php(68): CodeIgniter\Boot::runCodeIgniter(Object(CodeIgniter\CodeIgniter))
13 FCPATH\index.php(59): CodeIgniter\Boot::bootWeb(Object(Config\Paths))
14 SYSTEMPATH\rewrite.php(44): require_once('C:\\xampp\\htdocs\\Web-Project\\public\\index.php')
CRITICAL - 2026-05-14 02:00:24 --> [Caused by] mysqli_sql_exception: You have an error in your SQL syntax; check the manual that corresponds to your MariaDB server version for the right syntax to use near 'FROM `inventory_logs`
JOIN `products` ON `products`.`id` = `inventory_logs`.`...' at line 2
in SYSTEMPATH\Database\MySQLi\Connection.php on line 300.
 1 SYSTEMPATH\Database\MySQLi\Connection.php(300): mysqli->query('SELECT `inventory_logs`.*, `products`.`name` as `product_name`, `products`.
FROM `inventory_logs`
JOIN `products` ON `products`.`id` = `inventory_logs`.`product_id`
ORDER BY `inventory_logs`.`created_at` DESC', 0)
 2 SYSTEMPATH\Database\BaseConnection.php(910): CodeIgniter\Database\MySQLi\Connection->execute('SELECT `inventory_logs`.*, `products`.`name` as `product_name`, `products`.
FROM `inventory_logs`
JOIN `products` ON `products`.`id` = `inventory_logs`.`product_id`
ORDER BY `inventory_logs`.`created_at` DESC')
 3 SYSTEMPATH\Database\BaseConnection.php(827): CodeIgniter\Database\BaseConnection->simpleQuery('SELECT `inventory_logs`.*, `products`.`name` as `product_name`, `products`.
FROM `inventory_logs`
JOIN `products` ON `products`.`id` = `inventory_logs`.`product_id`
ORDER BY `inventory_logs`.`created_at` DESC')
 4 SYSTEMPATH\Database\BaseBuilder.php(1649): CodeIgniter\Database\BaseConnection->query('SELECT `inventory_logs`.*, `products`.`name` as `product_name`, `products`.
FROM `inventory_logs`
JOIN `products` ON `products`.`id` = `inventory_logs`.`product_id`
ORDER BY `inventory_logs`.`created_at` DESC', [], false)
 5 SYSTEMPATH\Model.php(253): CodeIgniter\Database\BaseBuilder->get()
 6 SYSTEMPATH\BaseModel.php(676): CodeIgniter\Model->doFindAll(0, 0)
 7 APPPATH\Models\InventoryModel.php(13): CodeIgniter\BaseModel->findAll()
 8 APPPATH\Controllers\Inventory.php(11): App\Models\InventoryModel->getLogs()
 9 SYSTEMPATH\CodeIgniter.php(951): App\Controllers\Inventory->index()
10 SYSTEMPATH\CodeIgniter.php(497): CodeIgniter\CodeIgniter->runController(Object(App\Controllers\Inventory))
11 SYSTEMPATH\CodeIgniter.php(340): CodeIgniter\CodeIgniter->handleRequest(null, Object(Config\Cache), false)
12 SYSTEMPATH\Boot.php(417): CodeIgniter\CodeIgniter->run()
13 SYSTEMPATH\Boot.php(68): CodeIgniter\Boot::runCodeIgniter(Object(CodeIgniter\CodeIgniter))
14 FCPATH\index.php(59): CodeIgniter\Boot::bootWeb(Object(Config\Paths))
15 SYSTEMPATH\rewrite.php(44): require_once('C:\\xampp\\htdocs\\Web-Project\\public\\index.php')
DEBUG - 2026-05-14 02:00:27 --> Session: Class initialized using 'CodeIgniter\Session\Handlers\FileHandler' driver.
DEBUG - 2026-05-14 02:00:30 --> Session: Class initialized using 'CodeIgniter\Session\Handlers\FileHandler' driver.
DEBUG - 2026-05-14 02:00:32 --> Session: Class initialized using 'CodeIgniter\Session\Handlers\FileHandler' driver.
ERROR - 2026-05-14 02:00:32 --> You have an error in your SQL syntax; check the manual that corresponds to your MariaDB server version for the right syntax to use near 'FROM `inventory_logs`
JOIN `products` ON `products`.`id` = `inventory_logs`.`...' at line 2
in SYSTEMPATH\Database\MySQLi\Connection.php on line 300.
 1 SYSTEMPATH\Database\MySQLi\Connection.php(300): mysqli->query('SELECT `inventory_logs`.*, `products`.`name` as `product_name`, `products`.
FROM `inventory_logs`
JOIN `products` ON `products`.`id` = `inventory_logs`.`product_id`
ORDER BY `inventory_logs`.`created_at` DESC', 0)
 2 SYSTEMPATH\Database\BaseConnection.php(910): CodeIgniter\Database\MySQLi\Connection->execute('SELECT `inventory_logs`.*, `products`.`name` as `product_name`, `products`.
FROM `inventory_logs`
JOIN `products` ON `products`.`id` = `inventory_logs`.`product_id`
ORDER BY `inventory_logs`.`created_at` DESC')
 3 SYSTEMPATH\Database\BaseConnection.php(827): CodeIgniter\Database\BaseConnection->simpleQuery('SELECT `inventory_logs`.*, `products`.`name` as `product_name`, `products`.
FROM `inventory_logs`
JOIN `products` ON `products`.`id` = `inventory_logs`.`product_id`
ORDER BY `inventory_logs`.`created_at` DESC')
 4 SYSTEMPATH\Database\BaseBuilder.php(1649): CodeIgniter\Database\BaseConnection->query('SELECT `inventory_logs`.*, `products`.`name` as `product_name`, `products`.
FROM `inventory_logs`
JOIN `products` ON `products`.`id` = `inventory_logs`.`product_id`
ORDER BY `inventory_logs`.`created_at` DESC', [], false)
 5 SYSTEMPATH\Model.php(253): CodeIgniter\Database\BaseBuilder->get()
 6 SYSTEMPATH\BaseModel.php(676): CodeIgniter\Model->doFindAll(0, 0)
 7 APPPATH\Models\InventoryModel.php(13): CodeIgniter\BaseModel->findAll()
 8 APPPATH\Controllers\Reports.php(21): App\Models\InventoryModel->getLogs()
 9 SYSTEMPATH\CodeIgniter.php(951): App\Controllers\Reports->inventory_report()
10 SYSTEMPATH\CodeIgniter.php(497): CodeIgniter\CodeIgniter->runController(Object(App\Controllers\Reports))
11 SYSTEMPATH\CodeIgniter.php(340): CodeIgniter\CodeIgniter->handleRequest(null, Object(Config\Cache), false)
12 SYSTEMPATH\Boot.php(417): CodeIgniter\CodeIgniter->run()
13 SYSTEMPATH\Boot.php(68): CodeIgniter\Boot::runCodeIgniter(Object(CodeIgniter\CodeIgniter))
14 FCPATH\index.php(59): CodeIgniter\Boot::bootWeb(Object(Config\Paths))
15 SYSTEMPATH\rewrite.php(44): require_once('C:\\xampp\\htdocs\\Web-Project\\public\\index.php')
CRITICAL - 2026-05-14 02:00:32 --> CodeIgniter\Database\Exceptions\DatabaseException: You have an error in your SQL syntax; check the manual that corresponds to your MariaDB server version for the right syntax to use near 'FROM `inventory_logs`
JOIN `products` ON `products`.`id` = `inventory_logs`.`...' at line 2
[Method: GET, Route: reports/inventory]
in SYSTEMPATH\Database\BaseConnection.php on line 865.
 1 SYSTEMPATH\Database\BaseBuilder.php(1649): CodeIgniter\Database\BaseConnection->query('SELECT `inventory_logs`.*, `products`.`name` as `product_name`, `products`.
FROM `inventory_logs`
JOIN `products` ON `products`.`id` = `inventory_logs`.`product_id`
ORDER BY `inventory_logs`.`created_at` DESC', [], false)
 2 SYSTEMPATH\Model.php(253): CodeIgniter\Database\BaseBuilder->get()
 3 SYSTEMPATH\BaseModel.php(676): CodeIgniter\Model->doFindAll(0, 0)
 4 APPPATH\Models\InventoryModel.php(13): CodeIgniter\BaseModel->findAll()
 5 APPPATH\Controllers\Reports.php(21): App\Models\InventoryModel->getLogs()
 6 SYSTEMPATH\CodeIgniter.php(951): App\Controllers\Reports->inventory_report()
 7 SYSTEMPATH\CodeIgniter.php(497): CodeIgniter\CodeIgniter->runController(Object(App\Controllers\Reports))
 8 SYSTEMPATH\CodeIgniter.php(340): CodeIgniter\CodeIgniter->handleRequest(null, Object(Config\Cache), false)
 9 SYSTEMPATH\Boot.php(417): CodeIgniter\CodeIgniter->run()
10 SYSTEMPATH\Boot.php(68): CodeIgniter\Boot::runCodeIgniter(Object(CodeIgniter\CodeIgniter))
11 FCPATH\index.php(59): CodeIgniter\Boot::bootWeb(Object(Config\Paths))
12 SYSTEMPATH\rewrite.php(44): require_once('C:\\xampp\\htdocs\\Web-Project\\public\\index.php')
CRITICAL - 2026-05-14 02:00:32 --> [Caused by] CodeIgniter\Database\Exceptions\DatabaseException: You have an error in your SQL syntax; check the manual that corresponds to your MariaDB server version for the right syntax to use near 'FROM `inventory_logs`
JOIN `products` ON `products`.`id` = `inventory_logs`.`...' at line 2
in SYSTEMPATH\Database\MySQLi\Connection.php on line 310.
 1 SYSTEMPATH\Database\BaseConnection.php(910): CodeIgniter\Database\MySQLi\Connection->execute('SELECT `inventory_logs`.*, `products`.`name` as `product_name`, `products`.
FROM `inventory_logs`
JOIN `products` ON `products`.`id` = `inventory_logs`.`product_id`
ORDER BY `inventory_logs`.`created_at` DESC')
 2 SYSTEMPATH\Database\BaseConnection.php(827): CodeIgniter\Database\BaseConnection->simpleQuery('SELECT `inventory_logs`.*, `products`.`name` as `product_name`, `products`.
FROM `inventory_logs`
JOIN `products` ON `products`.`id` = `inventory_logs`.`product_id`
ORDER BY `inventory_logs`.`created_at` DESC')
 3 SYSTEMPATH\Database\BaseBuilder.php(1649): CodeIgniter\Database\BaseConnection->query('SELECT `inventory_logs`.*, `products`.`name` as `product_name`, `products`.
FROM `inventory_logs`
JOIN `products` ON `products`.`id` = `inventory_logs`.`product_id`
ORDER BY `inventory_logs`.`created_at` DESC', [], false)
 4 SYSTEMPATH\Model.php(253): CodeIgniter\Database\BaseBuilder->get()
 5 SYSTEMPATH\BaseModel.php(676): CodeIgniter\Model->doFindAll(0, 0)
 6 APPPATH\Models\InventoryModel.php(13): CodeIgniter\BaseModel->findAll()
 7 APPPATH\Controllers\Reports.php(21): App\Models\InventoryModel->getLogs()
 8 SYSTEMPATH\CodeIgniter.php(951): App\Controllers\Reports->inventory_report()
 9 SYSTEMPATH\CodeIgniter.php(497): CodeIgniter\CodeIgniter->runController(Object(App\Controllers\Reports))
10 SYSTEMPATH\CodeIgniter.php(340): CodeIgniter\CodeIgniter->handleRequest(null, Object(Config\Cache), false)
11 SYSTEMPATH\Boot.php(417): CodeIgniter\CodeIgniter->run()
12 SYSTEMPATH\Boot.php(68): CodeIgniter\Boot::runCodeIgniter(Object(CodeIgniter\CodeIgniter))
13 FCPATH\index.php(59): CodeIgniter\Boot::bootWeb(Object(Config\Paths))
14 SYSTEMPATH\rewrite.php(44): require_once('C:\\xampp\\htdocs\\Web-Project\\public\\index.php')
CRITICAL - 2026-05-14 02:00:32 --> [Caused by] mysqli_sql_exception: You have an error in your SQL syntax; check the manual that corresponds to your MariaDB server version for the right syntax to use near 'FROM `inventory_logs`
JOIN `products` ON `products`.`id` = `inventory_logs`.`...' at line 2
in SYSTEMPATH\Database\MySQLi\Connection.php on line 300.
 1 SYSTEMPATH\Database\MySQLi\Connection.php(300): mysqli->query('SELECT `inventory_logs`.*, `products`.`name` as `product_name`, `products`.
FROM `inventory_logs`
JOIN `products` ON `products`.`id` = `inventory_logs`.`product_id`
ORDER BY `inventory_logs`.`created_at` DESC', 0)
 2 SYSTEMPATH\Database\BaseConnection.php(910): CodeIgniter\Database\MySQLi\Connection->execute('SELECT `inventory_logs`.*, `products`.`name` as `product_name`, `products`.
FROM `inventory_logs`
JOIN `products` ON `products`.`id` = `inventory_logs`.`product_id`
ORDER BY `inventory_logs`.`created_at` DESC')
 3 SYSTEMPATH\Database\BaseConnection.php(827): CodeIgniter\Database\BaseConnection->simpleQuery('SELECT `inventory_logs`.*, `products`.`name` as `product_name`, `products`.
FROM `inventory_logs`
JOIN `products` ON `products`.`id` = `inventory_logs`.`product_id`
ORDER BY `inventory_logs`.`created_at` DESC')
 4 SYSTEMPATH\Database\BaseBuilder.php(1649): CodeIgniter\Database\BaseConnection->query('SELECT `inventory_logs`.*, `products`.`name` as `product_name`, `products`.
FROM `inventory_logs`
JOIN `products` ON `products`.`id` = `inventory_logs`.`product_id`
ORDER BY `inventory_logs`.`created_at` DESC', [], false)
 5 SYSTEMPATH\Model.php(253): CodeIgniter\Database\BaseBuilder->get()
 6 SYSTEMPATH\BaseModel.php(676): CodeIgniter\Model->doFindAll(0, 0)
 7 APPPATH\Models\InventoryModel.php(13): CodeIgniter\BaseModel->findAll()
 8 APPPATH\Controllers\Reports.php(21): App\Models\InventoryModel->getLogs()
 9 SYSTEMPATH\CodeIgniter.php(951): App\Controllers\Reports->inventory_report()
10 SYSTEMPATH\CodeIgniter.php(497): CodeIgniter\CodeIgniter->runController(Object(App\Controllers\Reports))
11 SYSTEMPATH\CodeIgniter.php(340): CodeIgniter\CodeIgniter->handleRequest(null, Object(Config\Cache), false)
12 SYSTEMPATH\Boot.php(417): CodeIgniter\CodeIgniter->run()
13 SYSTEMPATH\Boot.php(68): CodeIgniter\Boot::runCodeIgniter(Object(CodeIgniter\CodeIgniter))
14 FCPATH\index.php(59): CodeIgniter\Boot::bootWeb(Object(Config\Paths))
15 SYSTEMPATH\rewrite.php(44): require_once('C:\\xampp\\htdocs\\Web-Project\\public\\index.php')
DEBUG - 2026-05-14 02:00:37 --> Session: Class initialized using 'CodeIgniter\Session\Handlers\FileHandler' driver.
DEBUG - 2026-05-14 02:00:39 --> Session: Class initialized using 'CodeIgniter\Session\Handlers\FileHandler' driver.
DEBUG - 2026-05-14 02:01:39 --> Session: Class initialized using 'CodeIgniter\Session\Handlers\FileHandler' driver.
DEBUG - 2026-05-14 02:01:39 --> Session: Class initialized using 'CodeIgniter\Session\Handlers\FileHandler' driver.
DEBUG - 2026-05-14 02:01:43 --> Session: Class initialized using 'CodeIgniter\Session\Handlers\FileHandler' driver.
DEBUG - 2026-05-14 02:01:45 --> Session: Class initialized using 'CodeIgniter\Session\Handlers\FileHandler' driver.
DEBUG - 2026-05-14 02:01:57 --> Session: Class initialized using 'CodeIgniter\Session\Handlers\FileHandler' driver.
DEBUG - 2026-05-14 02:01:57 --> Session: Class initialized using 'CodeIgniter\Session\Handlers\FileHandler' driver.
DEBUG - 2026-05-14 02:02:07 --> Session: Class initialized using 'CodeIgniter\Session\Handlers\FileHandler' driver.
DEBUG - 2026-05-14 02:02:07 --> Session: Class initialized using 'CodeIgniter\Session\Handlers\FileHandler' driver.
DEBUG - 2026-05-14 02:02:12 --> Session: Class initialized using 'CodeIgniter\Session\Handlers\FileHandler' driver.
DEBUG - 2026-05-14 02:02:14 --> Session: Class initialized using 'CodeIgniter\Session\Handlers\FileHandler' driver.
DEBUG - 2026-05-14 02:02:15 --> Session: Class initialized using 'CodeIgniter\Session\Handlers\FileHandler' driver.
DEBUG - 2026-05-14 02:02:18 --> Session: Class initialized using 'CodeIgniter\Session\Handlers\FileHandler' driver.
DEBUG - 2026-05-14 02:02:19 --> Session: Class initialized using 'CodeIgniter\Session\Handlers\FileHandler' driver.
DEBUG - 2026-05-14 02:02:20 --> Session: Class initialized using 'CodeIgniter\Session\Handlers\FileHandler' driver.
ERROR - 2026-05-14 02:02:20 --> You have an error in your SQL syntax; check the manual that corresponds to your MariaDB server version for the right syntax to use near 'FROM `inventory_logs`
JOIN `products` ON `products`.`id` = `inventory_logs`.`...' at line 2
in SYSTEMPATH\Database\MySQLi\Connection.php on line 300.
 1 SYSTEMPATH\Database\MySQLi\Connection.php(300): mysqli->query('SELECT `inventory_logs`.*, `products`.`name` as `product_name`, `products`.
FROM `inventory_logs`
JOIN `products` ON `products`.`id` = `inventory_logs`.`product_id`
ORDER BY `inventory_logs`.`created_at` DESC', 0)
 2 SYSTEMPATH\Database\BaseConnection.php(910): CodeIgniter\Database\MySQLi\Connection->execute('SELECT `inventory_logs`.*, `products`.`name` as `product_name`, `products`.
FROM `inventory_logs`
JOIN `products` ON `products`.`id` = `inventory_logs`.`product_id`
ORDER BY `inventory_logs`.`created_at` DESC')
 3 SYSTEMPATH\Database\BaseConnection.php(827): CodeIgniter\Database\BaseConnection->simpleQuery('SELECT `inventory_logs`.*, `products`.`name` as `product_name`, `products`.
FROM `inventory_logs`
JOIN `products` ON `products`.`id` = `inventory_logs`.`product_id`
ORDER BY `inventory_logs`.`created_at` DESC')
 4 SYSTEMPATH\Database\BaseBuilder.php(1649): CodeIgniter\Database\BaseConnection->query('SELECT `inventory_logs`.*, `products`.`name` as `product_name`, `products`.
FROM `inventory_logs`
JOIN `products` ON `products`.`id` = `inventory_logs`.`product_id`
ORDER BY `inventory_logs`.`created_at` DESC', [], false)
 5 SYSTEMPATH\Model.php(253): CodeIgniter\Database\BaseBuilder->get()
 6 SYSTEMPATH\BaseModel.php(676): CodeIgniter\Model->doFindAll(0, 0)
 7 APPPATH\Models\InventoryModel.php(13): CodeIgniter\BaseModel->findAll()
 8 APPPATH\Controllers\Inventory.php(11): App\Models\InventoryModel->getLogs()
 9 SYSTEMPATH\CodeIgniter.php(951): App\Controllers\Inventory->index()
10 SYSTEMPATH\CodeIgniter.php(497): CodeIgniter\CodeIgniter->runController(Object(App\Controllers\Inventory))
11 SYSTEMPATH\CodeIgniter.php(340): CodeIgniter\CodeIgniter->handleRequest(null, Object(Config\Cache), false)
12 SYSTEMPATH\Boot.php(417): CodeIgniter\CodeIgniter->run()
13 SYSTEMPATH\Boot.php(68): CodeIgniter\Boot::runCodeIgniter(Object(CodeIgniter\CodeIgniter))
14 FCPATH\index.php(59): CodeIgniter\Boot::bootWeb(Object(Config\Paths))
15 SYSTEMPATH\rewrite.php(44): require_once('C:\\xampp\\htdocs\\Web-Project\\public\\index.php')
CRITICAL - 2026-05-14 02:02:20 --> CodeIgniter\Database\Exceptions\DatabaseException: You have an error in your SQL syntax; check the manual that corresponds to your MariaDB server version for the right syntax to use near 'FROM `inventory_logs`
JOIN `products` ON `products`.`id` = `inventory_logs`.`...' at line 2
[Method: GET, Route: inventory]
in SYSTEMPATH\Database\BaseConnection.php on line 865.
 1 SYSTEMPATH\Database\BaseBuilder.php(1649): CodeIgniter\Database\BaseConnection->query('SELECT `inventory_logs`.*, `products`.`name` as `product_name`, `products`.
FROM `inventory_logs`
JOIN `products` ON `products`.`id` = `inventory_logs`.`product_id`
ORDER BY `inventory_logs`.`created_at` DESC', [], false)
 2 SYSTEMPATH\Model.php(253): CodeIgniter\Database\BaseBuilder->get()
 3 SYSTEMPATH\BaseModel.php(676): CodeIgniter\Model->doFindAll(0, 0)
 4 APPPATH\Models\InventoryModel.php(13): CodeIgniter\BaseModel->findAll()
 5 APPPATH\Controllers\Inventory.php(11): App\Models\InventoryModel->getLogs()
 6 SYSTEMPATH\CodeIgniter.php(951): App\Controllers\Inventory->index()
 7 SYSTEMPATH\CodeIgniter.php(497): CodeIgniter\CodeIgniter->runController(Object(App\Controllers\Inventory))
 8 SYSTEMPATH\CodeIgniter.php(340): CodeIgniter\CodeIgniter->handleRequest(null, Object(Config\Cache), false)
 9 SYSTEMPATH\Boot.php(417): CodeIgniter\CodeIgniter->run()
10 SYSTEMPATH\Boot.php(68): CodeIgniter\Boot::runCodeIgniter(Object(CodeIgniter\CodeIgniter))
11 FCPATH\index.php(59): CodeIgniter\Boot::bootWeb(Object(Config\Paths))
12 SYSTEMPATH\rewrite.php(44): require_once('C:\\xampp\\htdocs\\Web-Project\\public\\index.php')
CRITICAL - 2026-05-14 02:02:20 --> [Caused by] CodeIgniter\Database\Exceptions\DatabaseException: You have an error in your SQL syntax; check the manual that corresponds to your MariaDB server version for the right syntax to use near 'FROM `inventory_logs`
JOIN `products` ON `products`.`id` = `inventory_logs`.`...' at line 2
in SYSTEMPATH\Database\MySQLi\Connection.php on line 310.
 1 SYSTEMPATH\Database\BaseConnection.php(910): CodeIgniter\Database\MySQLi\Connection->execute('SELECT `inventory_logs`.*, `products`.`name` as `product_name`, `products`.
FROM `inventory_logs`
JOIN `products` ON `products`.`id` = `inventory_logs`.`product_id`
ORDER BY `inventory_logs`.`created_at` DESC')
 2 SYSTEMPATH\Database\BaseConnection.php(827): CodeIgniter\Database\BaseConnection->simpleQuery('SELECT `inventory_logs`.*, `products`.`name` as `product_name`, `products`.
FROM `inventory_logs`
JOIN `products` ON `products`.`id` = `inventory_logs`.`product_id`
ORDER BY `inventory_logs`.`created_at` DESC')
 3 SYSTEMPATH\Database\BaseBuilder.php(1649): CodeIgniter\Database\BaseConnection->query('SELECT `inventory_logs`.*, `products`.`name` as `product_name`, `products`.
FROM `inventory_logs`
JOIN `products` ON `products`.`id` = `inventory_logs`.`product_id`
ORDER BY `inventory_logs`.`created_at` DESC', [], false)
 4 SYSTEMPATH\Model.php(253): CodeIgniter\Database\BaseBuilder->get()
 5 SYSTEMPATH\BaseModel.php(676): CodeIgniter\Model->doFindAll(0, 0)
 6 APPPATH\Models\InventoryModel.php(13): CodeIgniter\BaseModel->findAll()
 7 APPPATH\Controllers\Inventory.php(11): App\Models\InventoryModel->getLogs()
 8 SYSTEMPATH\CodeIgniter.php(951): App\Controllers\Inventory->index()
 9 SYSTEMPATH\CodeIgniter.php(497): CodeIgniter\CodeIgniter->runController(Object(App\Controllers\Inventory))
10 SYSTEMPATH\CodeIgniter.php(340): CodeIgniter\CodeIgniter->handleRequest(null, Object(Config\Cache), false)
11 SYSTEMPATH\Boot.php(417): CodeIgniter\CodeIgniter->run()
12 SYSTEMPATH\Boot.php(68): CodeIgniter\Boot::runCodeIgniter(Object(CodeIgniter\CodeIgniter))
13 FCPATH\index.php(59): CodeIgniter\Boot::bootWeb(Object(Config\Paths))
14 SYSTEMPATH\rewrite.php(44): require_once('C:\\xampp\\htdocs\\Web-Project\\public\\index.php')
CRITICAL - 2026-05-14 02:02:20 --> [Caused by] mysqli_sql_exception: You have an error in your SQL syntax; check the manual that corresponds to your MariaDB server version for the right syntax to use near 'FROM `inventory_logs`
JOIN `products` ON `products`.`id` = `inventory_logs`.`...' at line 2
in SYSTEMPATH\Database\MySQLi\Connection.php on line 300.
 1 SYSTEMPATH\Database\MySQLi\Connection.php(300): mysqli->query('SELECT `inventory_logs`.*, `products`.`name` as `product_name`, `products`.
FROM `inventory_logs`
JOIN `products` ON `products`.`id` = `inventory_logs`.`product_id`
ORDER BY `inventory_logs`.`created_at` DESC', 0)
 2 SYSTEMPATH\Database\BaseConnection.php(910): CodeIgniter\Database\MySQLi\Connection->execute('SELECT `inventory_logs`.*, `products`.`name` as `product_name`, `products`.
FROM `inventory_logs`
JOIN `products` ON `products`.`id` = `inventory_logs`.`product_id`
ORDER BY `inventory_logs`.`created_at` DESC')
 3 SYSTEMPATH\Database\BaseConnection.php(827): CodeIgniter\Database\BaseConnection->simpleQuery('SELECT `inventory_logs`.*, `products`.`name` as `product_name`, `products`.
FROM `inventory_logs`
JOIN `products` ON `products`.`id` = `inventory_logs`.`product_id`
ORDER BY `inventory_logs`.`created_at` DESC')
 4 SYSTEMPATH\Database\BaseBuilder.php(1649): CodeIgniter\Database\BaseConnection->query('SELECT `inventory_logs`.*, `products`.`name` as `product_name`, `products`.
FROM `inventory_logs`
JOIN `products` ON `products`.`id` = `inventory_logs`.`product_id`
ORDER BY `inventory_logs`.`created_at` DESC', [], false)
 5 SYSTEMPATH\Model.php(253): CodeIgniter\Database\BaseBuilder->get()
 6 SYSTEMPATH\BaseModel.php(676): CodeIgniter\Model->doFindAll(0, 0)
 7 APPPATH\Models\InventoryModel.php(13): CodeIgniter\BaseModel->findAll()
 8 APPPATH\Controllers\Inventory.php(11): App\Models\InventoryModel->getLogs()
 9 SYSTEMPATH\CodeIgniter.php(951): App\Controllers\Inventory->index()
10 SYSTEMPATH\CodeIgniter.php(497): CodeIgniter\CodeIgniter->runController(Object(App\Controllers\Inventory))
11 SYSTEMPATH\CodeIgniter.php(340): CodeIgniter\CodeIgniter->handleRequest(null, Object(Config\Cache), false)
12 SYSTEMPATH\Boot.php(417): CodeIgniter\CodeIgniter->run()
13 SYSTEMPATH\Boot.php(68): CodeIgniter\Boot::runCodeIgniter(Object(CodeIgniter\CodeIgniter))
14 FCPATH\index.php(59): CodeIgniter\Boot::bootWeb(Object(Config\Paths))
15 SYSTEMPATH\rewrite.php(44): require_once('C:\\xampp\\htdocs\\Web-Project\\public\\index.php')
DEBUG - 2026-05-14 02:02:26 --> Session: Class initialized using 'CodeIgniter\Session\Handlers\FileHandler' driver.
DEBUG - 2026-05-14 02:02:29 --> Session: Class initialized using 'CodeIgniter\Session\Handlers\FileHandler' driver.
ERROR - 2026-05-14 02:02:29 --> You have an error in your SQL syntax; check the manual that corresponds to your MariaDB server version for the right syntax to use near 'FROM `inventory_logs`
JOIN `products` ON `products`.`id` = `inventory_logs`.`...' at line 2
in SYSTEMPATH\Database\MySQLi\Connection.php on line 300.
 1 SYSTEMPATH\Database\MySQLi\Connection.php(300): mysqli->query('SELECT `inventory_logs`.*, `products`.`name` as `product_name`, `products`.
FROM `inventory_logs`
JOIN `products` ON `products`.`id` = `inventory_logs`.`product_id`
ORDER BY `inventory_logs`.`created_at` DESC', 0)
 2 SYSTEMPATH\Database\BaseConnection.php(910): CodeIgniter\Database\MySQLi\Connection->execute('SELECT `inventory_logs`.*, `products`.`name` as `product_name`, `products`.
FROM `inventory_logs`
JOIN `products` ON `products`.`id` = `inventory_logs`.`product_id`
ORDER BY `inventory_logs`.`created_at` DESC')
 3 SYSTEMPATH\Database\BaseConnection.php(827): CodeIgniter\Database\BaseConnection->simpleQuery('SELECT `inventory_logs`.*, `products`.`name` as `product_name`, `products`.
FROM `inventory_logs`
JOIN `products` ON `products`.`id` = `inventory_logs`.`product_id`
ORDER BY `inventory_logs`.`created_at` DESC')
 4 SYSTEMPATH\Database\BaseBuilder.php(1649): CodeIgniter\Database\BaseConnection->query('SELECT `inventory_logs`.*, `products`.`name` as `product_name`, `products`.
FROM `inventory_logs`
JOIN `products` ON `products`.`id` = `inventory_logs`.`product_id`
ORDER BY `inventory_logs`.`created_at` DESC', [], false)
 5 SYSTEMPATH\Model.php(253): CodeIgniter\Database\BaseBuilder->get()
 6 SYSTEMPATH\BaseModel.php(676): CodeIgniter\Model->doFindAll(0, 0)
 7 APPPATH\Models\InventoryModel.php(13): CodeIgniter\BaseModel->findAll()
 8 APPPATH\Controllers\Inventory.php(11): App\Models\InventoryModel->getLogs()
 9 SYSTEMPATH\CodeIgniter.php(951): App\Controllers\Inventory->index()
10 SYSTEMPATH\CodeIgniter.php(497): CodeIgniter\CodeIgniter->runController(Object(App\Controllers\Inventory))
11 SYSTEMPATH\CodeIgniter.php(340): CodeIgniter\CodeIgniter->handleRequest(null, Object(Config\Cache), false)
12 SYSTEMPATH\Boot.php(417): CodeIgniter\CodeIgniter->run()
13 SYSTEMPATH\Boot.php(68): CodeIgniter\Boot::runCodeIgniter(Object(CodeIgniter\CodeIgniter))
14 FCPATH\index.php(59): CodeIgniter\Boot::bootWeb(Object(Config\Paths))
15 SYSTEMPATH\rewrite.php(44): require_once('C:\\xampp\\htdocs\\Web-Project\\public\\index.php')
CRITICAL - 2026-05-14 02:02:29 --> CodeIgniter\Database\Exceptions\DatabaseException: You have an error in your SQL syntax; check the manual that corresponds to your MariaDB server version for the right syntax to use near 'FROM `inventory_logs`
JOIN `products` ON `products`.`id` = `inventory_logs`.`...' at line 2
[Method: GET, Route: inventory]
in SYSTEMPATH\Database\BaseConnection.php on line 865.
 1 SYSTEMPATH\Database\BaseBuilder.php(1649): CodeIgniter\Database\BaseConnection->query('SELECT `inventory_logs`.*, `products`.`name` as `product_name`, `products`.
FROM `inventory_logs`
JOIN `products` ON `products`.`id` = `inventory_logs`.`product_id`
ORDER BY `inventory_logs`.`created_at` DESC', [], false)
 2 SYSTEMPATH\Model.php(253): CodeIgniter\Database\BaseBuilder->get()
 3 SYSTEMPATH\BaseModel.php(676): CodeIgniter\Model->doFindAll(0, 0)
 4 APPPATH\Models\InventoryModel.php(13): CodeIgniter\BaseModel->findAll()
 5 APPPATH\Controllers\Inventory.php(11): App\Models\InventoryModel->getLogs()
 6 SYSTEMPATH\CodeIgniter.php(951): App\Controllers\Inventory->index()
 7 SYSTEMPATH\CodeIgniter.php(497): CodeIgniter\CodeIgniter->runController(Object(App\Controllers\Inventory))
 8 SYSTEMPATH\CodeIgniter.php(340): CodeIgniter\CodeIgniter->handleRequest(null, Object(Config\Cache), false)
 9 SYSTEMPATH\Boot.php(417): CodeIgniter\CodeIgniter->run()
10 SYSTEMPATH\Boot.php(68): CodeIgniter\Boot::runCodeIgniter(Object(CodeIgniter\CodeIgniter))
11 FCPATH\index.php(59): CodeIgniter\Boot::bootWeb(Object(Config\Paths))
12 SYSTEMPATH\rewrite.php(44): require_once('C:\\xampp\\htdocs\\Web-Project\\public\\index.php')
CRITICAL - 2026-05-14 02:02:29 --> [Caused by] CodeIgniter\Database\Exceptions\DatabaseException: You have an error in your SQL syntax; check the manual that corresponds to your MariaDB server version for the right syntax to use near 'FROM `inventory_logs`
JOIN `products` ON `products`.`id` = `inventory_logs`.`...' at line 2
in SYSTEMPATH\Database\MySQLi\Connection.php on line 310.
 1 SYSTEMPATH\Database\BaseConnection.php(910): CodeIgniter\Database\MySQLi\Connection->execute('SELECT `inventory_logs`.*, `products`.`name` as `product_name`, `products`.
FROM `inventory_logs`
JOIN `products` ON `products`.`id` = `inventory_logs`.`product_id`
ORDER BY `inventory_logs`.`created_at` DESC')
 2 SYSTEMPATH\Database\BaseConnection.php(827): CodeIgniter\Database\BaseConnection->simpleQuery('SELECT `inventory_logs`.*, `products`.`name` as `product_name`, `products`.
FROM `inventory_logs`
JOIN `products` ON `products`.`id` = `inventory_logs`.`product_id`
ORDER BY `inventory_logs`.`created_at` DESC')
 3 SYSTEMPATH\Database\BaseBuilder.php(1649): CodeIgniter\Database\BaseConnection->query('SELECT `inventory_logs`.*, `products`.`name` as `product_name`, `products`.
FROM `inventory_logs`
JOIN `products` ON `products`.`id` = `inventory_logs`.`product_id`
ORDER BY `inventory_logs`.`created_at` DESC', [], false)
 4 SYSTEMPATH\Model.php(253): CodeIgniter\Database\BaseBuilder->get()
 5 SYSTEMPATH\BaseModel.php(676): CodeIgniter\Model->doFindAll(0, 0)
 6 APPPATH\Models\InventoryModel.php(13): CodeIgniter\BaseModel->findAll()
 7 APPPATH\Controllers\Inventory.php(11): App\Models\InventoryModel->getLogs()
 8 SYSTEMPATH\CodeIgniter.php(951): App\Controllers\Inventory->index()
 9 SYSTEMPATH\CodeIgniter.php(497): CodeIgniter\CodeIgniter->runController(Object(App\Controllers\Inventory))
10 SYSTEMPATH\CodeIgniter.php(340): CodeIgniter\CodeIgniter->handleRequest(null, Object(Config\Cache), false)
11 SYSTEMPATH\Boot.php(417): CodeIgniter\CodeIgniter->run()
12 SYSTEMPATH\Boot.php(68): CodeIgniter\Boot::runCodeIgniter(Object(CodeIgniter\CodeIgniter))
13 FCPATH\index.php(59): CodeIgniter\Boot::bootWeb(Object(Config\Paths))
14 SYSTEMPATH\rewrite.php(44): require_once('C:\\xampp\\htdocs\\Web-Project\\public\\index.php')
CRITICAL - 2026-05-14 02:02:29 --> [Caused by] mysqli_sql_exception: You have an error in your SQL syntax; check the manual that corresponds to your MariaDB server version for the right syntax to use near 'FROM `inventory_logs`
JOIN `products` ON `products`.`id` = `inventory_logs`.`...' at line 2
in SYSTEMPATH\Database\MySQLi\Connection.php on line 300.
 1 SYSTEMPATH\Database\MySQLi\Connection.php(300): mysqli->query('SELECT `inventory_logs`.*, `products`.`name` as `product_name`, `products`.
FROM `inventory_logs`
JOIN `products` ON `products`.`id` = `inventory_logs`.`product_id`
ORDER BY `inventory_logs`.`created_at` DESC', 0)
 2 SYSTEMPATH\Database\BaseConnection.php(910): CodeIgniter\Database\MySQLi\Connection->execute('SELECT `inventory_logs`.*, `products`.`name` as `product_name`, `products`.
FROM `inventory_logs`
JOIN `products` ON `products`.`id` = `inventory_logs`.`product_id`
ORDER BY `inventory_logs`.`created_at` DESC')
 3 SYSTEMPATH\Database\BaseConnection.php(827): CodeIgniter\Database\BaseConnection->simpleQuery('SELECT `inventory_logs`.*, `products`.`name` as `product_name`, `products`.
FROM `inventory_logs`
JOIN `products` ON `products`.`id` = `inventory_logs`.`product_id`
ORDER BY `inventory_logs`.`created_at` DESC')
 4 SYSTEMPATH\Database\BaseBuilder.php(1649): CodeIgniter\Database\BaseConnection->query('SELECT `inventory_logs`.*, `products`.`name` as `product_name`, `products`.
FROM `inventory_logs`
JOIN `products` ON `products`.`id` = `inventory_logs`.`product_id`
ORDER BY `inventory_logs`.`created_at` DESC', [], false)
 5 SYSTEMPATH\Model.php(253): CodeIgniter\Database\BaseBuilder->get()
 6 SYSTEMPATH\BaseModel.php(676): CodeIgniter\Model->doFindAll(0, 0)
 7 APPPATH\Models\InventoryModel.php(13): CodeIgniter\BaseModel->findAll()
 8 APPPATH\Controllers\Inventory.php(11): App\Models\InventoryModel->getLogs()
 9 SYSTEMPATH\CodeIgniter.php(951): App\Controllers\Inventory->index()
10 SYSTEMPATH\CodeIgniter.php(497): CodeIgniter\CodeIgniter->runController(Object(App\Controllers\Inventory))
11 SYSTEMPATH\CodeIgniter.php(340): CodeIgniter\CodeIgniter->handleRequest(null, Object(Config\Cache), false)
12 SYSTEMPATH\Boot.php(417): CodeIgniter\CodeIgniter->run()
13 SYSTEMPATH\Boot.php(68): CodeIgniter\Boot::runCodeIgniter(Object(CodeIgniter\CodeIgniter))
14 FCPATH\index.php(59): CodeIgniter\Boot::bootWeb(Object(Config\Paths))
15 SYSTEMPATH\rewrite.php(44): require_once('C:\\xampp\\htdocs\\Web-Project\\public\\index.php')
DEBUG - 2026-05-14 02:07:32 --> Session: Class initialized using 'CodeIgniter\Session\Handlers\FileHandler' driver.
CRITICAL - 2026-05-14 02:07:32 --> ErrorException: Undefined array key "sku"
[Method: GET, Route: inventory]
in APPPATH\Views\inventory\index.php on line 10.
 1 APPPATH\Views\inventory\index.php(10): CodeIgniter\Debug\Exceptions->errorHandler(2, 'Undefined array key "sku"', 'C:\\xampp\\htdocs\\Web-Project\\app\\Views\\inventory\\index.php', 10)
 2 SYSTEMPATH\View\View.php(240): include('C:\\xampp\\htdocs\\Web-Project\\app\\Views\\inventory\\index.php')
 3 SYSTEMPATH\View\View.php(243): CodeIgniter\View\View->CodeIgniter\View\{closure}()
 4 SYSTEMPATH\Common.php(1250): CodeIgniter\View\View->render('inventory/index', [], true)
 5 APPPATH\Controllers\Inventory.php(16): view('inventory/index', [...])
 6 SYSTEMPATH\CodeIgniter.php(951): App\Controllers\Inventory->index()
 7 SYSTEMPATH\CodeIgniter.php(497): CodeIgniter\CodeIgniter->runController(Object(App\Controllers\Inventory))
 8 SYSTEMPATH\CodeIgniter.php(340): CodeIgniter\CodeIgniter->handleRequest(null, Object(Config\Cache), false)
 9 SYSTEMPATH\Boot.php(417): CodeIgniter\CodeIgniter->run()
10 SYSTEMPATH\Boot.php(68): CodeIgniter\Boot::runCodeIgniter(Object(CodeIgniter\CodeIgniter))
11 FCPATH\index.php(59): CodeIgniter\Boot::bootWeb(Object(Config\Paths))
12 SYSTEMPATH\rewrite.php(44): require_once('C:\\xampp\\htdocs\\Web-Project\\public\\index.php')
DEBUG - 2026-05-14 02:12:46 --> Session: Class initialized using 'CodeIgniter\Session\Handlers\FileHandler' driver.
CRITICAL - 2026-05-14 02:12:46 --> ErrorException: Undefined array key "sku"
[Method: GET, Route: inventory]
in APPPATH\Views\inventory\index.php on line 10.
 1 APPPATH\Views\inventory\index.php(10): CodeIgniter\Debug\Exceptions->errorHandler(2, 'Undefined array key "sku"', 'C:\\xampp\\htdocs\\Web-Project\\app\\Views\\inventory\\index.php', 10)
 2 SYSTEMPATH\View\View.php(240): include('C:\\xampp\\htdocs\\Web-Project\\app\\Views\\inventory\\index.php')
 3 SYSTEMPATH\View\View.php(243): CodeIgniter\View\View->CodeIgniter\View\{closure}()
 4 SYSTEMPATH\Common.php(1250): CodeIgniter\View\View->render('inventory/index', [], true)
 5 APPPATH\Controllers\Inventory.php(16): view('inventory/index', [...])
 6 SYSTEMPATH\CodeIgniter.php(951): App\Controllers\Inventory->index()
 7 SYSTEMPATH\CodeIgniter.php(497): CodeIgniter\CodeIgniter->runController(Object(App\Controllers\Inventory))
 8 SYSTEMPATH\CodeIgniter.php(340): CodeIgniter\CodeIgniter->handleRequest(null, Object(Config\Cache), false)
 9 SYSTEMPATH\Boot.php(417): CodeIgniter\CodeIgniter->run()
10 SYSTEMPATH\Boot.php(68): CodeIgniter\Boot::runCodeIgniter(Object(CodeIgniter\CodeIgniter))
11 FCPATH\index.php(59): CodeIgniter\Boot::bootWeb(Object(Config\Paths))
12 SYSTEMPATH\rewrite.php(44): require_once('C:\\xampp\\htdocs\\Web-Project\\public\\index.php')
DEBUG - 2026-05-14 02:12:47 --> Session: Class initialized using 'CodeIgniter\Session\Handlers\FileHandler' driver.
CRITICAL - 2026-05-14 02:12:47 --> ErrorException: Undefined array key "sku"
[Method: GET, Route: inventory]
in APPPATH\Views\inventory\index.php on line 10.
 1 APPPATH\Views\inventory\index.php(10): CodeIgniter\Debug\Exceptions->errorHandler(2, 'Undefined array key "sku"', 'C:\\xampp\\htdocs\\Web-Project\\app\\Views\\inventory\\index.php', 10)
 2 SYSTEMPATH\View\View.php(240): include('C:\\xampp\\htdocs\\Web-Project\\app\\Views\\inventory\\index.php')
 3 SYSTEMPATH\View\View.php(243): CodeIgniter\View\View->CodeIgniter\View\{closure}()
 4 SYSTEMPATH\Common.php(1250): CodeIgniter\View\View->render('inventory/index', [], true)
 5 APPPATH\Controllers\Inventory.php(16): view('inventory/index', [...])
 6 SYSTEMPATH\CodeIgniter.php(951): App\Controllers\Inventory->index()
 7 SYSTEMPATH\CodeIgniter.php(497): CodeIgniter\CodeIgniter->runController(Object(App\Controllers\Inventory))
 8 SYSTEMPATH\CodeIgniter.php(340): CodeIgniter\CodeIgniter->handleRequest(null, Object(Config\Cache), false)
 9 SYSTEMPATH\Boot.php(417): CodeIgniter\CodeIgniter->run()
10 SYSTEMPATH\Boot.php(68): CodeIgniter\Boot::runCodeIgniter(Object(CodeIgniter\CodeIgniter))
11 FCPATH\index.php(59): CodeIgniter\Boot::bootWeb(Object(Config\Paths))
12 SYSTEMPATH\rewrite.php(44): require_once('C:\\xampp\\htdocs\\Web-Project\\public\\index.php')
DEBUG - 2026-05-14 02:12:48 --> Session: Class initialized using 'CodeIgniter\Session\Handlers\FileHandler' driver.
DEBUG - 2026-05-14 02:12:51 --> Session: Class initialized using 'CodeIgniter\Session\Handlers\FileHandler' driver.
CRITICAL - 2026-05-14 02:12:51 --> ErrorException: Undefined array key "sku"
[Method: GET, Route: inventory]
in APPPATH\Views\inventory\index.php on line 10.
 1 APPPATH\Views\inventory\index.php(10): CodeIgniter\Debug\Exceptions->errorHandler(2, 'Undefined array key "sku"', 'C:\\xampp\\htdocs\\Web-Project\\app\\Views\\inventory\\index.php', 10)
 2 SYSTEMPATH\View\View.php(240): include('C:\\xampp\\htdocs\\Web-Project\\app\\Views\\inventory\\index.php')
 3 SYSTEMPATH\View\View.php(243): CodeIgniter\View\View->CodeIgniter\View\{closure}()
 4 SYSTEMPATH\Common.php(1250): CodeIgniter\View\View->render('inventory/index', [], true)
 5 APPPATH\Controllers\Inventory.php(16): view('inventory/index', [...])
 6 SYSTEMPATH\CodeIgniter.php(951): App\Controllers\Inventory->index()
 7 SYSTEMPATH\CodeIgniter.php(497): CodeIgniter\CodeIgniter->runController(Object(App\Controllers\Inventory))
 8 SYSTEMPATH\CodeIgniter.php(340): CodeIgniter\CodeIgniter->handleRequest(null, Object(Config\Cache), false)
 9 SYSTEMPATH\Boot.php(417): CodeIgniter\CodeIgniter->run()
10 SYSTEMPATH\Boot.php(68): CodeIgniter\Boot::runCodeIgniter(Object(CodeIgniter\CodeIgniter))
11 FCPATH\index.php(59): CodeIgniter\Boot::bootWeb(Object(Config\Paths))
12 SYSTEMPATH\rewrite.php(44): require_once('C:\\xampp\\htdocs\\Web-Project\\public\\index.php')
DEBUG - 2026-05-14 02:12:58 --> Session: Class initialized using 'CodeIgniter\Session\Handlers\FileHandler' driver.
CRITICAL - 2026-05-14 02:12:58 --> ErrorException: Undefined array key "sku"
[Method: GET, Route: inventory]
in APPPATH\Views\inventory\index.php on line 10.
 1 APPPATH\Views\inventory\index.php(10): CodeIgniter\Debug\Exceptions->errorHandler(2, 'Undefined array key "sku"', 'C:\\xampp\\htdocs\\Web-Project\\app\\Views\\inventory\\index.php', 10)
 2 SYSTEMPATH\View\View.php(240): include('C:\\xampp\\htdocs\\Web-Project\\app\\Views\\inventory\\index.php')
 3 SYSTEMPATH\View\View.php(243): CodeIgniter\View\View->CodeIgniter\View\{closure}()
 4 SYSTEMPATH\Common.php(1250): CodeIgniter\View\View->render('inventory/index', [], true)
 5 APPPATH\Controllers\Inventory.php(16): view('inventory/index', [...])
 6 SYSTEMPATH\CodeIgniter.php(951): App\Controllers\Inventory->index()
 7 SYSTEMPATH\CodeIgniter.php(497): CodeIgniter\CodeIgniter->runController(Object(App\Controllers\Inventory))
 8 SYSTEMPATH\CodeIgniter.php(340): CodeIgniter\CodeIgniter->handleRequest(null, Object(Config\Cache), false)
 9 SYSTEMPATH\Boot.php(417): CodeIgniter\CodeIgniter->run()
10 SYSTEMPATH\Boot.php(68): CodeIgniter\Boot::runCodeIgniter(Object(CodeIgniter\CodeIgniter))
11 FCPATH\index.php(59): CodeIgniter\Boot::bootWeb(Object(Config\Paths))
12 SYSTEMPATH\rewrite.php(44): require_once('C:\\xampp\\htdocs\\Web-Project\\public\\index.php')
DEBUG - 2026-05-14 02:13:00 --> Session: Class initialized using 'CodeIgniter\Session\Handlers\FileHandler' driver.
DEBUG - 2026-05-14 02:13:04 --> Session: Class initialized using 'CodeIgniter\Session\Handlers\FileHandler' driver.
CRITICAL - 2026-05-14 02:13:04 --> ErrorException: Undefined array key "sku"
[Method: GET, Route: inventory]
in APPPATH\Views\inventory\index.php on line 10.
 1 APPPATH\Views\inventory\index.php(10): CodeIgniter\Debug\Exceptions->errorHandler(2, 'Undefined array key "sku"', 'C:\\xampp\\htdocs\\Web-Project\\app\\Views\\inventory\\index.php', 10)
 2 SYSTEMPATH\View\View.php(240): include('C:\\xampp\\htdocs\\Web-Project\\app\\Views\\inventory\\index.php')
 3 SYSTEMPATH\View\View.php(243): CodeIgniter\View\View->CodeIgniter\View\{closure}()
 4 SYSTEMPATH\Common.php(1250): CodeIgniter\View\View->render('inventory/index', [], true)
 5 APPPATH\Controllers\Inventory.php(16): view('inventory/index', [...])
 6 SYSTEMPATH\CodeIgniter.php(951): App\Controllers\Inventory->index()
 7 SYSTEMPATH\CodeIgniter.php(497): CodeIgniter\CodeIgniter->runController(Object(App\Controllers\Inventory))
 8 SYSTEMPATH\CodeIgniter.php(340): CodeIgniter\CodeIgniter->handleRequest(null, Object(Config\Cache), false)
 9 SYSTEMPATH\Boot.php(417): CodeIgniter\CodeIgniter->run()
10 SYSTEMPATH\Boot.php(68): CodeIgniter\Boot::runCodeIgniter(Object(CodeIgniter\CodeIgniter))
11 FCPATH\index.php(59): CodeIgniter\Boot::bootWeb(Object(Config\Paths))
12 SYSTEMPATH\rewrite.php(44): require_once('C:\\xampp\\htdocs\\Web-Project\\public\\index.php')
DEBUG - 2026-05-14 02:15:35 --> Session: Class initialized using 'CodeIgniter\Session\Handlers\FileHandler' driver.
DEBUG - 2026-05-14 02:16:03 --> Session: Class initialized using 'CodeIgniter\Session\Handlers\FileHandler' driver.
DEBUG - 2026-05-14 02:16:03 --> Session: Class initialized using 'CodeIgniter\Session\Handlers\FileHandler' driver.
DEBUG - 2026-05-14 02:16:06 --> Session: Class initialized using 'CodeIgniter\Session\Handlers\FileHandler' driver.
DEBUG - 2026-05-14 02:18:46 --> Session: Class initialized using 'CodeIgniter\Session\Handlers\FileHandler' driver.
DEBUG - 2026-05-14 02:18:51 --> Session: Class initialized using 'CodeIgniter\Session\Handlers\FileHandler' driver.
DEBUG - 2026-05-14 02:18:53 --> Session: Class initialized using 'CodeIgniter\Session\Handlers\FileHandler' driver.
DEBUG - 2026-05-14 02:18:54 --> Session: Class initialized using 'CodeIgniter\Session\Handlers\FileHandler' driver.
DEBUG - 2026-05-14 02:19:11 --> Session: Class initialized using 'CodeIgniter\Session\Handlers\FileHandler' driver.
DEBUG - 2026-05-14 02:19:11 --> Session: Class initialized using 'CodeIgniter\Session\Handlers\FileHandler' driver.
DEBUG - 2026-05-14 02:19:13 --> Session: Class initialized using 'CodeIgniter\Session\Handlers\FileHandler' driver.
DEBUG - 2026-05-14 02:19:16 --> Session: Class initialized using 'CodeIgniter\Session\Handlers\FileHandler' driver.
DEBUG - 2026-05-14 02:19:24 --> Session: Class initialized using 'CodeIgniter\Session\Handlers\FileHandler' driver.
DEBUG - 2026-05-14 02:19:33 --> Session: Class initialized using 'CodeIgniter\Session\Handlers\FileHandler' driver.
DEBUG - 2026-05-14 02:20:43 --> Session: Class initialized using 'CodeIgniter\Session\Handlers\FileHandler' driver.
DEBUG - 2026-05-14 02:20:43 --> Session: Class initialized using 'CodeIgniter\Session\Handlers\FileHandler' driver.
DEBUG - 2026-05-14 02:20:52 --> Session: Class initialized using 'CodeIgniter\Session\Handlers\FileHandler' driver.
DEBUG - 2026-05-14 02:20:56 --> Session: Class initialized using 'CodeIgniter\Session\Handlers\FileHandler' driver.
DEBUG - 2026-05-14 02:21:09 --> Session: Class initialized using 'CodeIgniter\Session\Handlers\FileHandler' driver.
DEBUG - 2026-05-14 02:21:10 --> Session: Class initialized using 'CodeIgniter\Session\Handlers\FileHandler' driver.
DEBUG - 2026-05-14 02:21:12 --> Session: Class initialized using 'CodeIgniter\Session\Handlers\FileHandler' driver.
DEBUG - 2026-05-14 02:21:15 --> Session: Class initialized using 'CodeIgniter\Session\Handlers\FileHandler' driver.
DEBUG - 2026-05-14 02:21:41 --> Session: Class initialized using 'CodeIgniter\Session\Handlers\FileHandler' driver.
DEBUG - 2026-05-14 02:21:41 --> Session: Class initialized using 'CodeIgniter\Session\Handlers\FileHandler' driver.
DEBUG - 2026-05-14 02:21:46 --> Session: Class initialized using 'CodeIgniter\Session\Handlers\FileHandler' driver.
DEBUG - 2026-05-14 02:21:49 --> Session: Class initialized using 'CodeIgniter\Session\Handlers\FileHandler' driver.
DEBUG - 2026-05-14 02:21:51 --> Session: Class initialized using 'CodeIgniter\Session\Handlers\FileHandler' driver.
DEBUG - 2026-05-14 02:21:55 --> Session: Class initialized using 'CodeIgniter\Session\Handlers\FileHandler' driver.
DEBUG - 2026-05-14 02:22:05 --> Session: Class initialized using 'CodeIgniter\Session\Handlers\FileHandler' driver.
DEBUG - 2026-05-14 02:22:14 --> Session: Class initialized using 'CodeIgniter\Session\Handlers\FileHandler' driver.
DEBUG - 2026-05-14 02:26:05 --> Session: Class initialized using 'CodeIgniter\Session\Handlers\FileHandler' driver.
DEBUG - 2026-05-14 02:26:25 --> Session: Class initialized using 'CodeIgniter\Session\Handlers\FileHandler' driver.
DEBUG - 2026-05-14 02:26:27 --> Session: Class initialized using 'CodeIgniter\Session\Handlers\FileHandler' driver.
DEBUG - 2026-05-14 02:26:29 --> Session: Class initialized using 'CodeIgniter\Session\Handlers\FileHandler' driver.
DEBUG - 2026-05-14 02:26:30 --> Session: Class initialized using 'CodeIgniter\Session\Handlers\FileHandler' driver.
DEBUG - 2026-05-14 02:26:31 --> Session: Class initialized using 'CodeIgniter\Session\Handlers\FileHandler' driver.
DEBUG - 2026-05-14 02:26:33 --> Session: Class initialized using 'CodeIgniter\Session\Handlers\FileHandler' driver.
DEBUG - 2026-05-14 02:26:35 --> Session: Class initialized using 'CodeIgniter\Session\Handlers\FileHandler' driver.
DEBUG - 2026-05-14 02:26:54 --> Session: Class initialized using 'CodeIgniter\Session\Handlers\FileHandler' driver.
DEBUG - 2026-05-14 02:27:03 --> Session: Class initialized using 'CodeIgniter\Session\Handlers\FileHandler' driver.
DEBUG - 2026-05-14 02:27:29 --> Session: Class initialized using 'CodeIgniter\Session\Handlers\FileHandler' driver.
DEBUG - 2026-05-14 02:27:29 --> Session: Class initialized using 'CodeIgniter\Session\Handlers\FileHandler' driver.
DEBUG - 2026-05-14 02:34:30 --> Session: Class initialized using 'CodeIgniter\Session\Handlers\FileHandler' driver.
DEBUG - 2026-05-14 02:34:31 --> Session: Class initialized using 'CodeIgniter\Session\Handlers\FileHandler' driver.
DEBUG - 2026-05-14 02:34:40 --> Session: Class initialized using 'CodeIgniter\Session\Handlers\FileHandler' driver.
DEBUG - 2026-05-14 02:35:49 --> Session: Class initialized using 'CodeIgniter\Session\Handlers\FileHandler' driver.
DEBUG - 2026-05-14 02:35:51 --> Session: Class initialized using 'CodeIgniter\Session\Handlers\FileHandler' driver.
DEBUG - 2026-05-14 02:35:53 --> Session: Class initialized using 'CodeIgniter\Session\Handlers\FileHandler' driver.
DEBUG - 2026-05-14 02:35:57 --> Session: Class initialized using 'CodeIgniter\Session\Handlers\FileHandler' driver.
DEBUG - 2026-05-14 02:36:00 --> Session: Class initialized using 'CodeIgniter\Session\Handlers\FileHandler' driver.
DEBUG - 2026-05-14 02:36:02 --> Session: Class initialized using 'CodeIgniter\Session\Handlers\FileHandler' driver.
DEBUG - 2026-05-14 02:36:03 --> Session: Class initialized using 'CodeIgniter\Session\Handlers\FileHandler' driver.
DEBUG - 2026-05-14 02:36:17 --> Session: Class initialized using 'CodeIgniter\Session\Handlers\FileHandler' driver.
DEBUG - 2026-05-14 02:36:23 --> Session: Class initialized using 'CodeIgniter\Session\Handlers\FileHandler' driver.
DEBUG - 2026-05-14 02:40:54 --> Session: Class initialized using 'CodeIgniter\Session\Handlers\FileHandler' driver.
DEBUG - 2026-05-14 02:41:47 --> Session: Class initialized using 'CodeIgniter\Session\Handlers\FileHandler' driver.
DEBUG - 2026-05-14 02:41:59 --> Session: Class initialized using 'CodeIgniter\Session\Handlers\FileHandler' driver.
DEBUG - 2026-05-14 02:42:29 --> Session: Class initialized using 'CodeIgniter\Session\Handlers\FileHandler' driver.
DEBUG - 2026-05-14 02:42:44 --> Session: Class initialized using 'CodeIgniter\Session\Handlers\FileHandler' driver.
DEBUG - 2026-05-14 02:43:15 --> Session: Class initialized using 'CodeIgniter\Session\Handlers\FileHandler' driver.
DEBUG - 2026-05-14 02:43:31 --> Session: Class initialized using 'CodeIgniter\Session\Handlers\FileHandler' driver.
DEBUG - 2026-05-14 02:43:36 --> Session: Class initialized using 'CodeIgniter\Session\Handlers\FileHandler' driver.
DEBUG - 2026-05-14 02:43:46 --> Session: Class initialized using 'CodeIgniter\Session\Handlers\FileHandler' driver.
DEBUG - 2026-05-14 02:44:10 --> Session: Class initialized using 'CodeIgniter\Session\Handlers\FileHandler' driver.
ERROR - 2026-05-14 02:44:10 --> Cannot add or update a child row: a foreign key constraint fails (`mhaxx_store`.`products`, CONSTRAINT `products_ibfk_1` FOREIGN KEY (`category_id`) REFERENCES `categories` (`id`) ON DELETE SET NULL)
in SYSTEMPATH\Database\MySQLi\Connection.php on line 300.
 1 SYSTEMPATH\Database\MySQLi\Connection.php(300): mysqli->query('UPDATE `products` SET `category_id` = \'\', `name` = \'sprite\', `description` = \'\', `cost_price` = \'11.87\', `retail_price` = \'20.00\', `stock` = \'12\', `min_stock` = \'5\'
WHERE `products`.`id` IN (\'4\')', 0)
 2 SYSTEMPATH\Database\BaseConnection.php(910): CodeIgniter\Database\MySQLi\Connection->execute('UPDATE `products` SET `category_id` = \'\', `name` = \'sprite\', `description` = \'\', `cost_price` = \'11.87\', `retail_price` = \'20.00\', `stock` = \'12\', `min_stock` = \'5\'
WHERE `products`.`id` IN (\'4\')')
 3 SYSTEMPATH\Database\BaseConnection.php(827): CodeIgniter\Database\BaseConnection->simpleQuery('UPDATE `products` SET `category_id` = \'\', `name` = \'sprite\', `description` = \'\', `cost_price` = \'11.87\', `retail_price` = \'20.00\', `stock` = \'12\', `min_stock` = \'5\'
WHERE `products`.`id` IN (\'4\')')
 4 SYSTEMPATH\Database\BaseBuilder.php(2521): CodeIgniter\Database\BaseConnection->query('UPDATE `products` SET `category_id` = :category_id:, `name` = :name:, `description` = :description:, `cost_price` = :cost_price:, `retail_price` = :retail_price:, `stock` = :stock:, `min_stock` = :min_stock:
WHERE `products`.`id` IN :products.id:', [...], false)
 5 SYSTEMPATH\Model.php(406): CodeIgniter\Database\BaseBuilder->update()
 6 SYSTEMPATH\BaseModel.php(1074): CodeIgniter\Model->doUpdate([...], [...])
 7 SYSTEMPATH\Model.php(709): CodeIgniter\BaseModel->update([...], [...])
 8 APPPATH\Controllers\Products.php(58): CodeIgniter\Model->update('4', [...])
 9 SYSTEMPATH\CodeIgniter.php(951): App\Controllers\Products->update('4')
10 SYSTEMPATH\CodeIgniter.php(497): CodeIgniter\CodeIgniter->runController(Object(App\Controllers\Products))
11 SYSTEMPATH\CodeIgniter.php(340): CodeIgniter\CodeIgniter->handleRequest(null, Object(Config\Cache), false)
12 SYSTEMPATH\Boot.php(417): CodeIgniter\CodeIgniter->run()
13 SYSTEMPATH\Boot.php(68): CodeIgniter\Boot::runCodeIgniter(Object(CodeIgniter\CodeIgniter))
14 FCPATH\index.php(59): CodeIgniter\Boot::bootWeb(Object(Config\Paths))
15 SYSTEMPATH\rewrite.php(44): require_once('C:\\xampp\\htdocs\\Web-Project\\public\\index.php')
CRITICAL - 2026-05-14 02:44:10 --> CodeIgniter\Database\Exceptions\DatabaseException: Cannot add or update a child row: a foreign key constraint fails (`mhaxx_store`.`products`, CONSTRAINT `products_ibfk_1` FOREIGN KEY (`category_id`) REFERENCES `categories` (`id`) ON DELETE SET NULL)
[Method: PUT, Route: products/4]
in SYSTEMPATH\Database\BaseConnection.php on line 865.
 1 SYSTEMPATH\Database\BaseBuilder.php(2521): CodeIgniter\Database\BaseConnection->query('UPDATE `products` SET `category_id` = :category_id:, `name` = :name:, `description` = :description:, `cost_price` = :cost_price:, `retail_price` = :retail_price:, `stock` = :stock:, `min_stock` = :min_stock:
WHERE `products`.`id` IN :products.id:', [...], false)
 2 SYSTEMPATH\Model.php(406): CodeIgniter\Database\BaseBuilder->update()
 3 SYSTEMPATH\BaseModel.php(1074): CodeIgniter\Model->doUpdate([...], [...])
 4 SYSTEMPATH\Model.php(709): CodeIgniter\BaseModel->update([...], [...])
 5 APPPATH\Controllers\Products.php(58): CodeIgniter\Model->update('4', [...])
 6 SYSTEMPATH\CodeIgniter.php(951): App\Controllers\Products->update('4')
 7 SYSTEMPATH\CodeIgniter.php(497): CodeIgniter\CodeIgniter->runController(Object(App\Controllers\Products))
 8 SYSTEMPATH\CodeIgniter.php(340): CodeIgniter\CodeIgniter->handleRequest(null, Object(Config\Cache), false)
 9 SYSTEMPATH\Boot.php(417): CodeIgniter\CodeIgniter->run()
10 SYSTEMPATH\Boot.php(68): CodeIgniter\Boot::runCodeIgniter(Object(CodeIgniter\CodeIgniter))
11 FCPATH\index.php(59): CodeIgniter\Boot::bootWeb(Object(Config\Paths))
12 SYSTEMPATH\rewrite.php(44): require_once('C:\\xampp\\htdocs\\Web-Project\\public\\index.php')
CRITICAL - 2026-05-14 02:44:10 --> [Caused by] CodeIgniter\Database\Exceptions\DatabaseException: Cannot add or update a child row: a foreign key constraint fails (`mhaxx_store`.`products`, CONSTRAINT `products_ibfk_1` FOREIGN KEY (`category_id`) REFERENCES `categories` (`id`) ON DELETE SET NULL)
in SYSTEMPATH\Database\MySQLi\Connection.php on line 310.
 1 SYSTEMPATH\Database\BaseConnection.php(910): CodeIgniter\Database\MySQLi\Connection->execute('UPDATE `products` SET `category_id` = \'\', `name` = \'sprite\', `description` = \'\', `cost_price` = \'11.87\', `retail_price` = \'20.00\', `stock` = \'12\', `min_stock` = \'5\'
WHERE `products`.`id` IN (\'4\')')
 2 SYSTEMPATH\Database\BaseConnection.php(827): CodeIgniter\Database\BaseConnection->simpleQuery('UPDATE `products` SET `category_id` = \'\', `name` = \'sprite\', `description` = \'\', `cost_price` = \'11.87\', `retail_price` = \'20.00\', `stock` = \'12\', `min_stock` = \'5\'
WHERE `products`.`id` IN (\'4\')')
 3 SYSTEMPATH\Database\BaseBuilder.php(2521): CodeIgniter\Database\BaseConnection->query('UPDATE `products` SET `category_id` = :category_id:, `name` = :name:, `description` = :description:, `cost_price` = :cost_price:, `retail_price` = :retail_price:, `stock` = :stock:, `min_stock` = :min_stock:
WHERE `products`.`id` IN :products.id:', [...], false)
 4 SYSTEMPATH\Model.php(406): CodeIgniter\Database\BaseBuilder->update()
 5 SYSTEMPATH\BaseModel.php(1074): CodeIgniter\Model->doUpdate([...], [...])
 6 SYSTEMPATH\Model.php(709): CodeIgniter\BaseModel->update([...], [...])
 7 APPPATH\Controllers\Products.php(58): CodeIgniter\Model->update('4', [...])
 8 SYSTEMPATH\CodeIgniter.php(951): App\Controllers\Products->update('4')
 9 SYSTEMPATH\CodeIgniter.php(497): CodeIgniter\CodeIgniter->runController(Object(App\Controllers\Products))
10 SYSTEMPATH\CodeIgniter.php(340): CodeIgniter\CodeIgniter->handleRequest(null, Object(Config\Cache), false)
11 SYSTEMPATH\Boot.php(417): CodeIgniter\CodeIgniter->run()
12 SYSTEMPATH\Boot.php(68): CodeIgniter\Boot::runCodeIgniter(Object(CodeIgniter\CodeIgniter))
13 FCPATH\index.php(59): CodeIgniter\Boot::bootWeb(Object(Config\Paths))
14 SYSTEMPATH\rewrite.php(44): require_once('C:\\xampp\\htdocs\\Web-Project\\public\\index.php')
CRITICAL - 2026-05-14 02:44:10 --> [Caused by] mysqli_sql_exception: Cannot add or update a child row: a foreign key constraint fails (`mhaxx_store`.`products`, CONSTRAINT `products_ibfk_1` FOREIGN KEY (`category_id`) REFERENCES `categories` (`id`) ON DELETE SET NULL)
in SYSTEMPATH\Database\MySQLi\Connection.php on line 300.
 1 SYSTEMPATH\Database\MySQLi\Connection.php(300): mysqli->query('UPDATE `products` SET `category_id` = \'\', `name` = \'sprite\', `description` = \'\', `cost_price` = \'11.87\', `retail_price` = \'20.00\', `stock` = \'12\', `min_stock` = \'5\'
WHERE `products`.`id` IN (\'4\')', 0)
 2 SYSTEMPATH\Database\BaseConnection.php(910): CodeIgniter\Database\MySQLi\Connection->execute('UPDATE `products` SET `category_id` = \'\', `name` = \'sprite\', `description` = \'\', `cost_price` = \'11.87\', `retail_price` = \'20.00\', `stock` = \'12\', `min_stock` = \'5\'
WHERE `products`.`id` IN (\'4\')')
 3 SYSTEMPATH\Database\BaseConnection.php(827): CodeIgniter\Database\BaseConnection->simpleQuery('UPDATE `products` SET `category_id` = \'\', `name` = \'sprite\', `description` = \'\', `cost_price` = \'11.87\', `retail_price` = \'20.00\', `stock` = \'12\', `min_stock` = \'5\'
WHERE `products`.`id` IN (\'4\')')
 4 SYSTEMPATH\Database\BaseBuilder.php(2521): CodeIgniter\Database\BaseConnection->query('UPDATE `products` SET `category_id` = :category_id:, `name` = :name:, `description` = :description:, `cost_price` = :cost_price:, `retail_price` = :retail_price:, `stock` = :stock:, `min_stock` = :min_stock:
WHERE `products`.`id` IN :products.id:', [...], false)
 5 SYSTEMPATH\Model.php(406): CodeIgniter\Database\BaseBuilder->update()
 6 SYSTEMPATH\BaseModel.php(1074): CodeIgniter\Model->doUpdate([...], [...])
 7 SYSTEMPATH\Model.php(709): CodeIgniter\BaseModel->update([...], [...])
 8 APPPATH\Controllers\Products.php(58): CodeIgniter\Model->update('4', [...])
 9 SYSTEMPATH\CodeIgniter.php(951): App\Controllers\Products->update('4')
10 SYSTEMPATH\CodeIgniter.php(497): CodeIgniter\CodeIgniter->runController(Object(App\Controllers\Products))
11 SYSTEMPATH\CodeIgniter.php(340): CodeIgniter\CodeIgniter->handleRequest(null, Object(Config\Cache), false)
12 SYSTEMPATH\Boot.php(417): CodeIgniter\CodeIgniter->run()
13 SYSTEMPATH\Boot.php(68): CodeIgniter\Boot::runCodeIgniter(Object(CodeIgniter\CodeIgniter))
14 FCPATH\index.php(59): CodeIgniter\Boot::bootWeb(Object(Config\Paths))
15 SYSTEMPATH\rewrite.php(44): require_once('C:\\xampp\\htdocs\\Web-Project\\public\\index.php')
DEBUG - 2026-05-14 02:44:21 --> Session: Class initialized using 'CodeIgniter\Session\Handlers\FileHandler' driver.
ERROR - 2026-05-14 02:44:21 --> Cannot add or update a child row: a foreign key constraint fails (`mhaxx_store`.`products`, CONSTRAINT `products_ibfk_1` FOREIGN KEY (`category_id`) REFERENCES `categories` (`id`) ON DELETE SET NULL)
in SYSTEMPATH\Database\MySQLi\Connection.php on line 300.
 1 SYSTEMPATH\Database\MySQLi\Connection.php(300): mysqli->query('UPDATE `products` SET `category_id` = \'\', `name` = \'sprite\', `description` = \'\', `cost_price` = \'11.87\', `retail_price` = \'20.00\', `stock` = \'12\', `min_stock` = \'5\'
WHERE `products`.`id` IN (\'4\')', 0)
 2 SYSTEMPATH\Database\BaseConnection.php(910): CodeIgniter\Database\MySQLi\Connection->execute('UPDATE `products` SET `category_id` = \'\', `name` = \'sprite\', `description` = \'\', `cost_price` = \'11.87\', `retail_price` = \'20.00\', `stock` = \'12\', `min_stock` = \'5\'
WHERE `products`.`id` IN (\'4\')')
 3 SYSTEMPATH\Database\BaseConnection.php(827): CodeIgniter\Database\BaseConnection->simpleQuery('UPDATE `products` SET `category_id` = \'\', `name` = \'sprite\', `description` = \'\', `cost_price` = \'11.87\', `retail_price` = \'20.00\', `stock` = \'12\', `min_stock` = \'5\'
WHERE `products`.`id` IN (\'4\')')
 4 SYSTEMPATH\Database\BaseBuilder.php(2521): CodeIgniter\Database\BaseConnection->query('UPDATE `products` SET `category_id` = :category_id:, `name` = :name:, `description` = :description:, `cost_price` = :cost_price:, `retail_price` = :retail_price:, `stock` = :stock:, `min_stock` = :min_stock:
WHERE `products`.`id` IN :products.id:', [...], false)
 5 SYSTEMPATH\Model.php(406): CodeIgniter\Database\BaseBuilder->update()
 6 SYSTEMPATH\BaseModel.php(1074): CodeIgniter\Model->doUpdate([...], [...])
 7 SYSTEMPATH\Model.php(709): CodeIgniter\BaseModel->update([...], [...])
 8 APPPATH\Controllers\Products.php(58): CodeIgniter\Model->update('4', [...])
 9 SYSTEMPATH\CodeIgniter.php(951): App\Controllers\Products->update('4')
10 SYSTEMPATH\CodeIgniter.php(497): CodeIgniter\CodeIgniter->runController(Object(App\Controllers\Products))
11 SYSTEMPATH\CodeIgniter.php(340): CodeIgniter\CodeIgniter->handleRequest(null, Object(Config\Cache), false)
12 SYSTEMPATH\Boot.php(417): CodeIgniter\CodeIgniter->run()
13 SYSTEMPATH\Boot.php(68): CodeIgniter\Boot::runCodeIgniter(Object(CodeIgniter\CodeIgniter))
14 FCPATH\index.php(59): CodeIgniter\Boot::bootWeb(Object(Config\Paths))
15 SYSTEMPATH\rewrite.php(44): require_once('C:\\xampp\\htdocs\\Web-Project\\public\\index.php')
CRITICAL - 2026-05-14 02:44:21 --> CodeIgniter\Database\Exceptions\DatabaseException: Cannot add or update a child row: a foreign key constraint fails (`mhaxx_store`.`products`, CONSTRAINT `products_ibfk_1` FOREIGN KEY (`category_id`) REFERENCES `categories` (`id`) ON DELETE SET NULL)
[Method: PUT, Route: products/4]
in SYSTEMPATH\Database\BaseConnection.php on line 865.
 1 SYSTEMPATH\Database\BaseBuilder.php(2521): CodeIgniter\Database\BaseConnection->query('UPDATE `products` SET `category_id` = :category_id:, `name` = :name:, `description` = :description:, `cost_price` = :cost_price:, `retail_price` = :retail_price:, `stock` = :stock:, `min_stock` = :min_stock:
WHERE `products`.`id` IN :products.id:', [...], false)
 2 SYSTEMPATH\Model.php(406): CodeIgniter\Database\BaseBuilder->update()
 3 SYSTEMPATH\BaseModel.php(1074): CodeIgniter\Model->doUpdate([...], [...])
 4 SYSTEMPATH\Model.php(709): CodeIgniter\BaseModel->update([...], [...])
 5 APPPATH\Controllers\Products.php(58): CodeIgniter\Model->update('4', [...])
 6 SYSTEMPATH\CodeIgniter.php(951): App\Controllers\Products->update('4')
 7 SYSTEMPATH\CodeIgniter.php(497): CodeIgniter\CodeIgniter->runController(Object(App\Controllers\Products))
 8 SYSTEMPATH\CodeIgniter.php(340): CodeIgniter\CodeIgniter->handleRequest(null, Object(Config\Cache), false)
 9 SYSTEMPATH\Boot.php(417): CodeIgniter\CodeIgniter->run()
10 SYSTEMPATH\Boot.php(68): CodeIgniter\Boot::runCodeIgniter(Object(CodeIgniter\CodeIgniter))
11 FCPATH\index.php(59): CodeIgniter\Boot::bootWeb(Object(Config\Paths))
12 SYSTEMPATH\rewrite.php(44): require_once('C:\\xampp\\htdocs\\Web-Project\\public\\index.php')
CRITICAL - 2026-05-14 02:44:21 --> [Caused by] CodeIgniter\Database\Exceptions\DatabaseException: Cannot add or update a child row: a foreign key constraint fails (`mhaxx_store`.`products`, CONSTRAINT `products_ibfk_1` FOREIGN KEY (`category_id`) REFERENCES `categories` (`id`) ON DELETE SET NULL)
in SYSTEMPATH\Database\MySQLi\Connection.php on line 310.
 1 SYSTEMPATH\Database\BaseConnection.php(910): CodeIgniter\Database\MySQLi\Connection->execute('UPDATE `products` SET `category_id` = \'\', `name` = \'sprite\', `description` = \'\', `cost_price` = \'11.87\', `retail_price` = \'20.00\', `stock` = \'12\', `min_stock` = \'5\'
WHERE `products`.`id` IN (\'4\')')
 2 SYSTEMPATH\Database\BaseConnection.php(827): CodeIgniter\Database\BaseConnection->simpleQuery('UPDATE `products` SET `category_id` = \'\', `name` = \'sprite\', `description` = \'\', `cost_price` = \'11.87\', `retail_price` = \'20.00\', `stock` = \'12\', `min_stock` = \'5\'
WHERE `products`.`id` IN (\'4\')')
 3 SYSTEMPATH\Database\BaseBuilder.php(2521): CodeIgniter\Database\BaseConnection->query('UPDATE `products` SET `category_id` = :category_id:, `name` = :name:, `description` = :description:, `cost_price` = :cost_price:, `retail_price` = :retail_price:, `stock` = :stock:, `min_stock` = :min_stock:
WHERE `products`.`id` IN :products.id:', [...], false)
 4 SYSTEMPATH\Model.php(406): CodeIgniter\Database\BaseBuilder->update()
 5 SYSTEMPATH\BaseModel.php(1074): CodeIgniter\Model->doUpdate([...], [...])
 6 SYSTEMPATH\Model.php(709): CodeIgniter\BaseModel->update([...], [...])
 7 APPPATH\Controllers\Products.php(58): CodeIgniter\Model->update('4', [...])
 8 SYSTEMPATH\CodeIgniter.php(951): App\Controllers\Products->update('4')
 9 SYSTEMPATH\CodeIgniter.php(497): CodeIgniter\CodeIgniter->runController(Object(App\Controllers\Products))
10 SYSTEMPATH\CodeIgniter.php(340): CodeIgniter\CodeIgniter->handleRequest(null, Object(Config\Cache), false)
11 SYSTEMPATH\Boot.php(417): CodeIgniter\CodeIgniter->run()
12 SYSTEMPATH\Boot.php(68): CodeIgniter\Boot::runCodeIgniter(Object(CodeIgniter\CodeIgniter))
13 FCPATH\index.php(59): CodeIgniter\Boot::bootWeb(Object(Config\Paths))
14 SYSTEMPATH\rewrite.php(44): require_once('C:\\xampp\\htdocs\\Web-Project\\public\\index.php')
CRITICAL - 2026-05-14 02:44:21 --> [Caused by] mysqli_sql_exception: Cannot add or update a child row: a foreign key constraint fails (`mhaxx_store`.`products`, CONSTRAINT `products_ibfk_1` FOREIGN KEY (`category_id`) REFERENCES `categories` (`id`) ON DELETE SET NULL)
in SYSTEMPATH\Database\MySQLi\Connection.php on line 300.
 1 SYSTEMPATH\Database\MySQLi\Connection.php(300): mysqli->query('UPDATE `products` SET `category_id` = \'\', `name` = \'sprite\', `description` = \'\', `cost_price` = \'11.87\', `retail_price` = \'20.00\', `stock` = \'12\', `min_stock` = \'5\'
WHERE `products`.`id` IN (\'4\')', 0)
 2 SYSTEMPATH\Database\BaseConnection.php(910): CodeIgniter\Database\MySQLi\Connection->execute('UPDATE `products` SET `category_id` = \'\', `name` = \'sprite\', `description` = \'\', `cost_price` = \'11.87\', `retail_price` = \'20.00\', `stock` = \'12\', `min_stock` = \'5\'
WHERE `products`.`id` IN (\'4\')')
 3 SYSTEMPATH\Database\BaseConnection.php(827): CodeIgniter\Database\BaseConnection->simpleQuery('UPDATE `products` SET `category_id` = \'\', `name` = \'sprite\', `description` = \'\', `cost_price` = \'11.87\', `retail_price` = \'20.00\', `stock` = \'12\', `min_stock` = \'5\'
WHERE `products`.`id` IN (\'4\')')
 4 SYSTEMPATH\Database\BaseBuilder.php(2521): CodeIgniter\Database\BaseConnection->query('UPDATE `products` SET `category_id` = :category_id:, `name` = :name:, `description` = :description:, `cost_price` = :cost_price:, `retail_price` = :retail_price:, `stock` = :stock:, `min_stock` = :min_stock:
WHERE `products`.`id` IN :products.id:', [...], false)
 5 SYSTEMPATH\Model.php(406): CodeIgniter\Database\BaseBuilder->update()
 6 SYSTEMPATH\BaseModel.php(1074): CodeIgniter\Model->doUpdate([...], [...])
 7 SYSTEMPATH\Model.php(709): CodeIgniter\BaseModel->update([...], [...])
 8 APPPATH\Controllers\Products.php(58): CodeIgniter\Model->update('4', [...])
 9 SYSTEMPATH\CodeIgniter.php(951): App\Controllers\Products->update('4')
10 SYSTEMPATH\CodeIgniter.php(497): CodeIgniter\CodeIgniter->runController(Object(App\Controllers\Products))
11 SYSTEMPATH\CodeIgniter.php(340): CodeIgniter\CodeIgniter->handleRequest(null, Object(Config\Cache), false)
12 SYSTEMPATH\Boot.php(417): CodeIgniter\CodeIgniter->run()
13 SYSTEMPATH\Boot.php(68): CodeIgniter\Boot::runCodeIgniter(Object(CodeIgniter\CodeIgniter))
14 FCPATH\index.php(59): CodeIgniter\Boot::bootWeb(Object(Config\Paths))
15 SYSTEMPATH\rewrite.php(44): require_once('C:\\xampp\\htdocs\\Web-Project\\public\\index.php')
DEBUG - 2026-05-14 02:48:08 --> Session: Class initialized using 'CodeIgniter\Session\Handlers\FileHandler' driver.
ERROR - 2026-05-14 02:48:08 --> Cannot add or update a child row: a foreign key constraint fails (`mhaxx_store`.`products`, CONSTRAINT `products_ibfk_1` FOREIGN KEY (`category_id`) REFERENCES `categories` (`id`) ON DELETE SET NULL)
in SYSTEMPATH\Database\MySQLi\Connection.php on line 300.
 1 SYSTEMPATH\Database\MySQLi\Connection.php(300): mysqli->query('UPDATE `products` SET `category_id` = \'\', `name` = \'sprite\', `description` = \'\', `cost_price` = \'11.87\', `retail_price` = \'20.00\', `stock` = \'12\', `min_stock` = \'5\'
WHERE `products`.`id` IN (\'4\')', 0)
 2 SYSTEMPATH\Database\BaseConnection.php(910): CodeIgniter\Database\MySQLi\Connection->execute('UPDATE `products` SET `category_id` = \'\', `name` = \'sprite\', `description` = \'\', `cost_price` = \'11.87\', `retail_price` = \'20.00\', `stock` = \'12\', `min_stock` = \'5\'
WHERE `products`.`id` IN (\'4\')')
 3 SYSTEMPATH\Database\BaseConnection.php(827): CodeIgniter\Database\BaseConnection->simpleQuery('UPDATE `products` SET `category_id` = \'\', `name` = \'sprite\', `description` = \'\', `cost_price` = \'11.87\', `retail_price` = \'20.00\', `stock` = \'12\', `min_stock` = \'5\'
WHERE `products`.`id` IN (\'4\')')
 4 SYSTEMPATH\Database\BaseBuilder.php(2521): CodeIgniter\Database\BaseConnection->query('UPDATE `products` SET `category_id` = :category_id:, `name` = :name:, `description` = :description:, `cost_price` = :cost_price:, `retail_price` = :retail_price:, `stock` = :stock:, `min_stock` = :min_stock:
WHERE `products`.`id` IN :products.id:', [...], false)
 5 SYSTEMPATH\Model.php(406): CodeIgniter\Database\BaseBuilder->update()
 6 SYSTEMPATH\BaseModel.php(1074): CodeIgniter\Model->doUpdate([...], [...])
 7 SYSTEMPATH\Model.php(709): CodeIgniter\BaseModel->update([...], [...])
 8 APPPATH\Controllers\Products.php(63): CodeIgniter\Model->update('4', [...])
 9 SYSTEMPATH\CodeIgniter.php(951): App\Controllers\Products->update('4')
10 SYSTEMPATH\CodeIgniter.php(497): CodeIgniter\CodeIgniter->runController(Object(App\Controllers\Products))
11 SYSTEMPATH\CodeIgniter.php(340): CodeIgniter\CodeIgniter->handleRequest(null, Object(Config\Cache), false)
12 SYSTEMPATH\Boot.php(417): CodeIgniter\CodeIgniter->run()
13 SYSTEMPATH\Boot.php(68): CodeIgniter\Boot::runCodeIgniter(Object(CodeIgniter\CodeIgniter))
14 FCPATH\index.php(59): CodeIgniter\Boot::bootWeb(Object(Config\Paths))
15 SYSTEMPATH\rewrite.php(44): require_once('C:\\xampp\\htdocs\\Web-Project\\public\\index.php')
CRITICAL - 2026-05-14 02:48:08 --> CodeIgniter\Database\Exceptions\DatabaseException: Cannot add or update a child row: a foreign key constraint fails (`mhaxx_store`.`products`, CONSTRAINT `products_ibfk_1` FOREIGN KEY (`category_id`) REFERENCES `categories` (`id`) ON DELETE SET NULL)
[Method: PUT, Route: products/4]
in SYSTEMPATH\Database\BaseConnection.php on line 865.
 1 SYSTEMPATH\Database\BaseBuilder.php(2521): CodeIgniter\Database\BaseConnection->query('UPDATE `products` SET `category_id` = :category_id:, `name` = :name:, `description` = :description:, `cost_price` = :cost_price:, `retail_price` = :retail_price:, `stock` = :stock:, `min_stock` = :min_stock:
WHERE `products`.`id` IN :products.id:', [...], false)
 2 SYSTEMPATH\Model.php(406): CodeIgniter\Database\BaseBuilder->update()
 3 SYSTEMPATH\BaseModel.php(1074): CodeIgniter\Model->doUpdate([...], [...])
 4 SYSTEMPATH\Model.php(709): CodeIgniter\BaseModel->update([...], [...])
 5 APPPATH\Controllers\Products.php(63): CodeIgniter\Model->update('4', [...])
 6 SYSTEMPATH\CodeIgniter.php(951): App\Controllers\Products->update('4')
 7 SYSTEMPATH\CodeIgniter.php(497): CodeIgniter\CodeIgniter->runController(Object(App\Controllers\Products))
 8 SYSTEMPATH\CodeIgniter.php(340): CodeIgniter\CodeIgniter->handleRequest(null, Object(Config\Cache), false)
 9 SYSTEMPATH\Boot.php(417): CodeIgniter\CodeIgniter->run()
10 SYSTEMPATH\Boot.php(68): CodeIgniter\Boot::runCodeIgniter(Object(CodeIgniter\CodeIgniter))
11 FCPATH\index.php(59): CodeIgniter\Boot::bootWeb(Object(Config\Paths))
12 SYSTEMPATH\rewrite.php(44): require_once('C:\\xampp\\htdocs\\Web-Project\\public\\index.php')
CRITICAL - 2026-05-14 02:48:08 --> [Caused by] CodeIgniter\Database\Exceptions\DatabaseException: Cannot add or update a child row: a foreign key constraint fails (`mhaxx_store`.`products`, CONSTRAINT `products_ibfk_1` FOREIGN KEY (`category_id`) REFERENCES `categories` (`id`) ON DELETE SET NULL)
in SYSTEMPATH\Database\MySQLi\Connection.php on line 310.
 1 SYSTEMPATH\Database\BaseConnection.php(910): CodeIgniter\Database\MySQLi\Connection->execute('UPDATE `products` SET `category_id` = \'\', `name` = \'sprite\', `description` = \'\', `cost_price` = \'11.87\', `retail_price` = \'20.00\', `stock` = \'12\', `min_stock` = \'5\'
WHERE `products`.`id` IN (\'4\')')
 2 SYSTEMPATH\Database\BaseConnection.php(827): CodeIgniter\Database\BaseConnection->simpleQuery('UPDATE `products` SET `category_id` = \'\', `name` = \'sprite\', `description` = \'\', `cost_price` = \'11.87\', `retail_price` = \'20.00\', `stock` = \'12\', `min_stock` = \'5\'
WHERE `products`.`id` IN (\'4\')')
 3 SYSTEMPATH\Database\BaseBuilder.php(2521): CodeIgniter\Database\BaseConnection->query('UPDATE `products` SET `category_id` = :category_id:, `name` = :name:, `description` = :description:, `cost_price` = :cost_price:, `retail_price` = :retail_price:, `stock` = :stock:, `min_stock` = :min_stock:
WHERE `products`.`id` IN :products.id:', [...], false)
 4 SYSTEMPATH\Model.php(406): CodeIgniter\Database\BaseBuilder->update()
 5 SYSTEMPATH\BaseModel.php(1074): CodeIgniter\Model->doUpdate([...], [...])
 6 SYSTEMPATH\Model.php(709): CodeIgniter\BaseModel->update([...], [...])
 7 APPPATH\Controllers\Products.php(63): CodeIgniter\Model->update('4', [...])
 8 SYSTEMPATH\CodeIgniter.php(951): App\Controllers\Products->update('4')
 9 SYSTEMPATH\CodeIgniter.php(497): CodeIgniter\CodeIgniter->runController(Object(App\Controllers\Products))
10 SYSTEMPATH\CodeIgniter.php(340): CodeIgniter\CodeIgniter->handleRequest(null, Object(Config\Cache), false)
11 SYSTEMPATH\Boot.php(417): CodeIgniter\CodeIgniter->run()
12 SYSTEMPATH\Boot.php(68): CodeIgniter\Boot::runCodeIgniter(Object(CodeIgniter\CodeIgniter))
13 FCPATH\index.php(59): CodeIgniter\Boot::bootWeb(Object(Config\Paths))
14 SYSTEMPATH\rewrite.php(44): require_once('C:\\xampp\\htdocs\\Web-Project\\public\\index.php')
CRITICAL - 2026-05-14 02:48:08 --> [Caused by] mysqli_sql_exception: Cannot add or update a child row: a foreign key constraint fails (`mhaxx_store`.`products`, CONSTRAINT `products_ibfk_1` FOREIGN KEY (`category_id`) REFERENCES `categories` (`id`) ON DELETE SET NULL)
in SYSTEMPATH\Database\MySQLi\Connection.php on line 300.
 1 SYSTEMPATH\Database\MySQLi\Connection.php(300): mysqli->query('UPDATE `products` SET `category_id` = \'\', `name` = \'sprite\', `description` = \'\', `cost_price` = \'11.87\', `retail_price` = \'20.00\', `stock` = \'12\', `min_stock` = \'5\'
WHERE `products`.`id` IN (\'4\')', 0)
 2 SYSTEMPATH\Database\BaseConnection.php(910): CodeIgniter\Database\MySQLi\Connection->execute('UPDATE `products` SET `category_id` = \'\', `name` = \'sprite\', `description` = \'\', `cost_price` = \'11.87\', `retail_price` = \'20.00\', `stock` = \'12\', `min_stock` = \'5\'
WHERE `products`.`id` IN (\'4\')')
 3 SYSTEMPATH\Database\BaseConnection.php(827): CodeIgniter\Database\BaseConnection->simpleQuery('UPDATE `products` SET `category_id` = \'\', `name` = \'sprite\', `description` = \'\', `cost_price` = \'11.87\', `retail_price` = \'20.00\', `stock` = \'12\', `min_stock` = \'5\'
WHERE `products`.`id` IN (\'4\')')
 4 SYSTEMPATH\Database\BaseBuilder.php(2521): CodeIgniter\Database\BaseConnection->query('UPDATE `products` SET `category_id` = :category_id:, `name` = :name:, `description` = :description:, `cost_price` = :cost_price:, `retail_price` = :retail_price:, `stock` = :stock:, `min_stock` = :min_stock:
WHERE `products`.`id` IN :products.id:', [...], false)
 5 SYSTEMPATH\Model.php(406): CodeIgniter\Database\BaseBuilder->update()
 6 SYSTEMPATH\BaseModel.php(1074): CodeIgniter\Model->doUpdate([...], [...])
 7 SYSTEMPATH\Model.php(709): CodeIgniter\BaseModel->update([...], [...])
 8 APPPATH\Controllers\Products.php(63): CodeIgniter\Model->update('4', [...])
 9 SYSTEMPATH\CodeIgniter.php(951): App\Controllers\Products->update('4')
10 SYSTEMPATH\CodeIgniter.php(497): CodeIgniter\CodeIgniter->runController(Object(App\Controllers\Products))
11 SYSTEMPATH\CodeIgniter.php(340): CodeIgniter\CodeIgniter->handleRequest(null, Object(Config\Cache), false)
12 SYSTEMPATH\Boot.php(417): CodeIgniter\CodeIgniter->run()
13 SYSTEMPATH\Boot.php(68): CodeIgniter\Boot::runCodeIgniter(Object(CodeIgniter\CodeIgniter))
14 FCPATH\index.php(59): CodeIgniter\Boot::bootWeb(Object(Config\Paths))
15 SYSTEMPATH\rewrite.php(44): require_once('C:\\xampp\\htdocs\\Web-Project\\public\\index.php')
DEBUG - 2026-05-14 02:48:11 --> Session: Class initialized using 'CodeIgniter\Session\Handlers\FileHandler' driver.
ERROR - 2026-05-14 02:48:11 --> Cannot add or update a child row: a foreign key constraint fails (`mhaxx_store`.`products`, CONSTRAINT `products_ibfk_1` FOREIGN KEY (`category_id`) REFERENCES `categories` (`id`) ON DELETE SET NULL)
in SYSTEMPATH\Database\MySQLi\Connection.php on line 300.
 1 SYSTEMPATH\Database\MySQLi\Connection.php(300): mysqli->query('UPDATE `products` SET `category_id` = \'\', `name` = \'sprite\', `description` = \'\', `cost_price` = \'11.87\', `retail_price` = \'20.00\', `stock` = \'12\', `min_stock` = \'5\'
WHERE `products`.`id` IN (\'4\')', 0)
 2 SYSTEMPATH\Database\BaseConnection.php(910): CodeIgniter\Database\MySQLi\Connection->execute('UPDATE `products` SET `category_id` = \'\', `name` = \'sprite\', `description` = \'\', `cost_price` = \'11.87\', `retail_price` = \'20.00\', `stock` = \'12\', `min_stock` = \'5\'
WHERE `products`.`id` IN (\'4\')')
 3 SYSTEMPATH\Database\BaseConnection.php(827): CodeIgniter\Database\BaseConnection->simpleQuery('UPDATE `products` SET `category_id` = \'\', `name` = \'sprite\', `description` = \'\', `cost_price` = \'11.87\', `retail_price` = \'20.00\', `stock` = \'12\', `min_stock` = \'5\'
WHERE `products`.`id` IN (\'4\')')
 4 SYSTEMPATH\Database\BaseBuilder.php(2521): CodeIgniter\Database\BaseConnection->query('UPDATE `products` SET `category_id` = :category_id:, `name` = :name:, `description` = :description:, `cost_price` = :cost_price:, `retail_price` = :retail_price:, `stock` = :stock:, `min_stock` = :min_stock:
WHERE `products`.`id` IN :products.id:', [...], false)
 5 SYSTEMPATH\Model.php(406): CodeIgniter\Database\BaseBuilder->update()
 6 SYSTEMPATH\BaseModel.php(1074): CodeIgniter\Model->doUpdate([...], [...])
 7 SYSTEMPATH\Model.php(709): CodeIgniter\BaseModel->update([...], [...])
 8 APPPATH\Controllers\Products.php(63): CodeIgniter\Model->update('4', [...])
 9 SYSTEMPATH\CodeIgniter.php(951): App\Controllers\Products->update('4')
10 SYSTEMPATH\CodeIgniter.php(497): CodeIgniter\CodeIgniter->runController(Object(App\Controllers\Products))
11 SYSTEMPATH\CodeIgniter.php(340): CodeIgniter\CodeIgniter->handleRequest(null, Object(Config\Cache), false)
12 SYSTEMPATH\Boot.php(417): CodeIgniter\CodeIgniter->run()
13 SYSTEMPATH\Boot.php(68): CodeIgniter\Boot::runCodeIgniter(Object(CodeIgniter\CodeIgniter))
14 FCPATH\index.php(59): CodeIgniter\Boot::bootWeb(Object(Config\Paths))
15 SYSTEMPATH\rewrite.php(44): require_once('C:\\xampp\\htdocs\\Web-Project\\public\\index.php')
CRITICAL - 2026-05-14 02:48:11 --> CodeIgniter\Database\Exceptions\DatabaseException: Cannot add or update a child row: a foreign key constraint fails (`mhaxx_store`.`products`, CONSTRAINT `products_ibfk_1` FOREIGN KEY (`category_id`) REFERENCES `categories` (`id`) ON DELETE SET NULL)
[Method: PUT, Route: products/4]
in SYSTEMPATH\Database\BaseConnection.php on line 865.
 1 SYSTEMPATH\Database\BaseBuilder.php(2521): CodeIgniter\Database\BaseConnection->query('UPDATE `products` SET `category_id` = :category_id:, `name` = :name:, `description` = :description:, `cost_price` = :cost_price:, `retail_price` = :retail_price:, `stock` = :stock:, `min_stock` = :min_stock:
WHERE `products`.`id` IN :products.id:', [...], false)
 2 SYSTEMPATH\Model.php(406): CodeIgniter\Database\BaseBuilder->update()
 3 SYSTEMPATH\BaseModel.php(1074): CodeIgniter\Model->doUpdate([...], [...])
 4 SYSTEMPATH\Model.php(709): CodeIgniter\BaseModel->update([...], [...])
 5 APPPATH\Controllers\Products.php(63): CodeIgniter\Model->update('4', [...])
 6 SYSTEMPATH\CodeIgniter.php(951): App\Controllers\Products->update('4')
 7 SYSTEMPATH\CodeIgniter.php(497): CodeIgniter\CodeIgniter->runController(Object(App\Controllers\Products))
 8 SYSTEMPATH\CodeIgniter.php(340): CodeIgniter\CodeIgniter->handleRequest(null, Object(Config\Cache), false)
 9 SYSTEMPATH\Boot.php(417): CodeIgniter\CodeIgniter->run()
10 SYSTEMPATH\Boot.php(68): CodeIgniter\Boot::runCodeIgniter(Object(CodeIgniter\CodeIgniter))
11 FCPATH\index.php(59): CodeIgniter\Boot::bootWeb(Object(Config\Paths))
12 SYSTEMPATH\rewrite.php(44): require_once('C:\\xampp\\htdocs\\Web-Project\\public\\index.php')
CRITICAL - 2026-05-14 02:48:11 --> [Caused by] CodeIgniter\Database\Exceptions\DatabaseException: Cannot add or update a child row: a foreign key constraint fails (`mhaxx_store`.`products`, CONSTRAINT `products_ibfk_1` FOREIGN KEY (`category_id`) REFERENCES `categories` (`id`) ON DELETE SET NULL)
in SYSTEMPATH\Database\MySQLi\Connection.php on line 310.
 1 SYSTEMPATH\Database\BaseConnection.php(910): CodeIgniter\Database\MySQLi\Connection->execute('UPDATE `products` SET `category_id` = \'\', `name` = \'sprite\', `description` = \'\', `cost_price` = \'11.87\', `retail_price` = \'20.00\', `stock` = \'12\', `min_stock` = \'5\'
WHERE `products`.`id` IN (\'4\')')
 2 SYSTEMPATH\Database\BaseConnection.php(827): CodeIgniter\Database\BaseConnection->simpleQuery('UPDATE `products` SET `category_id` = \'\', `name` = \'sprite\', `description` = \'\', `cost_price` = \'11.87\', `retail_price` = \'20.00\', `stock` = \'12\', `min_stock` = \'5\'
WHERE `products`.`id` IN (\'4\')')
 3 SYSTEMPATH\Database\BaseBuilder.php(2521): CodeIgniter\Database\BaseConnection->query('UPDATE `products` SET `category_id` = :category_id:, `name` = :name:, `description` = :description:, `cost_price` = :cost_price:, `retail_price` = :retail_price:, `stock` = :stock:, `min_stock` = :min_stock:
WHERE `products`.`id` IN :products.id:', [...], false)
 4 SYSTEMPATH\Model.php(406): CodeIgniter\Database\BaseBuilder->update()
 5 SYSTEMPATH\BaseModel.php(1074): CodeIgniter\Model->doUpdate([...], [...])
 6 SYSTEMPATH\Model.php(709): CodeIgniter\BaseModel->update([...], [...])
 7 APPPATH\Controllers\Products.php(63): CodeIgniter\Model->update('4', [...])
 8 SYSTEMPATH\CodeIgniter.php(951): App\Controllers\Products->update('4')
 9 SYSTEMPATH\CodeIgniter.php(497): CodeIgniter\CodeIgniter->runController(Object(App\Controllers\Products))
10 SYSTEMPATH\CodeIgniter.php(340): CodeIgniter\CodeIgniter->handleRequest(null, Object(Config\Cache), false)
11 SYSTEMPATH\Boot.php(417): CodeIgniter\CodeIgniter->run()
12 SYSTEMPATH\Boot.php(68): CodeIgniter\Boot::runCodeIgniter(Object(CodeIgniter\CodeIgniter))
13 FCPATH\index.php(59): CodeIgniter\Boot::bootWeb(Object(Config\Paths))
14 SYSTEMPATH\rewrite.php(44): require_once('C:\\xampp\\htdocs\\Web-Project\\public\\index.php')
CRITICAL - 2026-05-14 02:48:11 --> [Caused by] mysqli_sql_exception: Cannot add or update a child row: a foreign key constraint fails (`mhaxx_store`.`products`, CONSTRAINT `products_ibfk_1` FOREIGN KEY (`category_id`) REFERENCES `categories` (`id`) ON DELETE SET NULL)
in SYSTEMPATH\Database\MySQLi\Connection.php on line 300.
 1 SYSTEMPATH\Database\MySQLi\Connection.php(300): mysqli->query('UPDATE `products` SET `category_id` = \'\', `name` = \'sprite\', `description` = \'\', `cost_price` = \'11.87\', `retail_price` = \'20.00\', `stock` = \'12\', `min_stock` = \'5\'
WHERE `products`.`id` IN (\'4\')', 0)
 2 SYSTEMPATH\Database\BaseConnection.php(910): CodeIgniter\Database\MySQLi\Connection->execute('UPDATE `products` SET `category_id` = \'\', `name` = \'sprite\', `description` = \'\', `cost_price` = \'11.87\', `retail_price` = \'20.00\', `stock` = \'12\', `min_stock` = \'5\'
WHERE `products`.`id` IN (\'4\')')
 3 SYSTEMPATH\Database\BaseConnection.php(827): CodeIgniter\Database\BaseConnection->simpleQuery('UPDATE `products` SET `category_id` = \'\', `name` = \'sprite\', `description` = \'\', `cost_price` = \'11.87\', `retail_price` = \'20.00\', `stock` = \'12\', `min_stock` = \'5\'
WHERE `products`.`id` IN (\'4\')')
 4 SYSTEMPATH\Database\BaseBuilder.php(2521): CodeIgniter\Database\BaseConnection->query('UPDATE `products` SET `category_id` = :category_id:, `name` = :name:, `description` = :description:, `cost_price` = :cost_price:, `retail_price` = :retail_price:, `stock` = :stock:, `min_stock` = :min_stock:
WHERE `products`.`id` IN :products.id:', [...], false)
 5 SYSTEMPATH\Model.php(406): CodeIgniter\Database\BaseBuilder->update()
 6 SYSTEMPATH\BaseModel.php(1074): CodeIgniter\Model->doUpdate([...], [...])
 7 SYSTEMPATH\Model.php(709): CodeIgniter\BaseModel->update([...], [...])
 8 APPPATH\Controllers\Products.php(63): CodeIgniter\Model->update('4', [...])
 9 SYSTEMPATH\CodeIgniter.php(951): App\Controllers\Products->update('4')
10 SYSTEMPATH\CodeIgniter.php(497): CodeIgniter\CodeIgniter->runController(Object(App\Controllers\Products))
11 SYSTEMPATH\CodeIgniter.php(340): CodeIgniter\CodeIgniter->handleRequest(null, Object(Config\Cache), false)
12 SYSTEMPATH\Boot.php(417): CodeIgniter\CodeIgniter->run()
13 SYSTEMPATH\Boot.php(68): CodeIgniter\Boot::runCodeIgniter(Object(CodeIgniter\CodeIgniter))
14 FCPATH\index.php(59): CodeIgniter\Boot::bootWeb(Object(Config\Paths))
15 SYSTEMPATH\rewrite.php(44): require_once('C:\\xampp\\htdocs\\Web-Project\\public\\index.php')
DEBUG - 2026-05-14 02:52:48 --> Session: Class initialized using 'CodeIgniter\Session\Handlers\FileHandler' driver.
DEBUG - 2026-05-14 02:52:48 --> Session: Class initialized using 'CodeIgniter\Session\Handlers\FileHandler' driver.
DEBUG - 2026-05-14 02:53:04 --> Session: Class initialized using 'CodeIgniter\Session\Handlers\FileHandler' driver.
DEBUG - 2026-05-14 02:53:04 --> Session: Class initialized using 'CodeIgniter\Session\Handlers\FileHandler' driver.
DEBUG - 2026-05-14 02:53:07 --> Session: Class initialized using 'CodeIgniter\Session\Handlers\FileHandler' driver.
DEBUG - 2026-05-14 02:53:10 --> Session: Class initialized using 'CodeIgniter\Session\Handlers\FileHandler' driver.
DEBUG - 2026-05-14 02:53:11 --> Session: Class initialized using 'CodeIgniter\Session\Handlers\FileHandler' driver.
DEBUG - 2026-05-14 02:53:13 --> Session: Class initialized using 'CodeIgniter\Session\Handlers\FileHandler' driver.
DEBUG - 2026-05-14 02:53:15 --> Session: Class initialized using 'CodeIgniter\Session\Handlers\FileHandler' driver.
DEBUG - 2026-05-14 02:53:17 --> Session: Class initialized using 'CodeIgniter\Session\Handlers\FileHandler' driver.
ERROR - 2026-05-14 02:53:17 --> Unknown column 'products' in 'field list'
in SYSTEMPATH\Database\MySQLi\Connection.php on line 300.
 1 SYSTEMPATH\Database\MySQLi\Connection.php(300): mysqli->query('SELECT `sale_items`.*, `products`.`name` as `product_name`, `products`
FROM `sale_items`
JOIN `products` ON `products`.`id` = `sale_items`.`product_id`
WHERE `sale_id` = \'10\'', 0)
 2 SYSTEMPATH\Database\BaseConnection.php(910): CodeIgniter\Database\MySQLi\Connection->execute('SELECT `sale_items`.*, `products`.`name` as `product_name`, `products`
FROM `sale_items`
JOIN `products` ON `products`.`id` = `sale_items`.`product_id`
WHERE `sale_id` = \'10\'')
 3 SYSTEMPATH\Database\BaseConnection.php(827): CodeIgniter\Database\BaseConnection->simpleQuery('SELECT `sale_items`.*, `products`.`name` as `product_name`, `products`
FROM `sale_items`
JOIN `products` ON `products`.`id` = `sale_items`.`product_id`
WHERE `sale_id` = \'10\'')
 4 SYSTEMPATH\Database\BaseBuilder.php(1649): CodeIgniter\Database\BaseConnection->query('SELECT `sale_items`.*, `products`.`name` as `product_name`, `products`
FROM `sale_items`
JOIN `products` ON `products`.`id` = `sale_items`.`product_id`
WHERE `sale_id` = :sale_id:', [...], false)
 5 SYSTEMPATH\Model.php(253): CodeIgniter\Database\BaseBuilder->get()
 6 SYSTEMPATH\BaseModel.php(676): CodeIgniter\Model->doFindAll(0, 0)
 7 APPPATH\Models\SaleItemModel.php(13): CodeIgniter\BaseModel->findAll()
 8 APPPATH\Controllers\Sales.php(101): App\Models\SaleItemModel->getItemsBySale('10')
 9 SYSTEMPATH\CodeIgniter.php(951): App\Controllers\Sales->receipt('10')
10 SYSTEMPATH\CodeIgniter.php(497): CodeIgniter\CodeIgniter->runController(Object(App\Controllers\Sales))
11 SYSTEMPATH\CodeIgniter.php(340): CodeIgniter\CodeIgniter->handleRequest(null, Object(Config\Cache), false)
12 SYSTEMPATH\Boot.php(417): CodeIgniter\CodeIgniter->run()
13 SYSTEMPATH\Boot.php(68): CodeIgniter\Boot::runCodeIgniter(Object(CodeIgniter\CodeIgniter))
14 FCPATH\index.php(59): CodeIgniter\Boot::bootWeb(Object(Config\Paths))
15 SYSTEMPATH\rewrite.php(44): require_once('C:\\xampp\\htdocs\\Web-Project\\public\\index.php')
CRITICAL - 2026-05-14 02:53:17 --> CodeIgniter\Database\Exceptions\DatabaseException: Unknown column 'products' in 'field list'
[Method: GET, Route: sales/receipt/10]
in SYSTEMPATH\Database\BaseConnection.php on line 865.
 1 SYSTEMPATH\Database\BaseBuilder.php(1649): CodeIgniter\Database\BaseConnection->query('SELECT `sale_items`.*, `products`.`name` as `product_name`, `products`
FROM `sale_items`
JOIN `products` ON `products`.`id` = `sale_items`.`product_id`
WHERE `sale_id` = :sale_id:', [...], false)
 2 SYSTEMPATH\Model.php(253): CodeIgniter\Database\BaseBuilder->get()
 3 SYSTEMPATH\BaseModel.php(676): CodeIgniter\Model->doFindAll(0, 0)
 4 APPPATH\Models\SaleItemModel.php(13): CodeIgniter\BaseModel->findAll()
 5 APPPATH\Controllers\Sales.php(101): App\Models\SaleItemModel->getItemsBySale('10')
 6 SYSTEMPATH\CodeIgniter.php(951): App\Controllers\Sales->receipt('10')
 7 SYSTEMPATH\CodeIgniter.php(497): CodeIgniter\CodeIgniter->runController(Object(App\Controllers\Sales))
 8 SYSTEMPATH\CodeIgniter.php(340): CodeIgniter\CodeIgniter->handleRequest(null, Object(Config\Cache), false)
 9 SYSTEMPATH\Boot.php(417): CodeIgniter\CodeIgniter->run()
10 SYSTEMPATH\Boot.php(68): CodeIgniter\Boot::runCodeIgniter(Object(CodeIgniter\CodeIgniter))
11 FCPATH\index.php(59): CodeIgniter\Boot::bootWeb(Object(Config\Paths))
12 SYSTEMPATH\rewrite.php(44): require_once('C:\\xampp\\htdocs\\Web-Project\\public\\index.php')
CRITICAL - 2026-05-14 02:53:17 --> [Caused by] CodeIgniter\Database\Exceptions\DatabaseException: Unknown column 'products' in 'field list'
in SYSTEMPATH\Database\MySQLi\Connection.php on line 310.
 1 SYSTEMPATH\Database\BaseConnection.php(910): CodeIgniter\Database\MySQLi\Connection->execute('SELECT `sale_items`.*, `products`.`name` as `product_name`, `products`
FROM `sale_items`
JOIN `products` ON `products`.`id` = `sale_items`.`product_id`
WHERE `sale_id` = \'10\'')
 2 SYSTEMPATH\Database\BaseConnection.php(827): CodeIgniter\Database\BaseConnection->simpleQuery('SELECT `sale_items`.*, `products`.`name` as `product_name`, `products`
FROM `sale_items`
JOIN `products` ON `products`.`id` = `sale_items`.`product_id`
WHERE `sale_id` = \'10\'')
 3 SYSTEMPATH\Database\BaseBuilder.php(1649): CodeIgniter\Database\BaseConnection->query('SELECT `sale_items`.*, `products`.`name` as `product_name`, `products`
FROM `sale_items`
JOIN `products` ON `products`.`id` = `sale_items`.`product_id`
WHERE `sale_id` = :sale_id:', [...], false)
 4 SYSTEMPATH\Model.php(253): CodeIgniter\Database\BaseBuilder->get()
 5 SYSTEMPATH\BaseModel.php(676): CodeIgniter\Model->doFindAll(0, 0)
 6 APPPATH\Models\SaleItemModel.php(13): CodeIgniter\BaseModel->findAll()
 7 APPPATH\Controllers\Sales.php(101): App\Models\SaleItemModel->getItemsBySale('10')
 8 SYSTEMPATH\CodeIgniter.php(951): App\Controllers\Sales->receipt('10')
 9 SYSTEMPATH\CodeIgniter.php(497): CodeIgniter\CodeIgniter->runController(Object(App\Controllers\Sales))
10 SYSTEMPATH\CodeIgniter.php(340): CodeIgniter\CodeIgniter->handleRequest(null, Object(Config\Cache), false)
11 SYSTEMPATH\Boot.php(417): CodeIgniter\CodeIgniter->run()
12 SYSTEMPATH\Boot.php(68): CodeIgniter\Boot::runCodeIgniter(Object(CodeIgniter\CodeIgniter))
13 FCPATH\index.php(59): CodeIgniter\Boot::bootWeb(Object(Config\Paths))
14 SYSTEMPATH\rewrite.php(44): require_once('C:\\xampp\\htdocs\\Web-Project\\public\\index.php')
CRITICAL - 2026-05-14 02:53:17 --> [Caused by] mysqli_sql_exception: Unknown column 'products' in 'field list'
in SYSTEMPATH\Database\MySQLi\Connection.php on line 300.
 1 SYSTEMPATH\Database\MySQLi\Connection.php(300): mysqli->query('SELECT `sale_items`.*, `products`.`name` as `product_name`, `products`
FROM `sale_items`
JOIN `products` ON `products`.`id` = `sale_items`.`product_id`
WHERE `sale_id` = \'10\'', 0)
 2 SYSTEMPATH\Database\BaseConnection.php(910): CodeIgniter\Database\MySQLi\Connection->execute('SELECT `sale_items`.*, `products`.`name` as `product_name`, `products`
FROM `sale_items`
JOIN `products` ON `products`.`id` = `sale_items`.`product_id`
WHERE `sale_id` = \'10\'')
 3 SYSTEMPATH\Database\BaseConnection.php(827): CodeIgniter\Database\BaseConnection->simpleQuery('SELECT `sale_items`.*, `products`.`name` as `product_name`, `products`
FROM `sale_items`
JOIN `products` ON `products`.`id` = `sale_items`.`product_id`
WHERE `sale_id` = \'10\'')
 4 SYSTEMPATH\Database\BaseBuilder.php(1649): CodeIgniter\Database\BaseConnection->query('SELECT `sale_items`.*, `products`.`name` as `product_name`, `products`
FROM `sale_items`
JOIN `products` ON `products`.`id` = `sale_items`.`product_id`
WHERE `sale_id` = :sale_id:', [...], false)
 5 SYSTEMPATH\Model.php(253): CodeIgniter\Database\BaseBuilder->get()
 6 SYSTEMPATH\BaseModel.php(676): CodeIgniter\Model->doFindAll(0, 0)
 7 APPPATH\Models\SaleItemModel.php(13): CodeIgniter\BaseModel->findAll()
 8 APPPATH\Controllers\Sales.php(101): App\Models\SaleItemModel->getItemsBySale('10')
 9 SYSTEMPATH\CodeIgniter.php(951): App\Controllers\Sales->receipt('10')
10 SYSTEMPATH\CodeIgniter.php(497): CodeIgniter\CodeIgniter->runController(Object(App\Controllers\Sales))
11 SYSTEMPATH\CodeIgniter.php(340): CodeIgniter\CodeIgniter->handleRequest(null, Object(Config\Cache), false)
12 SYSTEMPATH\Boot.php(417): CodeIgniter\CodeIgniter->run()
13 SYSTEMPATH\Boot.php(68): CodeIgniter\Boot::runCodeIgniter(Object(CodeIgniter\CodeIgniter))
14 FCPATH\index.php(59): CodeIgniter\Boot::bootWeb(Object(Config\Paths))
15 SYSTEMPATH\rewrite.php(44): require_once('C:\\xampp\\htdocs\\Web-Project\\public\\index.php')
DEBUG - 2026-05-14 02:53:27 --> Session: Class initialized using 'CodeIgniter\Session\Handlers\FileHandler' driver.
ERROR - 2026-05-14 02:53:27 --> Unknown column 'products' in 'field list'
in SYSTEMPATH\Database\MySQLi\Connection.php on line 300.
 1 SYSTEMPATH\Database\MySQLi\Connection.php(300): mysqli->query('SELECT `sale_items`.*, `products`.`name` as `product_name`, `products`
FROM `sale_items`
JOIN `products` ON `products`.`id` = `sale_items`.`product_id`
WHERE `sale_id` = \'10\'', 0)
 2 SYSTEMPATH\Database\BaseConnection.php(910): CodeIgniter\Database\MySQLi\Connection->execute('SELECT `sale_items`.*, `products`.`name` as `product_name`, `products`
FROM `sale_items`
JOIN `products` ON `products`.`id` = `sale_items`.`product_id`
WHERE `sale_id` = \'10\'')
 3 SYSTEMPATH\Database\BaseConnection.php(827): CodeIgniter\Database\BaseConnection->simpleQuery('SELECT `sale_items`.*, `products`.`name` as `product_name`, `products`
FROM `sale_items`
JOIN `products` ON `products`.`id` = `sale_items`.`product_id`
WHERE `sale_id` = \'10\'')
 4 SYSTEMPATH\Database\BaseBuilder.php(1649): CodeIgniter\Database\BaseConnection->query('SELECT `sale_items`.*, `products`.`name` as `product_name`, `products`
FROM `sale_items`
JOIN `products` ON `products`.`id` = `sale_items`.`product_id`
WHERE `sale_id` = :sale_id:', [...], false)
 5 SYSTEMPATH\Model.php(253): CodeIgniter\Database\BaseBuilder->get()
 6 SYSTEMPATH\BaseModel.php(676): CodeIgniter\Model->doFindAll(0, 0)
 7 APPPATH\Models\SaleItemModel.php(13): CodeIgniter\BaseModel->findAll()
 8 APPPATH\Controllers\Sales.php(101): App\Models\SaleItemModel->getItemsBySale('10')
 9 SYSTEMPATH\CodeIgniter.php(951): App\Controllers\Sales->receipt('10')
10 SYSTEMPATH\CodeIgniter.php(497): CodeIgniter\CodeIgniter->runController(Object(App\Controllers\Sales))
11 SYSTEMPATH\CodeIgniter.php(340): CodeIgniter\CodeIgniter->handleRequest(null, Object(Config\Cache), false)
12 SYSTEMPATH\Boot.php(417): CodeIgniter\CodeIgniter->run()
13 SYSTEMPATH\Boot.php(68): CodeIgniter\Boot::runCodeIgniter(Object(CodeIgniter\CodeIgniter))
14 FCPATH\index.php(59): CodeIgniter\Boot::bootWeb(Object(Config\Paths))
15 SYSTEMPATH\rewrite.php(44): require_once('C:\\xampp\\htdocs\\Web-Project\\public\\index.php')
CRITICAL - 2026-05-14 02:53:27 --> CodeIgniter\Database\Exceptions\DatabaseException: Unknown column 'products' in 'field list'
[Method: GET, Route: sales/receipt/10]
in SYSTEMPATH\Database\BaseConnection.php on line 865.
 1 SYSTEMPATH\Database\BaseBuilder.php(1649): CodeIgniter\Database\BaseConnection->query('SELECT `sale_items`.*, `products`.`name` as `product_name`, `products`
FROM `sale_items`
JOIN `products` ON `products`.`id` = `sale_items`.`product_id`
WHERE `sale_id` = :sale_id:', [...], false)
 2 SYSTEMPATH\Model.php(253): CodeIgniter\Database\BaseBuilder->get()
 3 SYSTEMPATH\BaseModel.php(676): CodeIgniter\Model->doFindAll(0, 0)
 4 APPPATH\Models\SaleItemModel.php(13): CodeIgniter\BaseModel->findAll()
 5 APPPATH\Controllers\Sales.php(101): App\Models\SaleItemModel->getItemsBySale('10')
 6 SYSTEMPATH\CodeIgniter.php(951): App\Controllers\Sales->receipt('10')
 7 SYSTEMPATH\CodeIgniter.php(497): CodeIgniter\CodeIgniter->runController(Object(App\Controllers\Sales))
 8 SYSTEMPATH\CodeIgniter.php(340): CodeIgniter\CodeIgniter->handleRequest(null, Object(Config\Cache), false)
 9 SYSTEMPATH\Boot.php(417): CodeIgniter\CodeIgniter->run()
10 SYSTEMPATH\Boot.php(68): CodeIgniter\Boot::runCodeIgniter(Object(CodeIgniter\CodeIgniter))
11 FCPATH\index.php(59): CodeIgniter\Boot::bootWeb(Object(Config\Paths))
12 SYSTEMPATH\rewrite.php(44): require_once('C:\\xampp\\htdocs\\Web-Project\\public\\index.php')
CRITICAL - 2026-05-14 02:53:27 --> [Caused by] CodeIgniter\Database\Exceptions\DatabaseException: Unknown column 'products' in 'field list'
in SYSTEMPATH\Database\MySQLi\Connection.php on line 310.
 1 SYSTEMPATH\Database\BaseConnection.php(910): CodeIgniter\Database\MySQLi\Connection->execute('SELECT `sale_items`.*, `products`.`name` as `product_name`, `products`
FROM `sale_items`
JOIN `products` ON `products`.`id` = `sale_items`.`product_id`
WHERE `sale_id` = \'10\'')
 2 SYSTEMPATH\Database\BaseConnection.php(827): CodeIgniter\Database\BaseConnection->simpleQuery('SELECT `sale_items`.*, `products`.`name` as `product_name`, `products`
FROM `sale_items`
JOIN `products` ON `products`.`id` = `sale_items`.`product_id`
WHERE `sale_id` = \'10\'')
 3 SYSTEMPATH\Database\BaseBuilder.php(1649): CodeIgniter\Database\BaseConnection->query('SELECT `sale_items`.*, `products`.`name` as `product_name`, `products`
FROM `sale_items`
JOIN `products` ON `products`.`id` = `sale_items`.`product_id`
WHERE `sale_id` = :sale_id:', [...], false)
 4 SYSTEMPATH\Model.php(253): CodeIgniter\Database\BaseBuilder->get()
 5 SYSTEMPATH\BaseModel.php(676): CodeIgniter\Model->doFindAll(0, 0)
 6 APPPATH\Models\SaleItemModel.php(13): CodeIgniter\BaseModel->findAll()
 7 APPPATH\Controllers\Sales.php(101): App\Models\SaleItemModel->getItemsBySale('10')
 8 SYSTEMPATH\CodeIgniter.php(951): App\Controllers\Sales->receipt('10')
 9 SYSTEMPATH\CodeIgniter.php(497): CodeIgniter\CodeIgniter->runController(Object(App\Controllers\Sales))
10 SYSTEMPATH\CodeIgniter.php(340): CodeIgniter\CodeIgniter->handleRequest(null, Object(Config\Cache), false)
11 SYSTEMPATH\Boot.php(417): CodeIgniter\CodeIgniter->run()
12 SYSTEMPATH\Boot.php(68): CodeIgniter\Boot::runCodeIgniter(Object(CodeIgniter\CodeIgniter))
13 FCPATH\index.php(59): CodeIgniter\Boot::bootWeb(Object(Config\Paths))
14 SYSTEMPATH\rewrite.php(44): require_once('C:\\xampp\\htdocs\\Web-Project\\public\\index.php')
CRITICAL - 2026-05-14 02:53:27 --> [Caused by] mysqli_sql_exception: Unknown column 'products' in 'field list'
in SYSTEMPATH\Database\MySQLi\Connection.php on line 300.
 1 SYSTEMPATH\Database\MySQLi\Connection.php(300): mysqli->query('SELECT `sale_items`.*, `products`.`name` as `product_name`, `products`
FROM `sale_items`
JOIN `products` ON `products`.`id` = `sale_items`.`product_id`
WHERE `sale_id` = \'10\'', 0)
 2 SYSTEMPATH\Database\BaseConnection.php(910): CodeIgniter\Database\MySQLi\Connection->execute('SELECT `sale_items`.*, `products`.`name` as `product_name`, `products`
FROM `sale_items`
JOIN `products` ON `products`.`id` = `sale_items`.`product_id`
WHERE `sale_id` = \'10\'')
 3 SYSTEMPATH\Database\BaseConnection.php(827): CodeIgniter\Database\BaseConnection->simpleQuery('SELECT `sale_items`.*, `products`.`name` as `product_name`, `products`
FROM `sale_items`
JOIN `products` ON `products`.`id` = `sale_items`.`product_id`
WHERE `sale_id` = \'10\'')
 4 SYSTEMPATH\Database\BaseBuilder.php(1649): CodeIgniter\Database\BaseConnection->query('SELECT `sale_items`.*, `products`.`name` as `product_name`, `products`
FROM `sale_items`
JOIN `products` ON `products`.`id` = `sale_items`.`product_id`
WHERE `sale_id` = :sale_id:', [...], false)
 5 SYSTEMPATH\Model.php(253): CodeIgniter\Database\BaseBuilder->get()
 6 SYSTEMPATH\BaseModel.php(676): CodeIgniter\Model->doFindAll(0, 0)
 7 APPPATH\Models\SaleItemModel.php(13): CodeIgniter\BaseModel->findAll()
 8 APPPATH\Controllers\Sales.php(101): App\Models\SaleItemModel->getItemsBySale('10')
 9 SYSTEMPATH\CodeIgniter.php(951): App\Controllers\Sales->receipt('10')
10 SYSTEMPATH\CodeIgniter.php(497): CodeIgniter\CodeIgniter->runController(Object(App\Controllers\Sales))
11 SYSTEMPATH\CodeIgniter.php(340): CodeIgniter\CodeIgniter->handleRequest(null, Object(Config\Cache), false)
12 SYSTEMPATH\Boot.php(417): CodeIgniter\CodeIgniter->run()
13 SYSTEMPATH\Boot.php(68): CodeIgniter\Boot::runCodeIgniter(Object(CodeIgniter\CodeIgniter))
14 FCPATH\index.php(59): CodeIgniter\Boot::bootWeb(Object(Config\Paths))
15 SYSTEMPATH\rewrite.php(44): require_once('C:\\xampp\\htdocs\\Web-Project\\public\\index.php')
DEBUG - 2026-05-14 02:53:31 --> Session: Class initialized using 'CodeIgniter\Session\Handlers\FileHandler' driver.
DEBUG - 2026-05-14 02:53:34 --> Session: Class initialized using 'CodeIgniter\Session\Handlers\FileHandler' driver.
DEBUG - 2026-05-14 02:53:39 --> Session: Class initialized using 'CodeIgniter\Session\Handlers\FileHandler' driver.
DEBUG - 2026-05-14 02:53:48 --> Session: Class initialized using 'CodeIgniter\Session\Handlers\FileHandler' driver.
DEBUG - 2026-05-14 02:53:48 --> Session: Class initialized using 'CodeIgniter\Session\Handlers\FileHandler' driver.
DEBUG - 2026-05-14 02:53:57 --> Session: Class initialized using 'CodeIgniter\Session\Handlers\FileHandler' driver.
DEBUG - 2026-05-14 02:54:02 --> Session: Class initialized using 'CodeIgniter\Session\Handlers\FileHandler' driver.
DEBUG - 2026-05-14 02:54:11 --> Session: Class initialized using 'CodeIgniter\Session\Handlers\FileHandler' driver.
DEBUG - 2026-05-14 02:54:19 --> Session: Class initialized using 'CodeIgniter\Session\Handlers\FileHandler' driver.
DEBUG - 2026-05-14 02:54:20 --> Session: Class initialized using 'CodeIgniter\Session\Handlers\FileHandler' driver.
DEBUG - 2026-05-14 02:54:29 --> Session: Class initialized using 'CodeIgniter\Session\Handlers\FileHandler' driver.
DEBUG - 2026-05-14 02:54:32 --> Session: Class initialized using 'CodeIgniter\Session\Handlers\FileHandler' driver.
DEBUG - 2026-05-14 02:54:35 --> Session: Class initialized using 'CodeIgniter\Session\Handlers\FileHandler' driver.
ERROR - 2026-05-14 02:54:35 --> Unknown column 'products' in 'field list'
in SYSTEMPATH\Database\MySQLi\Connection.php on line 300.
 1 SYSTEMPATH\Database\MySQLi\Connection.php(300): mysqli->query('SELECT `sale_items`.*, `products`.`name` as `product_name`, `products`
FROM `sale_items`
JOIN `products` ON `products`.`id` = `sale_items`.`product_id`
WHERE `sale_id` = \'10\'', 0)
 2 SYSTEMPATH\Database\BaseConnection.php(910): CodeIgniter\Database\MySQLi\Connection->execute('SELECT `sale_items`.*, `products`.`name` as `product_name`, `products`
FROM `sale_items`
JOIN `products` ON `products`.`id` = `sale_items`.`product_id`
WHERE `sale_id` = \'10\'')
 3 SYSTEMPATH\Database\BaseConnection.php(827): CodeIgniter\Database\BaseConnection->simpleQuery('SELECT `sale_items`.*, `products`.`name` as `product_name`, `products`
FROM `sale_items`
JOIN `products` ON `products`.`id` = `sale_items`.`product_id`
WHERE `sale_id` = \'10\'')
 4 SYSTEMPATH\Database\BaseBuilder.php(1649): CodeIgniter\Database\BaseConnection->query('SELECT `sale_items`.*, `products`.`name` as `product_name`, `products`
FROM `sale_items`
JOIN `products` ON `products`.`id` = `sale_items`.`product_id`
WHERE `sale_id` = :sale_id:', [...], false)
 5 SYSTEMPATH\Model.php(253): CodeIgniter\Database\BaseBuilder->get()
 6 SYSTEMPATH\BaseModel.php(676): CodeIgniter\Model->doFindAll(0, 0)
 7 APPPATH\Models\SaleItemModel.php(13): CodeIgniter\BaseModel->findAll()
 8 APPPATH\Controllers\Sales.php(101): App\Models\SaleItemModel->getItemsBySale('10')
 9 SYSTEMPATH\CodeIgniter.php(951): App\Controllers\Sales->receipt('10')
10 SYSTEMPATH\CodeIgniter.php(497): CodeIgniter\CodeIgniter->runController(Object(App\Controllers\Sales))
11 SYSTEMPATH\CodeIgniter.php(340): CodeIgniter\CodeIgniter->handleRequest(null, Object(Config\Cache), false)
12 SYSTEMPATH\Boot.php(417): CodeIgniter\CodeIgniter->run()
13 SYSTEMPATH\Boot.php(68): CodeIgniter\Boot::runCodeIgniter(Object(CodeIgniter\CodeIgniter))
14 FCPATH\index.php(59): CodeIgniter\Boot::bootWeb(Object(Config\Paths))
15 SYSTEMPATH\rewrite.php(44): require_once('C:\\xampp\\htdocs\\Web-Project\\public\\index.php')
CRITICAL - 2026-05-14 02:54:35 --> CodeIgniter\Database\Exceptions\DatabaseException: Unknown column 'products' in 'field list'
[Method: GET, Route: sales/receipt/10]
in SYSTEMPATH\Database\BaseConnection.php on line 865.
 1 SYSTEMPATH\Database\BaseBuilder.php(1649): CodeIgniter\Database\BaseConnection->query('SELECT `sale_items`.*, `products`.`name` as `product_name`, `products`
FROM `sale_items`
JOIN `products` ON `products`.`id` = `sale_items`.`product_id`
WHERE `sale_id` = :sale_id:', [...], false)
 2 SYSTEMPATH\Model.php(253): CodeIgniter\Database\BaseBuilder->get()
 3 SYSTEMPATH\BaseModel.php(676): CodeIgniter\Model->doFindAll(0, 0)
 4 APPPATH\Models\SaleItemModel.php(13): CodeIgniter\BaseModel->findAll()
 5 APPPATH\Controllers\Sales.php(101): App\Models\SaleItemModel->getItemsBySale('10')
 6 SYSTEMPATH\CodeIgniter.php(951): App\Controllers\Sales->receipt('10')
 7 SYSTEMPATH\CodeIgniter.php(497): CodeIgniter\CodeIgniter->runController(Object(App\Controllers\Sales))
 8 SYSTEMPATH\CodeIgniter.php(340): CodeIgniter\CodeIgniter->handleRequest(null, Object(Config\Cache), false)
 9 SYSTEMPATH\Boot.php(417): CodeIgniter\CodeIgniter->run()
10 SYSTEMPATH\Boot.php(68): CodeIgniter\Boot::runCodeIgniter(Object(CodeIgniter\CodeIgniter))
11 FCPATH\index.php(59): CodeIgniter\Boot::bootWeb(Object(Config\Paths))
12 SYSTEMPATH\rewrite.php(44): require_once('C:\\xampp\\htdocs\\Web-Project\\public\\index.php')
CRITICAL - 2026-05-14 02:54:35 --> [Caused by] CodeIgniter\Database\Exceptions\DatabaseException: Unknown column 'products' in 'field list'
in SYSTEMPATH\Database\MySQLi\Connection.php on line 310.
 1 SYSTEMPATH\Database\BaseConnection.php(910): CodeIgniter\Database\MySQLi\Connection->execute('SELECT `sale_items`.*, `products`.`name` as `product_name`, `products`
FROM `sale_items`
JOIN `products` ON `products`.`id` = `sale_items`.`product_id`
WHERE `sale_id` = \'10\'')
 2 SYSTEMPATH\Database\BaseConnection.php(827): CodeIgniter\Database\BaseConnection->simpleQuery('SELECT `sale_items`.*, `products`.`name` as `product_name`, `products`
FROM `sale_items`
JOIN `products` ON `products`.`id` = `sale_items`.`product_id`
WHERE `sale_id` = \'10\'')
 3 SYSTEMPATH\Database\BaseBuilder.php(1649): CodeIgniter\Database\BaseConnection->query('SELECT `sale_items`.*, `products`.`name` as `product_name`, `products`
FROM `sale_items`
JOIN `products` ON `products`.`id` = `sale_items`.`product_id`
WHERE `sale_id` = :sale_id:', [...], false)
 4 SYSTEMPATH\Model.php(253): CodeIgniter\Database\BaseBuilder->get()
 5 SYSTEMPATH\BaseModel.php(676): CodeIgniter\Model->doFindAll(0, 0)
 6 APPPATH\Models\SaleItemModel.php(13): CodeIgniter\BaseModel->findAll()
 7 APPPATH\Controllers\Sales.php(101): App\Models\SaleItemModel->getItemsBySale('10')
 8 SYSTEMPATH\CodeIgniter.php(951): App\Controllers\Sales->receipt('10')
 9 SYSTEMPATH\CodeIgniter.php(497): CodeIgniter\CodeIgniter->runController(Object(App\Controllers\Sales))
10 SYSTEMPATH\CodeIgniter.php(340): CodeIgniter\CodeIgniter->handleRequest(null, Object(Config\Cache), false)
11 SYSTEMPATH\Boot.php(417): CodeIgniter\CodeIgniter->run()
12 SYSTEMPATH\Boot.php(68): CodeIgniter\Boot::runCodeIgniter(Object(CodeIgniter\CodeIgniter))
13 FCPATH\index.php(59): CodeIgniter\Boot::bootWeb(Object(Config\Paths))
14 SYSTEMPATH\rewrite.php(44): require_once('C:\\xampp\\htdocs\\Web-Project\\public\\index.php')
CRITICAL - 2026-05-14 02:54:35 --> [Caused by] mysqli_sql_exception: Unknown column 'products' in 'field list'
in SYSTEMPATH\Database\MySQLi\Connection.php on line 300.
 1 SYSTEMPATH\Database\MySQLi\Connection.php(300): mysqli->query('SELECT `sale_items`.*, `products`.`name` as `product_name`, `products`
FROM `sale_items`
JOIN `products` ON `products`.`id` = `sale_items`.`product_id`
WHERE `sale_id` = \'10\'', 0)
 2 SYSTEMPATH\Database\BaseConnection.php(910): CodeIgniter\Database\MySQLi\Connection->execute('SELECT `sale_items`.*, `products`.`name` as `product_name`, `products`
FROM `sale_items`
JOIN `products` ON `products`.`id` = `sale_items`.`product_id`
WHERE `sale_id` = \'10\'')
 3 SYSTEMPATH\Database\BaseConnection.php(827): CodeIgniter\Database\BaseConnection->simpleQuery('SELECT `sale_items`.*, `products`.`name` as `product_name`, `products`
FROM `sale_items`
JOIN `products` ON `products`.`id` = `sale_items`.`product_id`
WHERE `sale_id` = \'10\'')
 4 SYSTEMPATH\Database\BaseBuilder.php(1649): CodeIgniter\Database\BaseConnection->query('SELECT `sale_items`.*, `products`.`name` as `product_name`, `products`
FROM `sale_items`
JOIN `products` ON `products`.`id` = `sale_items`.`product_id`
WHERE `sale_id` = :sale_id:', [...], false)
 5 SYSTEMPATH\Model.php(253): CodeIgniter\Database\BaseBuilder->get()
 6 SYSTEMPATH\BaseModel.php(676): CodeIgniter\Model->doFindAll(0, 0)
 7 APPPATH\Models\SaleItemModel.php(13): CodeIgniter\BaseModel->findAll()
 8 APPPATH\Controllers\Sales.php(101): App\Models\SaleItemModel->getItemsBySale('10')
 9 SYSTEMPATH\CodeIgniter.php(951): App\Controllers\Sales->receipt('10')
10 SYSTEMPATH\CodeIgniter.php(497): CodeIgniter\CodeIgniter->runController(Object(App\Controllers\Sales))
11 SYSTEMPATH\CodeIgniter.php(340): CodeIgniter\CodeIgniter->handleRequest(null, Object(Config\Cache), false)
12 SYSTEMPATH\Boot.php(417): CodeIgniter\CodeIgniter->run()
13 SYSTEMPATH\Boot.php(68): CodeIgniter\Boot::runCodeIgniter(Object(CodeIgniter\CodeIgniter))
14 FCPATH\index.php(59): CodeIgniter\Boot::bootWeb(Object(Config\Paths))
15 SYSTEMPATH\rewrite.php(44): require_once('C:\\xampp\\htdocs\\Web-Project\\public\\index.php')
DEBUG - 2026-05-14 02:55:41 --> Session: Class initialized using 'CodeIgniter\Session\Handlers\FileHandler' driver.
DEBUG - 2026-05-14 02:55:43 --> Session: Class initialized using 'CodeIgniter\Session\Handlers\FileHandler' driver.
DEBUG - 2026-05-14 02:55:45 --> Session: Class initialized using 'CodeIgniter\Session\Handlers\FileHandler' driver.
DEBUG - 2026-05-14 02:55:47 --> Session: Class initialized using 'CodeIgniter\Session\Handlers\FileHandler' driver.
DEBUG - 2026-05-14 02:55:53 --> Session: Class initialized using 'CodeIgniter\Session\Handlers\FileHandler' driver.
DEBUG - 2026-05-14 02:55:56 --> Session: Class initialized using 'CodeIgniter\Session\Handlers\FileHandler' driver.
DEBUG - 2026-05-14 02:56:01 --> Session: Class initialized using 'CodeIgniter\Session\Handlers\FileHandler' driver.
DEBUG - 2026-05-14 02:56:01 --> Session: Class initialized using 'CodeIgniter\Session\Handlers\FileHandler' driver.
DEBUG - 2026-05-14 02:56:04 --> Session: Class initialized using 'CodeIgniter\Session\Handlers\FileHandler' driver.
DEBUG - 2026-05-14 02:56:08 --> Session: Class initialized using 'CodeIgniter\Session\Handlers\FileHandler' driver.
DEBUG - 2026-05-14 02:56:10 --> Session: Class initialized using 'CodeIgniter\Session\Handlers\FileHandler' driver.
DEBUG - 2026-05-14 02:57:50 --> Session: Class initialized using 'CodeIgniter\Session\Handlers\FileHandler' driver.
ERROR - 2026-05-14 02:57:50 --> Unknown column 'products' in 'field list'
in SYSTEMPATH\Database\MySQLi\Connection.php on line 300.
 1 SYSTEMPATH\Database\MySQLi\Connection.php(300): mysqli->query('SELECT `sale_items`.*, `products`.`name` as `product_name`, `products`
FROM `sale_items`
JOIN `products` ON `products`.`id` = `sale_items`.`product_id`
WHERE `sale_id` = \'9\'', 0)
 2 SYSTEMPATH\Database\BaseConnection.php(910): CodeIgniter\Database\MySQLi\Connection->execute('SELECT `sale_items`.*, `products`.`name` as `product_name`, `products`
FROM `sale_items`
JOIN `products` ON `products`.`id` = `sale_items`.`product_id`
WHERE `sale_id` = \'9\'')
 3 SYSTEMPATH\Database\BaseConnection.php(827): CodeIgniter\Database\BaseConnection->simpleQuery('SELECT `sale_items`.*, `products`.`name` as `product_name`, `products`
FROM `sale_items`
JOIN `products` ON `products`.`id` = `sale_items`.`product_id`
WHERE `sale_id` = \'9\'')
 4 SYSTEMPATH\Database\BaseBuilder.php(1649): CodeIgniter\Database\BaseConnection->query('SELECT `sale_items`.*, `products`.`name` as `product_name`, `products`
FROM `sale_items`
JOIN `products` ON `products`.`id` = `sale_items`.`product_id`
WHERE `sale_id` = :sale_id:', [...], false)
 5 SYSTEMPATH\Model.php(253): CodeIgniter\Database\BaseBuilder->get()
 6 SYSTEMPATH\BaseModel.php(676): CodeIgniter\Model->doFindAll(0, 0)
 7 APPPATH\Models\SaleItemModel.php(13): CodeIgniter\BaseModel->findAll()
 8 APPPATH\Controllers\Sales.php(101): App\Models\SaleItemModel->getItemsBySale('9')
 9 SYSTEMPATH\CodeIgniter.php(951): App\Controllers\Sales->receipt('9')
10 SYSTEMPATH\CodeIgniter.php(497): CodeIgniter\CodeIgniter->runController(Object(App\Controllers\Sales))
11 SYSTEMPATH\CodeIgniter.php(340): CodeIgniter\CodeIgniter->handleRequest(null, Object(Config\Cache), false)
12 SYSTEMPATH\Boot.php(417): CodeIgniter\CodeIgniter->run()
13 SYSTEMPATH\Boot.php(68): CodeIgniter\Boot::runCodeIgniter(Object(CodeIgniter\CodeIgniter))
14 FCPATH\index.php(59): CodeIgniter\Boot::bootWeb(Object(Config\Paths))
15 SYSTEMPATH\rewrite.php(44): require_once('C:\\xampp\\htdocs\\Web-Project\\public\\index.php')
CRITICAL - 2026-05-14 02:57:50 --> CodeIgniter\Database\Exceptions\DatabaseException: Unknown column 'products' in 'field list'
[Method: GET, Route: sales/receipt/9]
in SYSTEMPATH\Database\BaseConnection.php on line 865.
 1 SYSTEMPATH\Database\BaseBuilder.php(1649): CodeIgniter\Database\BaseConnection->query('SELECT `sale_items`.*, `products`.`name` as `product_name`, `products`
FROM `sale_items`
JOIN `products` ON `products`.`id` = `sale_items`.`product_id`
WHERE `sale_id` = :sale_id:', [...], false)
 2 SYSTEMPATH\Model.php(253): CodeIgniter\Database\BaseBuilder->get()
 3 SYSTEMPATH\BaseModel.php(676): CodeIgniter\Model->doFindAll(0, 0)
 4 APPPATH\Models\SaleItemModel.php(13): CodeIgniter\BaseModel->findAll()
 5 APPPATH\Controllers\Sales.php(101): App\Models\SaleItemModel->getItemsBySale('9')
 6 SYSTEMPATH\CodeIgniter.php(951): App\Controllers\Sales->receipt('9')
 7 SYSTEMPATH\CodeIgniter.php(497): CodeIgniter\CodeIgniter->runController(Object(App\Controllers\Sales))
 8 SYSTEMPATH\CodeIgniter.php(340): CodeIgniter\CodeIgniter->handleRequest(null, Object(Config\Cache), false)
 9 SYSTEMPATH\Boot.php(417): CodeIgniter\CodeIgniter->run()
10 SYSTEMPATH\Boot.php(68): CodeIgniter\Boot::runCodeIgniter(Object(CodeIgniter\CodeIgniter))
11 FCPATH\index.php(59): CodeIgniter\Boot::bootWeb(Object(Config\Paths))
12 SYSTEMPATH\rewrite.php(44): require_once('C:\\xampp\\htdocs\\Web-Project\\public\\index.php')
CRITICAL - 2026-05-14 02:57:50 --> [Caused by] CodeIgniter\Database\Exceptions\DatabaseException: Unknown column 'products' in 'field list'
in SYSTEMPATH\Database\MySQLi\Connection.php on line 310.
 1 SYSTEMPATH\Database\BaseConnection.php(910): CodeIgniter\Database\MySQLi\Connection->execute('SELECT `sale_items`.*, `products`.`name` as `product_name`, `products`
FROM `sale_items`
JOIN `products` ON `products`.`id` = `sale_items`.`product_id`
WHERE `sale_id` = \'9\'')
 2 SYSTEMPATH\Database\BaseConnection.php(827): CodeIgniter\Database\BaseConnection->simpleQuery('SELECT `sale_items`.*, `products`.`name` as `product_name`, `products`
FROM `sale_items`
JOIN `products` ON `products`.`id` = `sale_items`.`product_id`
WHERE `sale_id` = \'9\'')
 3 SYSTEMPATH\Database\BaseBuilder.php(1649): CodeIgniter\Database\BaseConnection->query('SELECT `sale_items`.*, `products`.`name` as `product_name`, `products`
FROM `sale_items`
JOIN `products` ON `products`.`id` = `sale_items`.`product_id`
WHERE `sale_id` = :sale_id:', [...], false)
 4 SYSTEMPATH\Model.php(253): CodeIgniter\Database\BaseBuilder->get()
 5 SYSTEMPATH\BaseModel.php(676): CodeIgniter\Model->doFindAll(0, 0)
 6 APPPATH\Models\SaleItemModel.php(13): CodeIgniter\BaseModel->findAll()
 7 APPPATH\Controllers\Sales.php(101): App\Models\SaleItemModel->getItemsBySale('9')
 8 SYSTEMPATH\CodeIgniter.php(951): App\Controllers\Sales->receipt('9')
 9 SYSTEMPATH\CodeIgniter.php(497): CodeIgniter\CodeIgniter->runController(Object(App\Controllers\Sales))
10 SYSTEMPATH\CodeIgniter.php(340): CodeIgniter\CodeIgniter->handleRequest(null, Object(Config\Cache), false)
11 SYSTEMPATH\Boot.php(417): CodeIgniter\CodeIgniter->run()
12 SYSTEMPATH\Boot.php(68): CodeIgniter\Boot::runCodeIgniter(Object(CodeIgniter\CodeIgniter))
13 FCPATH\index.php(59): CodeIgniter\Boot::bootWeb(Object(Config\Paths))
14 SYSTEMPATH\rewrite.php(44): require_once('C:\\xampp\\htdocs\\Web-Project\\public\\index.php')
CRITICAL - 2026-05-14 02:57:50 --> [Caused by] mysqli_sql_exception: Unknown column 'products' in 'field list'
in SYSTEMPATH\Database\MySQLi\Connection.php on line 300.
 1 SYSTEMPATH\Database\MySQLi\Connection.php(300): mysqli->query('SELECT `sale_items`.*, `products`.`name` as `product_name`, `products`
FROM `sale_items`
JOIN `products` ON `products`.`id` = `sale_items`.`product_id`
WHERE `sale_id` = \'9\'', 0)
 2 SYSTEMPATH\Database\BaseConnection.php(910): CodeIgniter\Database\MySQLi\Connection->execute('SELECT `sale_items`.*, `products`.`name` as `product_name`, `products`
FROM `sale_items`
JOIN `products` ON `products`.`id` = `sale_items`.`product_id`
WHERE `sale_id` = \'9\'')
 3 SYSTEMPATH\Database\BaseConnection.php(827): CodeIgniter\Database\BaseConnection->simpleQuery('SELECT `sale_items`.*, `products`.`name` as `product_name`, `products`
FROM `sale_items`
JOIN `products` ON `products`.`id` = `sale_items`.`product_id`
WHERE `sale_id` = \'9\'')
 4 SYSTEMPATH\Database\BaseBuilder.php(1649): CodeIgniter\Database\BaseConnection->query('SELECT `sale_items`.*, `products`.`name` as `product_name`, `products`
FROM `sale_items`
JOIN `products` ON `products`.`id` = `sale_items`.`product_id`
WHERE `sale_id` = :sale_id:', [...], false)
 5 SYSTEMPATH\Model.php(253): CodeIgniter\Database\BaseBuilder->get()
 6 SYSTEMPATH\BaseModel.php(676): CodeIgniter\Model->doFindAll(0, 0)
 7 APPPATH\Models\SaleItemModel.php(13): CodeIgniter\BaseModel->findAll()
 8 APPPATH\Controllers\Sales.php(101): App\Models\SaleItemModel->getItemsBySale('9')
 9 SYSTEMPATH\CodeIgniter.php(951): App\Controllers\Sales->receipt('9')
10 SYSTEMPATH\CodeIgniter.php(497): CodeIgniter\CodeIgniter->runController(Object(App\Controllers\Sales))
11 SYSTEMPATH\CodeIgniter.php(340): CodeIgniter\CodeIgniter->handleRequest(null, Object(Config\Cache), false)
12 SYSTEMPATH\Boot.php(417): CodeIgniter\CodeIgniter->run()
13 SYSTEMPATH\Boot.php(68): CodeIgniter\Boot::runCodeIgniter(Object(CodeIgniter\CodeIgniter))
14 FCPATH\index.php(59): CodeIgniter\Boot::bootWeb(Object(Config\Paths))
15 SYSTEMPATH\rewrite.php(44): require_once('C:\\xampp\\htdocs\\Web-Project\\public\\index.php')
DEBUG - 2026-05-14 03:00:35 --> Session: Class initialized using 'CodeIgniter\Session\Handlers\FileHandler' driver.
ERROR - 2026-05-14 03:00:35 --> Unknown column 'products' in 'field list'
in SYSTEMPATH\Database\MySQLi\Connection.php on line 300.
 1 SYSTEMPATH\Database\MySQLi\Connection.php(300): mysqli->query('SELECT `sale_items`.*, `products`.`name` as `product_name`, `products`
FROM `sale_items`
JOIN `products` ON `products`.`id` = `sale_items`.`product_id`
WHERE `sale_id` = \'9\'', 0)
 2 SYSTEMPATH\Database\BaseConnection.php(910): CodeIgniter\Database\MySQLi\Connection->execute('SELECT `sale_items`.*, `products`.`name` as `product_name`, `products`
FROM `sale_items`
JOIN `products` ON `products`.`id` = `sale_items`.`product_id`
WHERE `sale_id` = \'9\'')
 3 SYSTEMPATH\Database\BaseConnection.php(827): CodeIgniter\Database\BaseConnection->simpleQuery('SELECT `sale_items`.*, `products`.`name` as `product_name`, `products`
FROM `sale_items`
JOIN `products` ON `products`.`id` = `sale_items`.`product_id`
WHERE `sale_id` = \'9\'')
 4 SYSTEMPATH\Database\BaseBuilder.php(1649): CodeIgniter\Database\BaseConnection->query('SELECT `sale_items`.*, `products`.`name` as `product_name`, `products`
FROM `sale_items`
JOIN `products` ON `products`.`id` = `sale_items`.`product_id`
WHERE `sale_id` = :sale_id:', [...], false)
 5 SYSTEMPATH\Model.php(253): CodeIgniter\Database\BaseBuilder->get()
 6 SYSTEMPATH\BaseModel.php(676): CodeIgniter\Model->doFindAll(0, 0)
 7 APPPATH\Models\SaleItemModel.php(13): CodeIgniter\BaseModel->findAll()
 8 APPPATH\Controllers\Sales.php(101): App\Models\SaleItemModel->getItemsBySale('9')
 9 SYSTEMPATH\CodeIgniter.php(951): App\Controllers\Sales->receipt('9')
10 SYSTEMPATH\CodeIgniter.php(497): CodeIgniter\CodeIgniter->runController(Object(App\Controllers\Sales))
11 SYSTEMPATH\CodeIgniter.php(340): CodeIgniter\CodeIgniter->handleRequest(null, Object(Config\Cache), false)
12 SYSTEMPATH\Boot.php(417): CodeIgniter\CodeIgniter->run()
13 SYSTEMPATH\Boot.php(68): CodeIgniter\Boot::runCodeIgniter(Object(CodeIgniter\CodeIgniter))
14 FCPATH\index.php(59): CodeIgniter\Boot::bootWeb(Object(Config\Paths))
15 SYSTEMPATH\rewrite.php(44): require_once('C:\\xampp\\htdocs\\Web-Project\\public\\index.php')
CRITICAL - 2026-05-14 03:00:35 --> CodeIgniter\Database\Exceptions\DatabaseException: Unknown column 'products' in 'field list'
[Method: GET, Route: sales/receipt/9]
in SYSTEMPATH\Database\BaseConnection.php on line 865.
 1 SYSTEMPATH\Database\BaseBuilder.php(1649): CodeIgniter\Database\BaseConnection->query('SELECT `sale_items`.*, `products`.`name` as `product_name`, `products`
FROM `sale_items`
JOIN `products` ON `products`.`id` = `sale_items`.`product_id`
WHERE `sale_id` = :sale_id:', [...], false)
 2 SYSTEMPATH\Model.php(253): CodeIgniter\Database\BaseBuilder->get()
 3 SYSTEMPATH\BaseModel.php(676): CodeIgniter\Model->doFindAll(0, 0)
 4 APPPATH\Models\SaleItemModel.php(13): CodeIgniter\BaseModel->findAll()
 5 APPPATH\Controllers\Sales.php(101): App\Models\SaleItemModel->getItemsBySale('9')
 6 SYSTEMPATH\CodeIgniter.php(951): App\Controllers\Sales->receipt('9')
 7 SYSTEMPATH\CodeIgniter.php(497): CodeIgniter\CodeIgniter->runController(Object(App\Controllers\Sales))
 8 SYSTEMPATH\CodeIgniter.php(340): CodeIgniter\CodeIgniter->handleRequest(null, Object(Config\Cache), false)
 9 SYSTEMPATH\Boot.php(417): CodeIgniter\CodeIgniter->run()
10 SYSTEMPATH\Boot.php(68): CodeIgniter\Boot::runCodeIgniter(Object(CodeIgniter\CodeIgniter))
11 FCPATH\index.php(59): CodeIgniter\Boot::bootWeb(Object(Config\Paths))
12 SYSTEMPATH\rewrite.php(44): require_once('C:\\xampp\\htdocs\\Web-Project\\public\\index.php')
CRITICAL - 2026-05-14 03:00:35 --> [Caused by] CodeIgniter\Database\Exceptions\DatabaseException: Unknown column 'products' in 'field list'
in SYSTEMPATH\Database\MySQLi\Connection.php on line 310.
 1 SYSTEMPATH\Database\BaseConnection.php(910): CodeIgniter\Database\MySQLi\Connection->execute('SELECT `sale_items`.*, `products`.`name` as `product_name`, `products`
FROM `sale_items`
JOIN `products` ON `products`.`id` = `sale_items`.`product_id`
WHERE `sale_id` = \'9\'')
 2 SYSTEMPATH\Database\BaseConnection.php(827): CodeIgniter\Database\BaseConnection->simpleQuery('SELECT `sale_items`.*, `products`.`name` as `product_name`, `products`
FROM `sale_items`
JOIN `products` ON `products`.`id` = `sale_items`.`product_id`
WHERE `sale_id` = \'9\'')
 3 SYSTEMPATH\Database\BaseBuilder.php(1649): CodeIgniter\Database\BaseConnection->query('SELECT `sale_items`.*, `products`.`name` as `product_name`, `products`
FROM `sale_items`
JOIN `products` ON `products`.`id` = `sale_items`.`product_id`
WHERE `sale_id` = :sale_id:', [...], false)
 4 SYSTEMPATH\Model.php(253): CodeIgniter\Database\BaseBuilder->get()
 5 SYSTEMPATH\BaseModel.php(676): CodeIgniter\Model->doFindAll(0, 0)
 6 APPPATH\Models\SaleItemModel.php(13): CodeIgniter\BaseModel->findAll()
 7 APPPATH\Controllers\Sales.php(101): App\Models\SaleItemModel->getItemsBySale('9')
 8 SYSTEMPATH\CodeIgniter.php(951): App\Controllers\Sales->receipt('9')
 9 SYSTEMPATH\CodeIgniter.php(497): CodeIgniter\CodeIgniter->runController(Object(App\Controllers\Sales))
10 SYSTEMPATH\CodeIgniter.php(340): CodeIgniter\CodeIgniter->handleRequest(null, Object(Config\Cache), false)
11 SYSTEMPATH\Boot.php(417): CodeIgniter\CodeIgniter->run()
12 SYSTEMPATH\Boot.php(68): CodeIgniter\Boot::runCodeIgniter(Object(CodeIgniter\CodeIgniter))
13 FCPATH\index.php(59): CodeIgniter\Boot::bootWeb(Object(Config\Paths))
14 SYSTEMPATH\rewrite.php(44): require_once('C:\\xampp\\htdocs\\Web-Project\\public\\index.php')
CRITICAL - 2026-05-14 03:00:35 --> [Caused by] mysqli_sql_exception: Unknown column 'products' in 'field list'
in SYSTEMPATH\Database\MySQLi\Connection.php on line 300.
 1 SYSTEMPATH\Database\MySQLi\Connection.php(300): mysqli->query('SELECT `sale_items`.*, `products`.`name` as `product_name`, `products`
FROM `sale_items`
JOIN `products` ON `products`.`id` = `sale_items`.`product_id`
WHERE `sale_id` = \'9\'', 0)
 2 SYSTEMPATH\Database\BaseConnection.php(910): CodeIgniter\Database\MySQLi\Connection->execute('SELECT `sale_items`.*, `products`.`name` as `product_name`, `products`
FROM `sale_items`
JOIN `products` ON `products`.`id` = `sale_items`.`product_id`
WHERE `sale_id` = \'9\'')
 3 SYSTEMPATH\Database\BaseConnection.php(827): CodeIgniter\Database\BaseConnection->simpleQuery('SELECT `sale_items`.*, `products`.`name` as `product_name`, `products`
FROM `sale_items`
JOIN `products` ON `products`.`id` = `sale_items`.`product_id`
WHERE `sale_id` = \'9\'')
 4 SYSTEMPATH\Database\BaseBuilder.php(1649): CodeIgniter\Database\BaseConnection->query('SELECT `sale_items`.*, `products`.`name` as `product_name`, `products`
FROM `sale_items`
JOIN `products` ON `products`.`id` = `sale_items`.`product_id`
WHERE `sale_id` = :sale_id:', [...], false)
 5 SYSTEMPATH\Model.php(253): CodeIgniter\Database\BaseBuilder->get()
 6 SYSTEMPATH\BaseModel.php(676): CodeIgniter\Model->doFindAll(0, 0)
 7 APPPATH\Models\SaleItemModel.php(13): CodeIgniter\BaseModel->findAll()
 8 APPPATH\Controllers\Sales.php(101): App\Models\SaleItemModel->getItemsBySale('9')
 9 SYSTEMPATH\CodeIgniter.php(951): App\Controllers\Sales->receipt('9')
10 SYSTEMPATH\CodeIgniter.php(497): CodeIgniter\CodeIgniter->runController(Object(App\Controllers\Sales))
11 SYSTEMPATH\CodeIgniter.php(340): CodeIgniter\CodeIgniter->handleRequest(null, Object(Config\Cache), false)
12 SYSTEMPATH\Boot.php(417): CodeIgniter\CodeIgniter->run()
13 SYSTEMPATH\Boot.php(68): CodeIgniter\Boot::runCodeIgniter(Object(CodeIgniter\CodeIgniter))
14 FCPATH\index.php(59): CodeIgniter\Boot::bootWeb(Object(Config\Paths))
15 SYSTEMPATH\rewrite.php(44): require_once('C:\\xampp\\htdocs\\Web-Project\\public\\index.php')
DEBUG - 2026-05-14 03:00:37 --> Session: Class initialized using 'CodeIgniter\Session\Handlers\FileHandler' driver.
ERROR - 2026-05-14 03:00:37 --> Unknown column 'products' in 'field list'
in SYSTEMPATH\Database\MySQLi\Connection.php on line 300.
 1 SYSTEMPATH\Database\MySQLi\Connection.php(300): mysqli->query('SELECT `sale_items`.*, `products`.`name` as `product_name`, `products`
FROM `sale_items`
JOIN `products` ON `products`.`id` = `sale_items`.`product_id`
WHERE `sale_id` = \'9\'', 0)
 2 SYSTEMPATH\Database\BaseConnection.php(910): CodeIgniter\Database\MySQLi\Connection->execute('SELECT `sale_items`.*, `products`.`name` as `product_name`, `products`
FROM `sale_items`
JOIN `products` ON `products`.`id` = `sale_items`.`product_id`
WHERE `sale_id` = \'9\'')
 3 SYSTEMPATH\Database\BaseConnection.php(827): CodeIgniter\Database\BaseConnection->simpleQuery('SELECT `sale_items`.*, `products`.`name` as `product_name`, `products`
FROM `sale_items`
JOIN `products` ON `products`.`id` = `sale_items`.`product_id`
WHERE `sale_id` = \'9\'')
 4 SYSTEMPATH\Database\BaseBuilder.php(1649): CodeIgniter\Database\BaseConnection->query('SELECT `sale_items`.*, `products`.`name` as `product_name`, `products`
FROM `sale_items`
JOIN `products` ON `products`.`id` = `sale_items`.`product_id`
WHERE `sale_id` = :sale_id:', [...], false)
 5 SYSTEMPATH\Model.php(253): CodeIgniter\Database\BaseBuilder->get()
 6 SYSTEMPATH\BaseModel.php(676): CodeIgniter\Model->doFindAll(0, 0)
 7 APPPATH\Models\SaleItemModel.php(13): CodeIgniter\BaseModel->findAll()
 8 APPPATH\Controllers\Sales.php(101): App\Models\SaleItemModel->getItemsBySale('9')
 9 SYSTEMPATH\CodeIgniter.php(951): App\Controllers\Sales->receipt('9')
10 SYSTEMPATH\CodeIgniter.php(497): CodeIgniter\CodeIgniter->runController(Object(App\Controllers\Sales))
11 SYSTEMPATH\CodeIgniter.php(340): CodeIgniter\CodeIgniter->handleRequest(null, Object(Config\Cache), false)
12 SYSTEMPATH\Boot.php(417): CodeIgniter\CodeIgniter->run()
13 SYSTEMPATH\Boot.php(68): CodeIgniter\Boot::runCodeIgniter(Object(CodeIgniter\CodeIgniter))
14 FCPATH\index.php(59): CodeIgniter\Boot::bootWeb(Object(Config\Paths))
15 SYSTEMPATH\rewrite.php(44): require_once('C:\\xampp\\htdocs\\Web-Project\\public\\index.php')
CRITICAL - 2026-05-14 03:00:37 --> CodeIgniter\Database\Exceptions\DatabaseException: Unknown column 'products' in 'field list'
[Method: GET, Route: sales/receipt/9]
in SYSTEMPATH\Database\BaseConnection.php on line 865.
 1 SYSTEMPATH\Database\BaseBuilder.php(1649): CodeIgniter\Database\BaseConnection->query('SELECT `sale_items`.*, `products`.`name` as `product_name`, `products`
FROM `sale_items`
JOIN `products` ON `products`.`id` = `sale_items`.`product_id`
WHERE `sale_id` = :sale_id:', [...], false)
 2 SYSTEMPATH\Model.php(253): CodeIgniter\Database\BaseBuilder->get()
 3 SYSTEMPATH\BaseModel.php(676): CodeIgniter\Model->doFindAll(0, 0)
 4 APPPATH\Models\SaleItemModel.php(13): CodeIgniter\BaseModel->findAll()
 5 APPPATH\Controllers\Sales.php(101): App\Models\SaleItemModel->getItemsBySale('9')
 6 SYSTEMPATH\CodeIgniter.php(951): App\Controllers\Sales->receipt('9')
 7 SYSTEMPATH\CodeIgniter.php(497): CodeIgniter\CodeIgniter->runController(Object(App\Controllers\Sales))
 8 SYSTEMPATH\CodeIgniter.php(340): CodeIgniter\CodeIgniter->handleRequest(null, Object(Config\Cache), false)
 9 SYSTEMPATH\Boot.php(417): CodeIgniter\CodeIgniter->run()
10 SYSTEMPATH\Boot.php(68): CodeIgniter\Boot::runCodeIgniter(Object(CodeIgniter\CodeIgniter))
11 FCPATH\index.php(59): CodeIgniter\Boot::bootWeb(Object(Config\Paths))
12 SYSTEMPATH\rewrite.php(44): require_once('C:\\xampp\\htdocs\\Web-Project\\public\\index.php')
CRITICAL - 2026-05-14 03:00:37 --> [Caused by] CodeIgniter\Database\Exceptions\DatabaseException: Unknown column 'products' in 'field list'
in SYSTEMPATH\Database\MySQLi\Connection.php on line 310.
 1 SYSTEMPATH\Database\BaseConnection.php(910): CodeIgniter\Database\MySQLi\Connection->execute('SELECT `sale_items`.*, `products`.`name` as `product_name`, `products`
FROM `sale_items`
JOIN `products` ON `products`.`id` = `sale_items`.`product_id`
WHERE `sale_id` = \'9\'')
 2 SYSTEMPATH\Database\BaseConnection.php(827): CodeIgniter\Database\BaseConnection->simpleQuery('SELECT `sale_items`.*, `products`.`name` as `product_name`, `products`
FROM `sale_items`
JOIN `products` ON `products`.`id` = `sale_items`.`product_id`
WHERE `sale_id` = \'9\'')
 3 SYSTEMPATH\Database\BaseBuilder.php(1649): CodeIgniter\Database\BaseConnection->query('SELECT `sale_items`.*, `products`.`name` as `product_name`, `products`
FROM `sale_items`
JOIN `products` ON `products`.`id` = `sale_items`.`product_id`
WHERE `sale_id` = :sale_id:', [...], false)
 4 SYSTEMPATH\Model.php(253): CodeIgniter\Database\BaseBuilder->get()
 5 SYSTEMPATH\BaseModel.php(676): CodeIgniter\Model->doFindAll(0, 0)
 6 APPPATH\Models\SaleItemModel.php(13): CodeIgniter\BaseModel->findAll()
 7 APPPATH\Controllers\Sales.php(101): App\Models\SaleItemModel->getItemsBySale('9')
 8 SYSTEMPATH\CodeIgniter.php(951): App\Controllers\Sales->receipt('9')
 9 SYSTEMPATH\CodeIgniter.php(497): CodeIgniter\CodeIgniter->runController(Object(App\Controllers\Sales))
10 SYSTEMPATH\CodeIgniter.php(340): CodeIgniter\CodeIgniter->handleRequest(null, Object(Config\Cache), false)
11 SYSTEMPATH\Boot.php(417): CodeIgniter\CodeIgniter->run()
12 SYSTEMPATH\Boot.php(68): CodeIgniter\Boot::runCodeIgniter(Object(CodeIgniter\CodeIgniter))
13 FCPATH\index.php(59): CodeIgniter\Boot::bootWeb(Object(Config\Paths))
14 SYSTEMPATH\rewrite.php(44): require_once('C:\\xampp\\htdocs\\Web-Project\\public\\index.php')
CRITICAL - 2026-05-14 03:00:37 --> [Caused by] mysqli_sql_exception: Unknown column 'products' in 'field list'
in SYSTEMPATH\Database\MySQLi\Connection.php on line 300.
 1 SYSTEMPATH\Database\MySQLi\Connection.php(300): mysqli->query('SELECT `sale_items`.*, `products`.`name` as `product_name`, `products`
FROM `sale_items`
JOIN `products` ON `products`.`id` = `sale_items`.`product_id`
WHERE `sale_id` = \'9\'', 0)
 2 SYSTEMPATH\Database\BaseConnection.php(910): CodeIgniter\Database\MySQLi\Connection->execute('SELECT `sale_items`.*, `products`.`name` as `product_name`, `products`
FROM `sale_items`
JOIN `products` ON `products`.`id` = `sale_items`.`product_id`
WHERE `sale_id` = \'9\'')
 3 SYSTEMPATH\Database\BaseConnection.php(827): CodeIgniter\Database\BaseConnection->simpleQuery('SELECT `sale_items`.*, `products`.`name` as `product_name`, `products`
FROM `sale_items`
JOIN `products` ON `products`.`id` = `sale_items`.`product_id`
WHERE `sale_id` = \'9\'')
 4 SYSTEMPATH\Database\BaseBuilder.php(1649): CodeIgniter\Database\BaseConnection->query('SELECT `sale_items`.*, `products`.`name` as `product_name`, `products`
FROM `sale_items`
JOIN `products` ON `products`.`id` = `sale_items`.`product_id`
WHERE `sale_id` = :sale_id:', [...], false)
 5 SYSTEMPATH\Model.php(253): CodeIgniter\Database\BaseBuilder->get()
 6 SYSTEMPATH\BaseModel.php(676): CodeIgniter\Model->doFindAll(0, 0)
 7 APPPATH\Models\SaleItemModel.php(13): CodeIgniter\BaseModel->findAll()
 8 APPPATH\Controllers\Sales.php(101): App\Models\SaleItemModel->getItemsBySale('9')
 9 SYSTEMPATH\CodeIgniter.php(951): App\Controllers\Sales->receipt('9')
10 SYSTEMPATH\CodeIgniter.php(497): CodeIgniter\CodeIgniter->runController(Object(App\Controllers\Sales))
11 SYSTEMPATH\CodeIgniter.php(340): CodeIgniter\CodeIgniter->handleRequest(null, Object(Config\Cache), false)
12 SYSTEMPATH\Boot.php(417): CodeIgniter\CodeIgniter->run()
13 SYSTEMPATH\Boot.php(68): CodeIgniter\Boot::runCodeIgniter(Object(CodeIgniter\CodeIgniter))
14 FCPATH\index.php(59): CodeIgniter\Boot::bootWeb(Object(Config\Paths))
15 SYSTEMPATH\rewrite.php(44): require_once('C:\\xampp\\htdocs\\Web-Project\\public\\index.php')
DEBUG - 2026-05-14 03:00:38 --> Session: Class initialized using 'CodeIgniter\Session\Handlers\FileHandler' driver.
ERROR - 2026-05-14 03:00:38 --> Unknown column 'products' in 'field list'
in SYSTEMPATH\Database\MySQLi\Connection.php on line 300.
 1 SYSTEMPATH\Database\MySQLi\Connection.php(300): mysqli->query('SELECT `sale_items`.*, `products`.`name` as `product_name`, `products`
FROM `sale_items`
JOIN `products` ON `products`.`id` = `sale_items`.`product_id`
WHERE `sale_id` = \'9\'', 0)
 2 SYSTEMPATH\Database\BaseConnection.php(910): CodeIgniter\Database\MySQLi\Connection->execute('SELECT `sale_items`.*, `products`.`name` as `product_name`, `products`
FROM `sale_items`
JOIN `products` ON `products`.`id` = `sale_items`.`product_id`
WHERE `sale_id` = \'9\'')
 3 SYSTEMPATH\Database\BaseConnection.php(827): CodeIgniter\Database\BaseConnection->simpleQuery('SELECT `sale_items`.*, `products`.`name` as `product_name`, `products`
FROM `sale_items`
JOIN `products` ON `products`.`id` = `sale_items`.`product_id`
WHERE `sale_id` = \'9\'')
 4 SYSTEMPATH\Database\BaseBuilder.php(1649): CodeIgniter\Database\BaseConnection->query('SELECT `sale_items`.*, `products`.`name` as `product_name`, `products`
FROM `sale_items`
JOIN `products` ON `products`.`id` = `sale_items`.`product_id`
WHERE `sale_id` = :sale_id:', [...], false)
 5 SYSTEMPATH\Model.php(253): CodeIgniter\Database\BaseBuilder->get()
 6 SYSTEMPATH\BaseModel.php(676): CodeIgniter\Model->doFindAll(0, 0)
 7 APPPATH\Models\SaleItemModel.php(13): CodeIgniter\BaseModel->findAll()
 8 APPPATH\Controllers\Sales.php(101): App\Models\SaleItemModel->getItemsBySale('9')
 9 SYSTEMPATH\CodeIgniter.php(951): App\Controllers\Sales->receipt('9')
10 SYSTEMPATH\CodeIgniter.php(497): CodeIgniter\CodeIgniter->runController(Object(App\Controllers\Sales))
11 SYSTEMPATH\CodeIgniter.php(340): CodeIgniter\CodeIgniter->handleRequest(null, Object(Config\Cache), false)
12 SYSTEMPATH\Boot.php(417): CodeIgniter\CodeIgniter->run()
13 SYSTEMPATH\Boot.php(68): CodeIgniter\Boot::runCodeIgniter(Object(CodeIgniter\CodeIgniter))
14 FCPATH\index.php(59): CodeIgniter\Boot::bootWeb(Object(Config\Paths))
15 SYSTEMPATH\rewrite.php(44): require_once('C:\\xampp\\htdocs\\Web-Project\\public\\index.php')
CRITICAL - 2026-05-14 03:00:38 --> CodeIgniter\Database\Exceptions\DatabaseException: Unknown column 'products' in 'field list'
[Method: GET, Route: sales/receipt/9]
in SYSTEMPATH\Database\BaseConnection.php on line 865.
 1 SYSTEMPATH\Database\BaseBuilder.php(1649): CodeIgniter\Database\BaseConnection->query('SELECT `sale_items`.*, `products`.`name` as `product_name`, `products`
FROM `sale_items`
JOIN `products` ON `products`.`id` = `sale_items`.`product_id`
WHERE `sale_id` = :sale_id:', [...], false)
 2 SYSTEMPATH\Model.php(253): CodeIgniter\Database\BaseBuilder->get()
 3 SYSTEMPATH\BaseModel.php(676): CodeIgniter\Model->doFindAll(0, 0)
 4 APPPATH\Models\SaleItemModel.php(13): CodeIgniter\BaseModel->findAll()
 5 APPPATH\Controllers\Sales.php(101): App\Models\SaleItemModel->getItemsBySale('9')
 6 SYSTEMPATH\CodeIgniter.php(951): App\Controllers\Sales->receipt('9')
 7 SYSTEMPATH\CodeIgniter.php(497): CodeIgniter\CodeIgniter->runController(Object(App\Controllers\Sales))
 8 SYSTEMPATH\CodeIgniter.php(340): CodeIgniter\CodeIgniter->handleRequest(null, Object(Config\Cache), false)
 9 SYSTEMPATH\Boot.php(417): CodeIgniter\CodeIgniter->run()
10 SYSTEMPATH\Boot.php(68): CodeIgniter\Boot::runCodeIgniter(Object(CodeIgniter\CodeIgniter))
11 FCPATH\index.php(59): CodeIgniter\Boot::bootWeb(Object(Config\Paths))
12 SYSTEMPATH\rewrite.php(44): require_once('C:\\xampp\\htdocs\\Web-Project\\public\\index.php')
CRITICAL - 2026-05-14 03:00:38 --> [Caused by] CodeIgniter\Database\Exceptions\DatabaseException: Unknown column 'products' in 'field list'
in SYSTEMPATH\Database\MySQLi\Connection.php on line 310.
 1 SYSTEMPATH\Database\BaseConnection.php(910): CodeIgniter\Database\MySQLi\Connection->execute('SELECT `sale_items`.*, `products`.`name` as `product_name`, `products`
FROM `sale_items`
JOIN `products` ON `products`.`id` = `sale_items`.`product_id`
WHERE `sale_id` = \'9\'')
 2 SYSTEMPATH\Database\BaseConnection.php(827): CodeIgniter\Database\BaseConnection->simpleQuery('SELECT `sale_items`.*, `products`.`name` as `product_name`, `products`
FROM `sale_items`
JOIN `products` ON `products`.`id` = `sale_items`.`product_id`
WHERE `sale_id` = \'9\'')
 3 SYSTEMPATH\Database\BaseBuilder.php(1649): CodeIgniter\Database\BaseConnection->query('SELECT `sale_items`.*, `products`.`name` as `product_name`, `products`
FROM `sale_items`
JOIN `products` ON `products`.`id` = `sale_items`.`product_id`
WHERE `sale_id` = :sale_id:', [...], false)
 4 SYSTEMPATH\Model.php(253): CodeIgniter\Database\BaseBuilder->get()
 5 SYSTEMPATH\BaseModel.php(676): CodeIgniter\Model->doFindAll(0, 0)
 6 APPPATH\Models\SaleItemModel.php(13): CodeIgniter\BaseModel->findAll()
 7 APPPATH\Controllers\Sales.php(101): App\Models\SaleItemModel->getItemsBySale('9')
 8 SYSTEMPATH\CodeIgniter.php(951): App\Controllers\Sales->receipt('9')
 9 SYSTEMPATH\CodeIgniter.php(497): CodeIgniter\CodeIgniter->runController(Object(App\Controllers\Sales))
10 SYSTEMPATH\CodeIgniter.php(340): CodeIgniter\CodeIgniter->handleRequest(null, Object(Config\Cache), false)
11 SYSTEMPATH\Boot.php(417): CodeIgniter\CodeIgniter->run()
12 SYSTEMPATH\Boot.php(68): CodeIgniter\Boot::runCodeIgniter(Object(CodeIgniter\CodeIgniter))
13 FCPATH\index.php(59): CodeIgniter\Boot::bootWeb(Object(Config\Paths))
14 SYSTEMPATH\rewrite.php(44): require_once('C:\\xampp\\htdocs\\Web-Project\\public\\index.php')
CRITICAL - 2026-05-14 03:00:38 --> [Caused by] mysqli_sql_exception: Unknown column 'products' in 'field list'
in SYSTEMPATH\Database\MySQLi\Connection.php on line 300.
 1 SYSTEMPATH\Database\MySQLi\Connection.php(300): mysqli->query('SELECT `sale_items`.*, `products`.`name` as `product_name`, `products`
FROM `sale_items`
JOIN `products` ON `products`.`id` = `sale_items`.`product_id`
WHERE `sale_id` = \'9\'', 0)
 2 SYSTEMPATH\Database\BaseConnection.php(910): CodeIgniter\Database\MySQLi\Connection->execute('SELECT `sale_items`.*, `products`.`name` as `product_name`, `products`
FROM `sale_items`
JOIN `products` ON `products`.`id` = `sale_items`.`product_id`
WHERE `sale_id` = \'9\'')
 3 SYSTEMPATH\Database\BaseConnection.php(827): CodeIgniter\Database\BaseConnection->simpleQuery('SELECT `sale_items`.*, `products`.`name` as `product_name`, `products`
FROM `sale_items`
JOIN `products` ON `products`.`id` = `sale_items`.`product_id`
WHERE `sale_id` = \'9\'')
 4 SYSTEMPATH\Database\BaseBuilder.php(1649): CodeIgniter\Database\BaseConnection->query('SELECT `sale_items`.*, `products`.`name` as `product_name`, `products`
FROM `sale_items`
JOIN `products` ON `products`.`id` = `sale_items`.`product_id`
WHERE `sale_id` = :sale_id:', [...], false)
 5 SYSTEMPATH\Model.php(253): CodeIgniter\Database\BaseBuilder->get()
 6 SYSTEMPATH\BaseModel.php(676): CodeIgniter\Model->doFindAll(0, 0)
 7 APPPATH\Models\SaleItemModel.php(13): CodeIgniter\BaseModel->findAll()
 8 APPPATH\Controllers\Sales.php(101): App\Models\SaleItemModel->getItemsBySale('9')
 9 SYSTEMPATH\CodeIgniter.php(951): App\Controllers\Sales->receipt('9')
10 SYSTEMPATH\CodeIgniter.php(497): CodeIgniter\CodeIgniter->runController(Object(App\Controllers\Sales))
11 SYSTEMPATH\CodeIgniter.php(340): CodeIgniter\CodeIgniter->handleRequest(null, Object(Config\Cache), false)
12 SYSTEMPATH\Boot.php(417): CodeIgniter\CodeIgniter->run()
13 SYSTEMPATH\Boot.php(68): CodeIgniter\Boot::runCodeIgniter(Object(CodeIgniter\CodeIgniter))
14 FCPATH\index.php(59): CodeIgniter\Boot::bootWeb(Object(Config\Paths))
15 SYSTEMPATH\rewrite.php(44): require_once('C:\\xampp\\htdocs\\Web-Project\\public\\index.php')
DEBUG - 2026-05-14 03:00:39 --> Session: Class initialized using 'CodeIgniter\Session\Handlers\FileHandler' driver.
ERROR - 2026-05-14 03:00:39 --> Unknown column 'products' in 'field list'
in SYSTEMPATH\Database\MySQLi\Connection.php on line 300.
 1 SYSTEMPATH\Database\MySQLi\Connection.php(300): mysqli->query('SELECT `sale_items`.*, `products`.`name` as `product_name`, `products`
FROM `sale_items`
JOIN `products` ON `products`.`id` = `sale_items`.`product_id`
WHERE `sale_id` = \'9\'', 0)
 2 SYSTEMPATH\Database\BaseConnection.php(910): CodeIgniter\Database\MySQLi\Connection->execute('SELECT `sale_items`.*, `products`.`name` as `product_name`, `products`
FROM `sale_items`
JOIN `products` ON `products`.`id` = `sale_items`.`product_id`
WHERE `sale_id` = \'9\'')
 3 SYSTEMPATH\Database\BaseConnection.php(827): CodeIgniter\Database\BaseConnection->simpleQuery('SELECT `sale_items`.*, `products`.`name` as `product_name`, `products`
FROM `sale_items`
JOIN `products` ON `products`.`id` = `sale_items`.`product_id`
WHERE `sale_id` = \'9\'')
 4 SYSTEMPATH\Database\BaseBuilder.php(1649): CodeIgniter\Database\BaseConnection->query('SELECT `sale_items`.*, `products`.`name` as `product_name`, `products`
FROM `sale_items`
JOIN `products` ON `products`.`id` = `sale_items`.`product_id`
WHERE `sale_id` = :sale_id:', [...], false)
 5 SYSTEMPATH\Model.php(253): CodeIgniter\Database\BaseBuilder->get()
 6 SYSTEMPATH\BaseModel.php(676): CodeIgniter\Model->doFindAll(0, 0)
 7 APPPATH\Models\SaleItemModel.php(13): CodeIgniter\BaseModel->findAll()
 8 APPPATH\Controllers\Sales.php(101): App\Models\SaleItemModel->getItemsBySale('9')
 9 SYSTEMPATH\CodeIgniter.php(951): App\Controllers\Sales->receipt('9')
10 SYSTEMPATH\CodeIgniter.php(497): CodeIgniter\CodeIgniter->runController(Object(App\Controllers\Sales))
11 SYSTEMPATH\CodeIgniter.php(340): CodeIgniter\CodeIgniter->handleRequest(null, Object(Config\Cache), false)
12 SYSTEMPATH\Boot.php(417): CodeIgniter\CodeIgniter->run()
13 SYSTEMPATH\Boot.php(68): CodeIgniter\Boot::runCodeIgniter(Object(CodeIgniter\CodeIgniter))
14 FCPATH\index.php(59): CodeIgniter\Boot::bootWeb(Object(Config\Paths))
15 SYSTEMPATH\rewrite.php(44): require_once('C:\\xampp\\htdocs\\Web-Project\\public\\index.php')
CRITICAL - 2026-05-14 03:00:39 --> CodeIgniter\Database\Exceptions\DatabaseException: Unknown column 'products' in 'field list'
[Method: GET, Route: sales/receipt/9]
in SYSTEMPATH\Database\BaseConnection.php on line 865.
 1 SYSTEMPATH\Database\BaseBuilder.php(1649): CodeIgniter\Database\BaseConnection->query('SELECT `sale_items`.*, `products`.`name` as `product_name`, `products`
FROM `sale_items`
JOIN `products` ON `products`.`id` = `sale_items`.`product_id`
WHERE `sale_id` = :sale_id:', [...], false)
 2 SYSTEMPATH\Model.php(253): CodeIgniter\Database\BaseBuilder->get()
 3 SYSTEMPATH\BaseModel.php(676): CodeIgniter\Model->doFindAll(0, 0)
 4 APPPATH\Models\SaleItemModel.php(13): CodeIgniter\BaseModel->findAll()
 5 APPPATH\Controllers\Sales.php(101): App\Models\SaleItemModel->getItemsBySale('9')
 6 SYSTEMPATH\CodeIgniter.php(951): App\Controllers\Sales->receipt('9')
 7 SYSTEMPATH\CodeIgniter.php(497): CodeIgniter\CodeIgniter->runController(Object(App\Controllers\Sales))
 8 SYSTEMPATH\CodeIgniter.php(340): CodeIgniter\CodeIgniter->handleRequest(null, Object(Config\Cache), false)
 9 SYSTEMPATH\Boot.php(417): CodeIgniter\CodeIgniter->run()
10 SYSTEMPATH\Boot.php(68): CodeIgniter\Boot::runCodeIgniter(Object(CodeIgniter\CodeIgniter))
11 FCPATH\index.php(59): CodeIgniter\Boot::bootWeb(Object(Config\Paths))
12 SYSTEMPATH\rewrite.php(44): require_once('C:\\xampp\\htdocs\\Web-Project\\public\\index.php')
CRITICAL - 2026-05-14 03:00:39 --> [Caused by] CodeIgniter\Database\Exceptions\DatabaseException: Unknown column 'products' in 'field list'
in SYSTEMPATH\Database\MySQLi\Connection.php on line 310.
 1 SYSTEMPATH\Database\BaseConnection.php(910): CodeIgniter\Database\MySQLi\Connection->execute('SELECT `sale_items`.*, `products`.`name` as `product_name`, `products`
FROM `sale_items`
JOIN `products` ON `products`.`id` = `sale_items`.`product_id`
WHERE `sale_id` = \'9\'')
 2 SYSTEMPATH\Database\BaseConnection.php(827): CodeIgniter\Database\BaseConnection->simpleQuery('SELECT `sale_items`.*, `products`.`name` as `product_name`, `products`
FROM `sale_items`
JOIN `products` ON `products`.`id` = `sale_items`.`product_id`
WHERE `sale_id` = \'9\'')
 3 SYSTEMPATH\Database\BaseBuilder.php(1649): CodeIgniter\Database\BaseConnection->query('SELECT `sale_items`.*, `products`.`name` as `product_name`, `products`
FROM `sale_items`
JOIN `products` ON `products`.`id` = `sale_items`.`product_id`
WHERE `sale_id` = :sale_id:', [...], false)
 4 SYSTEMPATH\Model.php(253): CodeIgniter\Database\BaseBuilder->get()
 5 SYSTEMPATH\BaseModel.php(676): CodeIgniter\Model->doFindAll(0, 0)
 6 APPPATH\Models\SaleItemModel.php(13): CodeIgniter\BaseModel->findAll()
 7 APPPATH\Controllers\Sales.php(101): App\Models\SaleItemModel->getItemsBySale('9')
 8 SYSTEMPATH\CodeIgniter.php(951): App\Controllers\Sales->receipt('9')
 9 SYSTEMPATH\CodeIgniter.php(497): CodeIgniter\CodeIgniter->runController(Object(App\Controllers\Sales))
10 SYSTEMPATH\CodeIgniter.php(340): CodeIgniter\CodeIgniter->handleRequest(null, Object(Config\Cache), false)
11 SYSTEMPATH\Boot.php(417): CodeIgniter\CodeIgniter->run()
12 SYSTEMPATH\Boot.php(68): CodeIgniter\Boot::runCodeIgniter(Object(CodeIgniter\CodeIgniter))
13 FCPATH\index.php(59): CodeIgniter\Boot::bootWeb(Object(Config\Paths))
14 SYSTEMPATH\rewrite.php(44): require_once('C:\\xampp\\htdocs\\Web-Project\\public\\index.php')
CRITICAL - 2026-05-14 03:00:39 --> [Caused by] mysqli_sql_exception: Unknown column 'products' in 'field list'
in SYSTEMPATH\Database\MySQLi\Connection.php on line 300.
 1 SYSTEMPATH\Database\MySQLi\Connection.php(300): mysqli->query('SELECT `sale_items`.*, `products`.`name` as `product_name`, `products`
FROM `sale_items`
JOIN `products` ON `products`.`id` = `sale_items`.`product_id`
WHERE `sale_id` = \'9\'', 0)
 2 SYSTEMPATH\Database\BaseConnection.php(910): CodeIgniter\Database\MySQLi\Connection->execute('SELECT `sale_items`.*, `products`.`name` as `product_name`, `products`
FROM `sale_items`
JOIN `products` ON `products`.`id` = `sale_items`.`product_id`
WHERE `sale_id` = \'9\'')
 3 SYSTEMPATH\Database\BaseConnection.php(827): CodeIgniter\Database\BaseConnection->simpleQuery('SELECT `sale_items`.*, `products`.`name` as `product_name`, `products`
FROM `sale_items`
JOIN `products` ON `products`.`id` = `sale_items`.`product_id`
WHERE `sale_id` = \'9\'')
 4 SYSTEMPATH\Database\BaseBuilder.php(1649): CodeIgniter\Database\BaseConnection->query('SELECT `sale_items`.*, `products`.`name` as `product_name`, `products`
FROM `sale_items`
JOIN `products` ON `products`.`id` = `sale_items`.`product_id`
WHERE `sale_id` = :sale_id:', [...], false)
 5 SYSTEMPATH\Model.php(253): CodeIgniter\Database\BaseBuilder->get()
 6 SYSTEMPATH\BaseModel.php(676): CodeIgniter\Model->doFindAll(0, 0)
 7 APPPATH\Models\SaleItemModel.php(13): CodeIgniter\BaseModel->findAll()
 8 APPPATH\Controllers\Sales.php(101): App\Models\SaleItemModel->getItemsBySale('9')
 9 SYSTEMPATH\CodeIgniter.php(951): App\Controllers\Sales->receipt('9')
10 SYSTEMPATH\CodeIgniter.php(497): CodeIgniter\CodeIgniter->runController(Object(App\Controllers\Sales))
11 SYSTEMPATH\CodeIgniter.php(340): CodeIgniter\CodeIgniter->handleRequest(null, Object(Config\Cache), false)
12 SYSTEMPATH\Boot.php(417): CodeIgniter\CodeIgniter->run()
13 SYSTEMPATH\Boot.php(68): CodeIgniter\Boot::runCodeIgniter(Object(CodeIgniter\CodeIgniter))
14 FCPATH\index.php(59): CodeIgniter\Boot::bootWeb(Object(Config\Paths))
15 SYSTEMPATH\rewrite.php(44): require_once('C:\\xampp\\htdocs\\Web-Project\\public\\index.php')
DEBUG - 2026-05-14 03:00:41 --> Session: Class initialized using 'CodeIgniter\Session\Handlers\FileHandler' driver.
DEBUG - 2026-05-14 03:00:43 --> Session: Class initialized using 'CodeIgniter\Session\Handlers\FileHandler' driver.
ERROR - 2026-05-14 03:00:43 --> Unknown column 'products' in 'field list'
in SYSTEMPATH\Database\MySQLi\Connection.php on line 300.
 1 SYSTEMPATH\Database\MySQLi\Connection.php(300): mysqli->query('SELECT `sale_items`.*, `products`.`name` as `product_name`, `products`
FROM `sale_items`
JOIN `products` ON `products`.`id` = `sale_items`.`product_id`
WHERE `sale_id` = \'10\'', 0)
 2 SYSTEMPATH\Database\BaseConnection.php(910): CodeIgniter\Database\MySQLi\Connection->execute('SELECT `sale_items`.*, `products`.`name` as `product_name`, `products`
FROM `sale_items`
JOIN `products` ON `products`.`id` = `sale_items`.`product_id`
WHERE `sale_id` = \'10\'')
 3 SYSTEMPATH\Database\BaseConnection.php(827): CodeIgniter\Database\BaseConnection->simpleQuery('SELECT `sale_items`.*, `products`.`name` as `product_name`, `products`
FROM `sale_items`
JOIN `products` ON `products`.`id` = `sale_items`.`product_id`
WHERE `sale_id` = \'10\'')
 4 SYSTEMPATH\Database\BaseBuilder.php(1649): CodeIgniter\Database\BaseConnection->query('SELECT `sale_items`.*, `products`.`name` as `product_name`, `products`
FROM `sale_items`
JOIN `products` ON `products`.`id` = `sale_items`.`product_id`
WHERE `sale_id` = :sale_id:', [...], false)
 5 SYSTEMPATH\Model.php(253): CodeIgniter\Database\BaseBuilder->get()
 6 SYSTEMPATH\BaseModel.php(676): CodeIgniter\Model->doFindAll(0, 0)
 7 APPPATH\Models\SaleItemModel.php(13): CodeIgniter\BaseModel->findAll()
 8 APPPATH\Controllers\Sales.php(101): App\Models\SaleItemModel->getItemsBySale('10')
 9 SYSTEMPATH\CodeIgniter.php(951): App\Controllers\Sales->receipt('10')
10 SYSTEMPATH\CodeIgniter.php(497): CodeIgniter\CodeIgniter->runController(Object(App\Controllers\Sales))
11 SYSTEMPATH\CodeIgniter.php(340): CodeIgniter\CodeIgniter->handleRequest(null, Object(Config\Cache), false)
12 SYSTEMPATH\Boot.php(417): CodeIgniter\CodeIgniter->run()
13 SYSTEMPATH\Boot.php(68): CodeIgniter\Boot::runCodeIgniter(Object(CodeIgniter\CodeIgniter))
14 FCPATH\index.php(59): CodeIgniter\Boot::bootWeb(Object(Config\Paths))
15 SYSTEMPATH\rewrite.php(44): require_once('C:\\xampp\\htdocs\\Web-Project\\public\\index.php')
CRITICAL - 2026-05-14 03:00:43 --> CodeIgniter\Database\Exceptions\DatabaseException: Unknown column 'products' in 'field list'
[Method: GET, Route: sales/receipt/10]
in SYSTEMPATH\Database\BaseConnection.php on line 865.
 1 SYSTEMPATH\Database\BaseBuilder.php(1649): CodeIgniter\Database\BaseConnection->query('SELECT `sale_items`.*, `products`.`name` as `product_name`, `products`
FROM `sale_items`
JOIN `products` ON `products`.`id` = `sale_items`.`product_id`
WHERE `sale_id` = :sale_id:', [...], false)
 2 SYSTEMPATH\Model.php(253): CodeIgniter\Database\BaseBuilder->get()
 3 SYSTEMPATH\BaseModel.php(676): CodeIgniter\Model->doFindAll(0, 0)
 4 APPPATH\Models\SaleItemModel.php(13): CodeIgniter\BaseModel->findAll()
 5 APPPATH\Controllers\Sales.php(101): App\Models\SaleItemModel->getItemsBySale('10')
 6 SYSTEMPATH\CodeIgniter.php(951): App\Controllers\Sales->receipt('10')
 7 SYSTEMPATH\CodeIgniter.php(497): CodeIgniter\CodeIgniter->runController(Object(App\Controllers\Sales))
 8 SYSTEMPATH\CodeIgniter.php(340): CodeIgniter\CodeIgniter->handleRequest(null, Object(Config\Cache), false)
 9 SYSTEMPATH\Boot.php(417): CodeIgniter\CodeIgniter->run()
10 SYSTEMPATH\Boot.php(68): CodeIgniter\Boot::runCodeIgniter(Object(CodeIgniter\CodeIgniter))
11 FCPATH\index.php(59): CodeIgniter\Boot::bootWeb(Object(Config\Paths))
12 SYSTEMPATH\rewrite.php(44): require_once('C:\\xampp\\htdocs\\Web-Project\\public\\index.php')
CRITICAL - 2026-05-14 03:00:43 --> [Caused by] CodeIgniter\Database\Exceptions\DatabaseException: Unknown column 'products' in 'field list'
in SYSTEMPATH\Database\MySQLi\Connection.php on line 310.
 1 SYSTEMPATH\Database\BaseConnection.php(910): CodeIgniter\Database\MySQLi\Connection->execute('SELECT `sale_items`.*, `products`.`name` as `product_name`, `products`
FROM `sale_items`
JOIN `products` ON `products`.`id` = `sale_items`.`product_id`
WHERE `sale_id` = \'10\'')
 2 SYSTEMPATH\Database\BaseConnection.php(827): CodeIgniter\Database\BaseConnection->simpleQuery('SELECT `sale_items`.*, `products`.`name` as `product_name`, `products`
FROM `sale_items`
JOIN `products` ON `products`.`id` = `sale_items`.`product_id`
WHERE `sale_id` = \'10\'')
 3 SYSTEMPATH\Database\BaseBuilder.php(1649): CodeIgniter\Database\BaseConnection->query('SELECT `sale_items`.*, `products`.`name` as `product_name`, `products`
FROM `sale_items`
JOIN `products` ON `products`.`id` = `sale_items`.`product_id`
WHERE `sale_id` = :sale_id:', [...], false)
 4 SYSTEMPATH\Model.php(253): CodeIgniter\Database\BaseBuilder->get()
 5 SYSTEMPATH\BaseModel.php(676): CodeIgniter\Model->doFindAll(0, 0)
 6 APPPATH\Models\SaleItemModel.php(13): CodeIgniter\BaseModel->findAll()
 7 APPPATH\Controllers\Sales.php(101): App\Models\SaleItemModel->getItemsBySale('10')
 8 SYSTEMPATH\CodeIgniter.php(951): App\Controllers\Sales->receipt('10')
 9 SYSTEMPATH\CodeIgniter.php(497): CodeIgniter\CodeIgniter->runController(Object(App\Controllers\Sales))
10 SYSTEMPATH\CodeIgniter.php(340): CodeIgniter\CodeIgniter->handleRequest(null, Object(Config\Cache), false)
11 SYSTEMPATH\Boot.php(417): CodeIgniter\CodeIgniter->run()
12 SYSTEMPATH\Boot.php(68): CodeIgniter\Boot::runCodeIgniter(Object(CodeIgniter\CodeIgniter))
13 FCPATH\index.php(59): CodeIgniter\Boot::bootWeb(Object(Config\Paths))
14 SYSTEMPATH\rewrite.php(44): require_once('C:\\xampp\\htdocs\\Web-Project\\public\\index.php')
CRITICAL - 2026-05-14 03:00:43 --> [Caused by] mysqli_sql_exception: Unknown column 'products' in 'field list'
in SYSTEMPATH\Database\MySQLi\Connection.php on line 300.
 1 SYSTEMPATH\Database\MySQLi\Connection.php(300): mysqli->query('SELECT `sale_items`.*, `products`.`name` as `product_name`, `products`
FROM `sale_items`
JOIN `products` ON `products`.`id` = `sale_items`.`product_id`
WHERE `sale_id` = \'10\'', 0)
 2 SYSTEMPATH\Database\BaseConnection.php(910): CodeIgniter\Database\MySQLi\Connection->execute('SELECT `sale_items`.*, `products`.`name` as `product_name`, `products`
FROM `sale_items`
JOIN `products` ON `products`.`id` = `sale_items`.`product_id`
WHERE `sale_id` = \'10\'')
 3 SYSTEMPATH\Database\BaseConnection.php(827): CodeIgniter\Database\BaseConnection->simpleQuery('SELECT `sale_items`.*, `products`.`name` as `product_name`, `products`
FROM `sale_items`
JOIN `products` ON `products`.`id` = `sale_items`.`product_id`
WHERE `sale_id` = \'10\'')
 4 SYSTEMPATH\Database\BaseBuilder.php(1649): CodeIgniter\Database\BaseConnection->query('SELECT `sale_items`.*, `products`.`name` as `product_name`, `products`
FROM `sale_items`
JOIN `products` ON `products`.`id` = `sale_items`.`product_id`
WHERE `sale_id` = :sale_id:', [...], false)
 5 SYSTEMPATH\Model.php(253): CodeIgniter\Database\BaseBuilder->get()
 6 SYSTEMPATH\BaseModel.php(676): CodeIgniter\Model->doFindAll(0, 0)
 7 APPPATH\Models\SaleItemModel.php(13): CodeIgniter\BaseModel->findAll()
 8 APPPATH\Controllers\Sales.php(101): App\Models\SaleItemModel->getItemsBySale('10')
 9 SYSTEMPATH\CodeIgniter.php(951): App\Controllers\Sales->receipt('10')
10 SYSTEMPATH\CodeIgniter.php(497): CodeIgniter\CodeIgniter->runController(Object(App\Controllers\Sales))
11 SYSTEMPATH\CodeIgniter.php(340): CodeIgniter\CodeIgniter->handleRequest(null, Object(Config\Cache), false)
12 SYSTEMPATH\Boot.php(417): CodeIgniter\CodeIgniter->run()
13 SYSTEMPATH\Boot.php(68): CodeIgniter\Boot::runCodeIgniter(Object(CodeIgniter\CodeIgniter))
14 FCPATH\index.php(59): CodeIgniter\Boot::bootWeb(Object(Config\Paths))
15 SYSTEMPATH\rewrite.php(44): require_once('C:\\xampp\\htdocs\\Web-Project\\public\\index.php')
DEBUG - 2026-05-14 03:02:20 --> Session: Class initialized using 'CodeIgniter\Session\Handlers\FileHandler' driver.
ERROR - 2026-05-14 03:02:20 --> Unknown column 'products' in 'field list'
in SYSTEMPATH\Database\MySQLi\Connection.php on line 300.
 1 SYSTEMPATH\Database\MySQLi\Connection.php(300): mysqli->query('SELECT `sale_items`.*, `products`.`name` as `product_name`, `products`
FROM `sale_items`
JOIN `products` ON `products`.`id` = `sale_items`.`product_id`
WHERE `sale_id` = \'10\'', 0)
 2 SYSTEMPATH\Database\BaseConnection.php(910): CodeIgniter\Database\MySQLi\Connection->execute('SELECT `sale_items`.*, `products`.`name` as `product_name`, `products`
FROM `sale_items`
JOIN `products` ON `products`.`id` = `sale_items`.`product_id`
WHERE `sale_id` = \'10\'')
 3 SYSTEMPATH\Database\BaseConnection.php(827): CodeIgniter\Database\BaseConnection->simpleQuery('SELECT `sale_items`.*, `products`.`name` as `product_name`, `products`
FROM `sale_items`
JOIN `products` ON `products`.`id` = `sale_items`.`product_id`
WHERE `sale_id` = \'10\'')
 4 SYSTEMPATH\Database\BaseBuilder.php(1649): CodeIgniter\Database\BaseConnection->query('SELECT `sale_items`.*, `products`.`name` as `product_name`, `products`
FROM `sale_items`
JOIN `products` ON `products`.`id` = `sale_items`.`product_id`
WHERE `sale_id` = :sale_id:', [...], false)
 5 SYSTEMPATH\Model.php(253): CodeIgniter\Database\BaseBuilder->get()
 6 SYSTEMPATH\BaseModel.php(676): CodeIgniter\Model->doFindAll(0, 0)
 7 APPPATH\Models\SaleItemModel.php(13): CodeIgniter\BaseModel->findAll()
 8 APPPATH\Controllers\Sales.php(101): App\Models\SaleItemModel->getItemsBySale('10')
 9 SYSTEMPATH\CodeIgniter.php(951): App\Controllers\Sales->receipt('10')
10 SYSTEMPATH\CodeIgniter.php(497): CodeIgniter\CodeIgniter->runController(Object(App\Controllers\Sales))
11 SYSTEMPATH\CodeIgniter.php(340): CodeIgniter\CodeIgniter->handleRequest(null, Object(Config\Cache), false)
12 SYSTEMPATH\Boot.php(417): CodeIgniter\CodeIgniter->run()
13 SYSTEMPATH\Boot.php(68): CodeIgniter\Boot::runCodeIgniter(Object(CodeIgniter\CodeIgniter))
14 FCPATH\index.php(59): CodeIgniter\Boot::bootWeb(Object(Config\Paths))
15 SYSTEMPATH\rewrite.php(44): require_once('C:\\xampp\\htdocs\\Web-Project\\public\\index.php')
CRITICAL - 2026-05-14 03:02:20 --> CodeIgniter\Database\Exceptions\DatabaseException: Unknown column 'products' in 'field list'
[Method: GET, Route: sales/receipt/10]
in SYSTEMPATH\Database\BaseConnection.php on line 865.
 1 SYSTEMPATH\Database\BaseBuilder.php(1649): CodeIgniter\Database\BaseConnection->query('SELECT `sale_items`.*, `products`.`name` as `product_name`, `products`
FROM `sale_items`
JOIN `products` ON `products`.`id` = `sale_items`.`product_id`
WHERE `sale_id` = :sale_id:', [...], false)
 2 SYSTEMPATH\Model.php(253): CodeIgniter\Database\BaseBuilder->get()
 3 SYSTEMPATH\BaseModel.php(676): CodeIgniter\Model->doFindAll(0, 0)
 4 APPPATH\Models\SaleItemModel.php(13): CodeIgniter\BaseModel->findAll()
 5 APPPATH\Controllers\Sales.php(101): App\Models\SaleItemModel->getItemsBySale('10')
 6 SYSTEMPATH\CodeIgniter.php(951): App\Controllers\Sales->receipt('10')
 7 SYSTEMPATH\CodeIgniter.php(497): CodeIgniter\CodeIgniter->runController(Object(App\Controllers\Sales))
 8 SYSTEMPATH\CodeIgniter.php(340): CodeIgniter\CodeIgniter->handleRequest(null, Object(Config\Cache), false)
 9 SYSTEMPATH\Boot.php(417): CodeIgniter\CodeIgniter->run()
10 SYSTEMPATH\Boot.php(68): CodeIgniter\Boot::runCodeIgniter(Object(CodeIgniter\CodeIgniter))
11 FCPATH\index.php(59): CodeIgniter\Boot::bootWeb(Object(Config\Paths))
12 SYSTEMPATH\rewrite.php(44): require_once('C:\\xampp\\htdocs\\Web-Project\\public\\index.php')
CRITICAL - 2026-05-14 03:02:20 --> [Caused by] CodeIgniter\Database\Exceptions\DatabaseException: Unknown column 'products' in 'field list'
in SYSTEMPATH\Database\MySQLi\Connection.php on line 310.
 1 SYSTEMPATH\Database\BaseConnection.php(910): CodeIgniter\Database\MySQLi\Connection->execute('SELECT `sale_items`.*, `products`.`name` as `product_name`, `products`
FROM `sale_items`
JOIN `products` ON `products`.`id` = `sale_items`.`product_id`
WHERE `sale_id` = \'10\'')
 2 SYSTEMPATH\Database\BaseConnection.php(827): CodeIgniter\Database\BaseConnection->simpleQuery('SELECT `sale_items`.*, `products`.`name` as `product_name`, `products`
FROM `sale_items`
JOIN `products` ON `products`.`id` = `sale_items`.`product_id`
WHERE `sale_id` = \'10\'')
 3 SYSTEMPATH\Database\BaseBuilder.php(1649): CodeIgniter\Database\BaseConnection->query('SELECT `sale_items`.*, `products`.`name` as `product_name`, `products`
FROM `sale_items`
JOIN `products` ON `products`.`id` = `sale_items`.`product_id`
WHERE `sale_id` = :sale_id:', [...], false)
 4 SYSTEMPATH\Model.php(253): CodeIgniter\Database\BaseBuilder->get()
 5 SYSTEMPATH\BaseModel.php(676): CodeIgniter\Model->doFindAll(0, 0)
 6 APPPATH\Models\SaleItemModel.php(13): CodeIgniter\BaseModel->findAll()
 7 APPPATH\Controllers\Sales.php(101): App\Models\SaleItemModel->getItemsBySale('10')
 8 SYSTEMPATH\CodeIgniter.php(951): App\Controllers\Sales->receipt('10')
 9 SYSTEMPATH\CodeIgniter.php(497): CodeIgniter\CodeIgniter->runController(Object(App\Controllers\Sales))
10 SYSTEMPATH\CodeIgniter.php(340): CodeIgniter\CodeIgniter->handleRequest(null, Object(Config\Cache), false)
11 SYSTEMPATH\Boot.php(417): CodeIgniter\CodeIgniter->run()
12 SYSTEMPATH\Boot.php(68): CodeIgniter\Boot::runCodeIgniter(Object(CodeIgniter\CodeIgniter))
13 FCPATH\index.php(59): CodeIgniter\Boot::bootWeb(Object(Config\Paths))
14 SYSTEMPATH\rewrite.php(44): require_once('C:\\xampp\\htdocs\\Web-Project\\public\\index.php')
CRITICAL - 2026-05-14 03:02:20 --> [Caused by] mysqli_sql_exception: Unknown column 'products' in 'field list'
in SYSTEMPATH\Database\MySQLi\Connection.php on line 300.
 1 SYSTEMPATH\Database\MySQLi\Connection.php(300): mysqli->query('SELECT `sale_items`.*, `products`.`name` as `product_name`, `products`
FROM `sale_items`
JOIN `products` ON `products`.`id` = `sale_items`.`product_id`
WHERE `sale_id` = \'10\'', 0)
 2 SYSTEMPATH\Database\BaseConnection.php(910): CodeIgniter\Database\MySQLi\Connection->execute('SELECT `sale_items`.*, `products`.`name` as `product_name`, `products`
FROM `sale_items`
JOIN `products` ON `products`.`id` = `sale_items`.`product_id`
WHERE `sale_id` = \'10\'')
 3 SYSTEMPATH\Database\BaseConnection.php(827): CodeIgniter\Database\BaseConnection->simpleQuery('SELECT `sale_items`.*, `products`.`name` as `product_name`, `products`
FROM `sale_items`
JOIN `products` ON `products`.`id` = `sale_items`.`product_id`
WHERE `sale_id` = \'10\'')
 4 SYSTEMPATH\Database\BaseBuilder.php(1649): CodeIgniter\Database\BaseConnection->query('SELECT `sale_items`.*, `products`.`name` as `product_name`, `products`
FROM `sale_items`
JOIN `products` ON `products`.`id` = `sale_items`.`product_id`
WHERE `sale_id` = :sale_id:', [...], false)
 5 SYSTEMPATH\Model.php(253): CodeIgniter\Database\BaseBuilder->get()
 6 SYSTEMPATH\BaseModel.php(676): CodeIgniter\Model->doFindAll(0, 0)
 7 APPPATH\Models\SaleItemModel.php(13): CodeIgniter\BaseModel->findAll()
 8 APPPATH\Controllers\Sales.php(101): App\Models\SaleItemModel->getItemsBySale('10')
 9 SYSTEMPATH\CodeIgniter.php(951): App\Controllers\Sales->receipt('10')
10 SYSTEMPATH\CodeIgniter.php(497): CodeIgniter\CodeIgniter->runController(Object(App\Controllers\Sales))
11 SYSTEMPATH\CodeIgniter.php(340): CodeIgniter\CodeIgniter->handleRequest(null, Object(Config\Cache), false)
12 SYSTEMPATH\Boot.php(417): CodeIgniter\CodeIgniter->run()
13 SYSTEMPATH\Boot.php(68): CodeIgniter\Boot::runCodeIgniter(Object(CodeIgniter\CodeIgniter))
14 FCPATH\index.php(59): CodeIgniter\Boot::bootWeb(Object(Config\Paths))
15 SYSTEMPATH\rewrite.php(44): require_once('C:\\xampp\\htdocs\\Web-Project\\public\\index.php')
DEBUG - 2026-05-14 03:02:22 --> Session: Class initialized using 'CodeIgniter\Session\Handlers\FileHandler' driver.
ERROR - 2026-05-14 03:02:22 --> Unknown column 'products' in 'field list'
in SYSTEMPATH\Database\MySQLi\Connection.php on line 300.
 1 SYSTEMPATH\Database\MySQLi\Connection.php(300): mysqli->query('SELECT `sale_items`.*, `products`.`name` as `product_name`, `products`
FROM `sale_items`
JOIN `products` ON `products`.`id` = `sale_items`.`product_id`
WHERE `sale_id` = \'10\'', 0)
 2 SYSTEMPATH\Database\BaseConnection.php(910): CodeIgniter\Database\MySQLi\Connection->execute('SELECT `sale_items`.*, `products`.`name` as `product_name`, `products`
FROM `sale_items`
JOIN `products` ON `products`.`id` = `sale_items`.`product_id`
WHERE `sale_id` = \'10\'')
 3 SYSTEMPATH\Database\BaseConnection.php(827): CodeIgniter\Database\BaseConnection->simpleQuery('SELECT `sale_items`.*, `products`.`name` as `product_name`, `products`
FROM `sale_items`
JOIN `products` ON `products`.`id` = `sale_items`.`product_id`
WHERE `sale_id` = \'10\'')
 4 SYSTEMPATH\Database\BaseBuilder.php(1649): CodeIgniter\Database\BaseConnection->query('SELECT `sale_items`.*, `products`.`name` as `product_name`, `products`
FROM `sale_items`
JOIN `products` ON `products`.`id` = `sale_items`.`product_id`
WHERE `sale_id` = :sale_id:', [...], false)
 5 SYSTEMPATH\Model.php(253): CodeIgniter\Database\BaseBuilder->get()
 6 SYSTEMPATH\BaseModel.php(676): CodeIgniter\Model->doFindAll(0, 0)
 7 APPPATH\Models\SaleItemModel.php(13): CodeIgniter\BaseModel->findAll()
 8 APPPATH\Controllers\Sales.php(101): App\Models\SaleItemModel->getItemsBySale('10')
 9 SYSTEMPATH\CodeIgniter.php(951): App\Controllers\Sales->receipt('10')
10 SYSTEMPATH\CodeIgniter.php(497): CodeIgniter\CodeIgniter->runController(Object(App\Controllers\Sales))
11 SYSTEMPATH\CodeIgniter.php(340): CodeIgniter\CodeIgniter->handleRequest(null, Object(Config\Cache), false)
12 SYSTEMPATH\Boot.php(417): CodeIgniter\CodeIgniter->run()
13 SYSTEMPATH\Boot.php(68): CodeIgniter\Boot::runCodeIgniter(Object(CodeIgniter\CodeIgniter))
14 FCPATH\index.php(59): CodeIgniter\Boot::bootWeb(Object(Config\Paths))
15 SYSTEMPATH\rewrite.php(44): require_once('C:\\xampp\\htdocs\\Web-Project\\public\\index.php')
CRITICAL - 2026-05-14 03:02:22 --> CodeIgniter\Database\Exceptions\DatabaseException: Unknown column 'products' in 'field list'
[Method: GET, Route: sales/receipt/10]
in SYSTEMPATH\Database\BaseConnection.php on line 865.
 1 SYSTEMPATH\Database\BaseBuilder.php(1649): CodeIgniter\Database\BaseConnection->query('SELECT `sale_items`.*, `products`.`name` as `product_name`, `products`
FROM `sale_items`
JOIN `products` ON `products`.`id` = `sale_items`.`product_id`
WHERE `sale_id` = :sale_id:', [...], false)
 2 SYSTEMPATH\Model.php(253): CodeIgniter\Database\BaseBuilder->get()
 3 SYSTEMPATH\BaseModel.php(676): CodeIgniter\Model->doFindAll(0, 0)
 4 APPPATH\Models\SaleItemModel.php(13): CodeIgniter\BaseModel->findAll()
 5 APPPATH\Controllers\Sales.php(101): App\Models\SaleItemModel->getItemsBySale('10')
 6 SYSTEMPATH\CodeIgniter.php(951): App\Controllers\Sales->receipt('10')
 7 SYSTEMPATH\CodeIgniter.php(497): CodeIgniter\CodeIgniter->runController(Object(App\Controllers\Sales))
 8 SYSTEMPATH\CodeIgniter.php(340): CodeIgniter\CodeIgniter->handleRequest(null, Object(Config\Cache), false)
 9 SYSTEMPATH\Boot.php(417): CodeIgniter\CodeIgniter->run()
10 SYSTEMPATH\Boot.php(68): CodeIgniter\Boot::runCodeIgniter(Object(CodeIgniter\CodeIgniter))
11 FCPATH\index.php(59): CodeIgniter\Boot::bootWeb(Object(Config\Paths))
12 SYSTEMPATH\rewrite.php(44): require_once('C:\\xampp\\htdocs\\Web-Project\\public\\index.php')
CRITICAL - 2026-05-14 03:02:22 --> [Caused by] CodeIgniter\Database\Exceptions\DatabaseException: Unknown column 'products' in 'field list'
in SYSTEMPATH\Database\MySQLi\Connection.php on line 310.
 1 SYSTEMPATH\Database\BaseConnection.php(910): CodeIgniter\Database\MySQLi\Connection->execute('SELECT `sale_items`.*, `products`.`name` as `product_name`, `products`
FROM `sale_items`
JOIN `products` ON `products`.`id` = `sale_items`.`product_id`
WHERE `sale_id` = \'10\'')
 2 SYSTEMPATH\Database\BaseConnection.php(827): CodeIgniter\Database\BaseConnection->simpleQuery('SELECT `sale_items`.*, `products`.`name` as `product_name`, `products`
FROM `sale_items`
JOIN `products` ON `products`.`id` = `sale_items`.`product_id`
WHERE `sale_id` = \'10\'')
 3 SYSTEMPATH\Database\BaseBuilder.php(1649): CodeIgniter\Database\BaseConnection->query('SELECT `sale_items`.*, `products`.`name` as `product_name`, `products`
FROM `sale_items`
JOIN `products` ON `products`.`id` = `sale_items`.`product_id`
WHERE `sale_id` = :sale_id:', [...], false)
 4 SYSTEMPATH\Model.php(253): CodeIgniter\Database\BaseBuilder->get()
 5 SYSTEMPATH\BaseModel.php(676): CodeIgniter\Model->doFindAll(0, 0)
 6 APPPATH\Models\SaleItemModel.php(13): CodeIgniter\BaseModel->findAll()
 7 APPPATH\Controllers\Sales.php(101): App\Models\SaleItemModel->getItemsBySale('10')
 8 SYSTEMPATH\CodeIgniter.php(951): App\Controllers\Sales->receipt('10')
 9 SYSTEMPATH\CodeIgniter.php(497): CodeIgniter\CodeIgniter->runController(Object(App\Controllers\Sales))
10 SYSTEMPATH\CodeIgniter.php(340): CodeIgniter\CodeIgniter->handleRequest(null, Object(Config\Cache), false)
11 SYSTEMPATH\Boot.php(417): CodeIgniter\CodeIgniter->run()
12 SYSTEMPATH\Boot.php(68): CodeIgniter\Boot::runCodeIgniter(Object(CodeIgniter\CodeIgniter))
13 FCPATH\index.php(59): CodeIgniter\Boot::bootWeb(Object(Config\Paths))
14 SYSTEMPATH\rewrite.php(44): require_once('C:\\xampp\\htdocs\\Web-Project\\public\\index.php')
CRITICAL - 2026-05-14 03:02:22 --> [Caused by] mysqli_sql_exception: Unknown column 'products' in 'field list'
in SYSTEMPATH\Database\MySQLi\Connection.php on line 300.
 1 SYSTEMPATH\Database\MySQLi\Connection.php(300): mysqli->query('SELECT `sale_items`.*, `products`.`name` as `product_name`, `products`
FROM `sale_items`
JOIN `products` ON `products`.`id` = `sale_items`.`product_id`
WHERE `sale_id` = \'10\'', 0)
 2 SYSTEMPATH\Database\BaseConnection.php(910): CodeIgniter\Database\MySQLi\Connection->execute('SELECT `sale_items`.*, `products`.`name` as `product_name`, `products`
FROM `sale_items`
JOIN `products` ON `products`.`id` = `sale_items`.`product_id`
WHERE `sale_id` = \'10\'')
 3 SYSTEMPATH\Database\BaseConnection.php(827): CodeIgniter\Database\BaseConnection->simpleQuery('SELECT `sale_items`.*, `products`.`name` as `product_name`, `products`
FROM `sale_items`
JOIN `products` ON `products`.`id` = `sale_items`.`product_id`
WHERE `sale_id` = \'10\'')
 4 SYSTEMPATH\Database\BaseBuilder.php(1649): CodeIgniter\Database\BaseConnection->query('SELECT `sale_items`.*, `products`.`name` as `product_name`, `products`
FROM `sale_items`
JOIN `products` ON `products`.`id` = `sale_items`.`product_id`
WHERE `sale_id` = :sale_id:', [...], false)
 5 SYSTEMPATH\Model.php(253): CodeIgniter\Database\BaseBuilder->get()
 6 SYSTEMPATH\BaseModel.php(676): CodeIgniter\Model->doFindAll(0, 0)
 7 APPPATH\Models\SaleItemModel.php(13): CodeIgniter\BaseModel->findAll()
 8 APPPATH\Controllers\Sales.php(101): App\Models\SaleItemModel->getItemsBySale('10')
 9 SYSTEMPATH\CodeIgniter.php(951): App\Controllers\Sales->receipt('10')
10 SYSTEMPATH\CodeIgniter.php(497): CodeIgniter\CodeIgniter->runController(Object(App\Controllers\Sales))
11 SYSTEMPATH\CodeIgniter.php(340): CodeIgniter\CodeIgniter->handleRequest(null, Object(Config\Cache), false)
12 SYSTEMPATH\Boot.php(417): CodeIgniter\CodeIgniter->run()
13 SYSTEMPATH\Boot.php(68): CodeIgniter\Boot::runCodeIgniter(Object(CodeIgniter\CodeIgniter))
14 FCPATH\index.php(59): CodeIgniter\Boot::bootWeb(Object(Config\Paths))
15 SYSTEMPATH\rewrite.php(44): require_once('C:\\xampp\\htdocs\\Web-Project\\public\\index.php')
DEBUG - 2026-05-14 03:02:22 --> Session: Class initialized using 'CodeIgniter\Session\Handlers\FileHandler' driver.
ERROR - 2026-05-14 03:02:22 --> Unknown column 'products' in 'field list'
in SYSTEMPATH\Database\MySQLi\Connection.php on line 300.
 1 SYSTEMPATH\Database\MySQLi\Connection.php(300): mysqli->query('SELECT `sale_items`.*, `products`.`name` as `product_name`, `products`
FROM `sale_items`
JOIN `products` ON `products`.`id` = `sale_items`.`product_id`
WHERE `sale_id` = \'10\'', 0)
 2 SYSTEMPATH\Database\BaseConnection.php(910): CodeIgniter\Database\MySQLi\Connection->execute('SELECT `sale_items`.*, `products`.`name` as `product_name`, `products`
FROM `sale_items`
JOIN `products` ON `products`.`id` = `sale_items`.`product_id`
WHERE `sale_id` = \'10\'')
 3 SYSTEMPATH\Database\BaseConnection.php(827): CodeIgniter\Database\BaseConnection->simpleQuery('SELECT `sale_items`.*, `products`.`name` as `product_name`, `products`
FROM `sale_items`
JOIN `products` ON `products`.`id` = `sale_items`.`product_id`
WHERE `sale_id` = \'10\'')
 4 SYSTEMPATH\Database\BaseBuilder.php(1649): CodeIgniter\Database\BaseConnection->query('SELECT `sale_items`.*, `products`.`name` as `product_name`, `products`
FROM `sale_items`
JOIN `products` ON `products`.`id` = `sale_items`.`product_id`
WHERE `sale_id` = :sale_id:', [...], false)
 5 SYSTEMPATH\Model.php(253): CodeIgniter\Database\BaseBuilder->get()
 6 SYSTEMPATH\BaseModel.php(676): CodeIgniter\Model->doFindAll(0, 0)
 7 APPPATH\Models\SaleItemModel.php(13): CodeIgniter\BaseModel->findAll()
 8 APPPATH\Controllers\Sales.php(101): App\Models\SaleItemModel->getItemsBySale('10')
 9 SYSTEMPATH\CodeIgniter.php(951): App\Controllers\Sales->receipt('10')
10 SYSTEMPATH\CodeIgniter.php(497): CodeIgniter\CodeIgniter->runController(Object(App\Controllers\Sales))
11 SYSTEMPATH\CodeIgniter.php(340): CodeIgniter\CodeIgniter->handleRequest(null, Object(Config\Cache), false)
12 SYSTEMPATH\Boot.php(417): CodeIgniter\CodeIgniter->run()
13 SYSTEMPATH\Boot.php(68): CodeIgniter\Boot::runCodeIgniter(Object(CodeIgniter\CodeIgniter))
14 FCPATH\index.php(59): CodeIgniter\Boot::bootWeb(Object(Config\Paths))
15 SYSTEMPATH\rewrite.php(44): require_once('C:\\xampp\\htdocs\\Web-Project\\public\\index.php')
CRITICAL - 2026-05-14 03:02:22 --> CodeIgniter\Database\Exceptions\DatabaseException: Unknown column 'products' in 'field list'
[Method: GET, Route: sales/receipt/10]
in SYSTEMPATH\Database\BaseConnection.php on line 865.
 1 SYSTEMPATH\Database\BaseBuilder.php(1649): CodeIgniter\Database\BaseConnection->query('SELECT `sale_items`.*, `products`.`name` as `product_name`, `products`
FROM `sale_items`
JOIN `products` ON `products`.`id` = `sale_items`.`product_id`
WHERE `sale_id` = :sale_id:', [...], false)
 2 SYSTEMPATH\Model.php(253): CodeIgniter\Database\BaseBuilder->get()
 3 SYSTEMPATH\BaseModel.php(676): CodeIgniter\Model->doFindAll(0, 0)
 4 APPPATH\Models\SaleItemModel.php(13): CodeIgniter\BaseModel->findAll()
 5 APPPATH\Controllers\Sales.php(101): App\Models\SaleItemModel->getItemsBySale('10')
 6 SYSTEMPATH\CodeIgniter.php(951): App\Controllers\Sales->receipt('10')
 7 SYSTEMPATH\CodeIgniter.php(497): CodeIgniter\CodeIgniter->runController(Object(App\Controllers\Sales))
 8 SYSTEMPATH\CodeIgniter.php(340): CodeIgniter\CodeIgniter->handleRequest(null, Object(Config\Cache), false)
 9 SYSTEMPATH\Boot.php(417): CodeIgniter\CodeIgniter->run()
10 SYSTEMPATH\Boot.php(68): CodeIgniter\Boot::runCodeIgniter(Object(CodeIgniter\CodeIgniter))
11 FCPATH\index.php(59): CodeIgniter\Boot::bootWeb(Object(Config\Paths))
12 SYSTEMPATH\rewrite.php(44): require_once('C:\\xampp\\htdocs\\Web-Project\\public\\index.php')
CRITICAL - 2026-05-14 03:02:22 --> [Caused by] CodeIgniter\Database\Exceptions\DatabaseException: Unknown column 'products' in 'field list'
in SYSTEMPATH\Database\MySQLi\Connection.php on line 310.
 1 SYSTEMPATH\Database\BaseConnection.php(910): CodeIgniter\Database\MySQLi\Connection->execute('SELECT `sale_items`.*, `products`.`name` as `product_name`, `products`
FROM `sale_items`
JOIN `products` ON `products`.`id` = `sale_items`.`product_id`
WHERE `sale_id` = \'10\'')
 2 SYSTEMPATH\Database\BaseConnection.php(827): CodeIgniter\Database\BaseConnection->simpleQuery('SELECT `sale_items`.*, `products`.`name` as `product_name`, `products`
FROM `sale_items`
JOIN `products` ON `products`.`id` = `sale_items`.`product_id`
WHERE `sale_id` = \'10\'')
 3 SYSTEMPATH\Database\BaseBuilder.php(1649): CodeIgniter\Database\BaseConnection->query('SELECT `sale_items`.*, `products`.`name` as `product_name`, `products`
FROM `sale_items`
JOIN `products` ON `products`.`id` = `sale_items`.`product_id`
WHERE `sale_id` = :sale_id:', [...], false)
 4 SYSTEMPATH\Model.php(253): CodeIgniter\Database\BaseBuilder->get()
 5 SYSTEMPATH\BaseModel.php(676): CodeIgniter\Model->doFindAll(0, 0)
 6 APPPATH\Models\SaleItemModel.php(13): CodeIgniter\BaseModel->findAll()
 7 APPPATH\Controllers\Sales.php(101): App\Models\SaleItemModel->getItemsBySale('10')
 8 SYSTEMPATH\CodeIgniter.php(951): App\Controllers\Sales->receipt('10')
 9 SYSTEMPATH\CodeIgniter.php(497): CodeIgniter\CodeIgniter->runController(Object(App\Controllers\Sales))
10 SYSTEMPATH\CodeIgniter.php(340): CodeIgniter\CodeIgniter->handleRequest(null, Object(Config\Cache), false)
11 SYSTEMPATH\Boot.php(417): CodeIgniter\CodeIgniter->run()
12 SYSTEMPATH\Boot.php(68): CodeIgniter\Boot::runCodeIgniter(Object(CodeIgniter\CodeIgniter))
13 FCPATH\index.php(59): CodeIgniter\Boot::bootWeb(Object(Config\Paths))
14 SYSTEMPATH\rewrite.php(44): require_once('C:\\xampp\\htdocs\\Web-Project\\public\\index.php')
CRITICAL - 2026-05-14 03:02:22 --> [Caused by] mysqli_sql_exception: Unknown column 'products' in 'field list'
in SYSTEMPATH\Database\MySQLi\Connection.php on line 300.
 1 SYSTEMPATH\Database\MySQLi\Connection.php(300): mysqli->query('SELECT `sale_items`.*, `products`.`name` as `product_name`, `products`
FROM `sale_items`
JOIN `products` ON `products`.`id` = `sale_items`.`product_id`
WHERE `sale_id` = \'10\'', 0)
 2 SYSTEMPATH\Database\BaseConnection.php(910): CodeIgniter\Database\MySQLi\Connection->execute('SELECT `sale_items`.*, `products`.`name` as `product_name`, `products`
FROM `sale_items`
JOIN `products` ON `products`.`id` = `sale_items`.`product_id`
WHERE `sale_id` = \'10\'')
 3 SYSTEMPATH\Database\BaseConnection.php(827): CodeIgniter\Database\BaseConnection->simpleQuery('SELECT `sale_items`.*, `products`.`name` as `product_name`, `products`
FROM `sale_items`
JOIN `products` ON `products`.`id` = `sale_items`.`product_id`
WHERE `sale_id` = \'10\'')
 4 SYSTEMPATH\Database\BaseBuilder.php(1649): CodeIgniter\Database\BaseConnection->query('SELECT `sale_items`.*, `products`.`name` as `product_name`, `products`
FROM `sale_items`
JOIN `products` ON `products`.`id` = `sale_items`.`product_id`
WHERE `sale_id` = :sale_id:', [...], false)
 5 SYSTEMPATH\Model.php(253): CodeIgniter\Database\BaseBuilder->get()
 6 SYSTEMPATH\BaseModel.php(676): CodeIgniter\Model->doFindAll(0, 0)
 7 APPPATH\Models\SaleItemModel.php(13): CodeIgniter\BaseModel->findAll()
 8 APPPATH\Controllers\Sales.php(101): App\Models\SaleItemModel->getItemsBySale('10')
 9 SYSTEMPATH\CodeIgniter.php(951): App\Controllers\Sales->receipt('10')
10 SYSTEMPATH\CodeIgniter.php(497): CodeIgniter\CodeIgniter->runController(Object(App\Controllers\Sales))
11 SYSTEMPATH\CodeIgniter.php(340): CodeIgniter\CodeIgniter->handleRequest(null, Object(Config\Cache), false)
12 SYSTEMPATH\Boot.php(417): CodeIgniter\CodeIgniter->run()
13 SYSTEMPATH\Boot.php(68): CodeIgniter\Boot::runCodeIgniter(Object(CodeIgniter\CodeIgniter))
14 FCPATH\index.php(59): CodeIgniter\Boot::bootWeb(Object(Config\Paths))
15 SYSTEMPATH\rewrite.php(44): require_once('C:\\xampp\\htdocs\\Web-Project\\public\\index.php')
DEBUG - 2026-05-14 03:02:28 --> Session: Class initialized using 'CodeIgniter\Session\Handlers\FileHandler' driver.
DEBUG - 2026-05-14 03:02:29 --> Session: Class initialized using 'CodeIgniter\Session\Handlers\FileHandler' driver.
DEBUG - 2026-05-14 03:02:31 --> Session: Class initialized using 'CodeIgniter\Session\Handlers\FileHandler' driver.
DEBUG - 2026-05-14 03:02:32 --> Session: Class initialized using 'CodeIgniter\Session\Handlers\FileHandler' driver.
DEBUG - 2026-05-14 03:02:33 --> Session: Class initialized using 'CodeIgniter\Session\Handlers\FileHandler' driver.
DEBUG - 2026-05-14 03:06:03 --> Session: Class initialized using 'CodeIgniter\Session\Handlers\FileHandler' driver.
DEBUG - 2026-05-14 03:06:06 --> Session: Class initialized using 'CodeIgniter\Session\Handlers\FileHandler' driver.
CRITICAL - 2026-05-14 03:06:06 --> ParseError: syntax error, unexpected token "public"
[Method: GET, Route: sales/history]
in APPPATH\Models\SaleModel.php on line 10.
 1 SYSTEMPATH\Autoloader\Autoloader.php(295): CodeIgniter\Autoloader\Autoloader->includeFile('C:\\xampp\\htdocs\\Web-Project\\app\\Models\\SaleModel.php')
 2 SYSTEMPATH\Autoloader\Autoloader.php(271): CodeIgniter\Autoloader\Autoloader->loadInNamespace('App\\Models\\SaleModel')
 3 APPPATH\Controllers\Sales.php(111): CodeIgniter\Autoloader\Autoloader->loadClass('App\\Models\\SaleModel')
 4 SYSTEMPATH\CodeIgniter.php(951): App\Controllers\Sales->history()
 5 SYSTEMPATH\CodeIgniter.php(497): CodeIgniter\CodeIgniter->runController(Object(App\Controllers\Sales))
 6 SYSTEMPATH\CodeIgniter.php(340): CodeIgniter\CodeIgniter->handleRequest(null, Object(Config\Cache), false)
 7 SYSTEMPATH\Boot.php(417): CodeIgniter\CodeIgniter->run()
 8 SYSTEMPATH\Boot.php(68): CodeIgniter\Boot::runCodeIgniter(Object(CodeIgniter\CodeIgniter))
 9 FCPATH\index.php(59): CodeIgniter\Boot::bootWeb(Object(Config\Paths))
10 SYSTEMPATH\rewrite.php(44): require_once('C:\\xampp\\htdocs\\Web-Project\\public\\index.php')
DEBUG - 2026-05-14 03:06:06 --> Session: Class initialized using 'CodeIgniter\Session\Handlers\FileHandler' driver.
CRITICAL - 2026-05-14 03:06:06 --> ParseError: syntax error, unexpected token "public"
[Method: GET, Route: sales/history]
in APPPATH\Models\SaleModel.php on line 10.
 1 SYSTEMPATH\Autoloader\Autoloader.php(295): CodeIgniter\Autoloader\Autoloader->includeFile('C:\\xampp\\htdocs\\Web-Project\\app\\Models\\SaleModel.php')
 2 SYSTEMPATH\Autoloader\Autoloader.php(271): CodeIgniter\Autoloader\Autoloader->loadInNamespace('App\\Models\\SaleModel')
 3 APPPATH\Controllers\Sales.php(111): CodeIgniter\Autoloader\Autoloader->loadClass('App\\Models\\SaleModel')
 4 SYSTEMPATH\CodeIgniter.php(951): App\Controllers\Sales->history()
 5 SYSTEMPATH\CodeIgniter.php(497): CodeIgniter\CodeIgniter->runController(Object(App\Controllers\Sales))
 6 SYSTEMPATH\CodeIgniter.php(340): CodeIgniter\CodeIgniter->handleRequest(null, Object(Config\Cache), false)
 7 SYSTEMPATH\Boot.php(417): CodeIgniter\CodeIgniter->run()
 8 SYSTEMPATH\Boot.php(68): CodeIgniter\Boot::runCodeIgniter(Object(CodeIgniter\CodeIgniter))
 9 FCPATH\index.php(59): CodeIgniter\Boot::bootWeb(Object(Config\Paths))
10 SYSTEMPATH\rewrite.php(44): require_once('C:\\xampp\\htdocs\\Web-Project\\public\\index.php')
DEBUG - 2026-05-14 03:07:01 --> Session: Class initialized using 'CodeIgniter\Session\Handlers\FileHandler' driver.
CRITICAL - 2026-05-14 03:07:01 --> ParseError: syntax error, unexpected token "public"
[Method: GET, Route: sales/history]
in APPPATH\Models\SaleModel.php on line 10.
 1 SYSTEMPATH\Autoloader\Autoloader.php(295): CodeIgniter\Autoloader\Autoloader->includeFile('C:\\xampp\\htdocs\\Web-Project\\app\\Models\\SaleModel.php')
 2 SYSTEMPATH\Autoloader\Autoloader.php(271): CodeIgniter\Autoloader\Autoloader->loadInNamespace('App\\Models\\SaleModel')
 3 APPPATH\Controllers\Sales.php(111): CodeIgniter\Autoloader\Autoloader->loadClass('App\\Models\\SaleModel')
 4 SYSTEMPATH\CodeIgniter.php(951): App\Controllers\Sales->history()
 5 SYSTEMPATH\CodeIgniter.php(497): CodeIgniter\CodeIgniter->runController(Object(App\Controllers\Sales))
 6 SYSTEMPATH\CodeIgniter.php(340): CodeIgniter\CodeIgniter->handleRequest(null, Object(Config\Cache), false)
 7 SYSTEMPATH\Boot.php(417): CodeIgniter\CodeIgniter->run()
 8 SYSTEMPATH\Boot.php(68): CodeIgniter\Boot::runCodeIgniter(Object(CodeIgniter\CodeIgniter))
 9 FCPATH\index.php(59): CodeIgniter\Boot::bootWeb(Object(Config\Paths))
10 SYSTEMPATH\rewrite.php(44): require_once('C:\\xampp\\htdocs\\Web-Project\\public\\index.php')
DEBUG - 2026-05-14 03:07:02 --> Session: Class initialized using 'CodeIgniter\Session\Handlers\FileHandler' driver.
CRITICAL - 2026-05-14 03:07:02 --> ParseError: syntax error, unexpected token "public"
[Method: GET, Route: sales/history]
in APPPATH\Models\SaleModel.php on line 10.
 1 SYSTEMPATH\Autoloader\Autoloader.php(295): CodeIgniter\Autoloader\Autoloader->includeFile('C:\\xampp\\htdocs\\Web-Project\\app\\Models\\SaleModel.php')
 2 SYSTEMPATH\Autoloader\Autoloader.php(271): CodeIgniter\Autoloader\Autoloader->loadInNamespace('App\\Models\\SaleModel')
 3 APPPATH\Controllers\Sales.php(111): CodeIgniter\Autoloader\Autoloader->loadClass('App\\Models\\SaleModel')
 4 SYSTEMPATH\CodeIgniter.php(951): App\Controllers\Sales->history()
 5 SYSTEMPATH\CodeIgniter.php(497): CodeIgniter\CodeIgniter->runController(Object(App\Controllers\Sales))
 6 SYSTEMPATH\CodeIgniter.php(340): CodeIgniter\CodeIgniter->handleRequest(null, Object(Config\Cache), false)
 7 SYSTEMPATH\Boot.php(417): CodeIgniter\CodeIgniter->run()
 8 SYSTEMPATH\Boot.php(68): CodeIgniter\Boot::runCodeIgniter(Object(CodeIgniter\CodeIgniter))
 9 FCPATH\index.php(59): CodeIgniter\Boot::bootWeb(Object(Config\Paths))
10 SYSTEMPATH\rewrite.php(44): require_once('C:\\xampp\\htdocs\\Web-Project\\public\\index.php')
DEBUG - 2026-05-14 03:07:18 --> Session: Class initialized using 'CodeIgniter\Session\Handlers\FileHandler' driver.
CRITICAL - 2026-05-14 03:07:18 --> ParseError: syntax error, unexpected token "public"
[Method: GET, Route: sales/history]
in APPPATH\Models\SaleModel.php on line 10.
 1 SYSTEMPATH\Autoloader\Autoloader.php(295): CodeIgniter\Autoloader\Autoloader->includeFile('C:\\xampp\\htdocs\\Web-Project\\app\\Models\\SaleModel.php')
 2 SYSTEMPATH\Autoloader\Autoloader.php(271): CodeIgniter\Autoloader\Autoloader->loadInNamespace('App\\Models\\SaleModel')
 3 APPPATH\Controllers\Sales.php(111): CodeIgniter\Autoloader\Autoloader->loadClass('App\\Models\\SaleModel')
 4 SYSTEMPATH\CodeIgniter.php(951): App\Controllers\Sales->history()
 5 SYSTEMPATH\CodeIgniter.php(497): CodeIgniter\CodeIgniter->runController(Object(App\Controllers\Sales))
 6 SYSTEMPATH\CodeIgniter.php(340): CodeIgniter\CodeIgniter->handleRequest(null, Object(Config\Cache), false)
 7 SYSTEMPATH\Boot.php(417): CodeIgniter\CodeIgniter->run()
 8 SYSTEMPATH\Boot.php(68): CodeIgniter\Boot::runCodeIgniter(Object(CodeIgniter\CodeIgniter))
 9 FCPATH\index.php(59): CodeIgniter\Boot::bootWeb(Object(Config\Paths))
10 SYSTEMPATH\rewrite.php(44): require_once('C:\\xampp\\htdocs\\Web-Project\\public\\index.php')
DEBUG - 2026-05-14 03:07:20 --> Session: Class initialized using 'CodeIgniter\Session\Handlers\FileHandler' driver.
DEBUG - 2026-05-14 03:07:22 --> Session: Class initialized using 'CodeIgniter\Session\Handlers\FileHandler' driver.
CRITICAL - 2026-05-14 03:07:22 --> ParseError: syntax error, unexpected token "public"
[Method: GET, Route: sales/history]
in APPPATH\Models\SaleModel.php on line 10.
 1 SYSTEMPATH\Autoloader\Autoloader.php(295): CodeIgniter\Autoloader\Autoloader->includeFile('C:\\xampp\\htdocs\\Web-Project\\app\\Models\\SaleModel.php')
 2 SYSTEMPATH\Autoloader\Autoloader.php(271): CodeIgniter\Autoloader\Autoloader->loadInNamespace('App\\Models\\SaleModel')
 3 APPPATH\Controllers\Sales.php(111): CodeIgniter\Autoloader\Autoloader->loadClass('App\\Models\\SaleModel')
 4 SYSTEMPATH\CodeIgniter.php(951): App\Controllers\Sales->history()
 5 SYSTEMPATH\CodeIgniter.php(497): CodeIgniter\CodeIgniter->runController(Object(App\Controllers\Sales))
 6 SYSTEMPATH\CodeIgniter.php(340): CodeIgniter\CodeIgniter->handleRequest(null, Object(Config\Cache), false)
 7 SYSTEMPATH\Boot.php(417): CodeIgniter\CodeIgniter->run()
 8 SYSTEMPATH\Boot.php(68): CodeIgniter\Boot::runCodeIgniter(Object(CodeIgniter\CodeIgniter))
 9 FCPATH\index.php(59): CodeIgniter\Boot::bootWeb(Object(Config\Paths))
10 SYSTEMPATH\rewrite.php(44): require_once('C:\\xampp\\htdocs\\Web-Project\\public\\index.php')
DEBUG - 2026-05-14 03:07:43 --> Session: Class initialized using 'CodeIgniter\Session\Handlers\FileHandler' driver.
DEBUG - 2026-05-14 03:08:05 --> Session: Class initialized using 'CodeIgniter\Session\Handlers\FileHandler' driver.
DEBUG - 2026-05-14 03:08:07 --> Session: Class initialized using 'CodeIgniter\Session\Handlers\FileHandler' driver.
ERROR - 2026-05-14 03:08:07 --> Unknown column 'products' in 'field list'
in SYSTEMPATH\Database\MySQLi\Connection.php on line 300.
 1 SYSTEMPATH\Database\MySQLi\Connection.php(300): mysqli->query('SELECT `sale_items`.*, `products`.`name` as `product_name`, `products`
FROM `sale_items`
JOIN `products` ON `products`.`id` = `sale_items`.`product_id`
WHERE `sale_id` = \'10\'', 0)
 2 SYSTEMPATH\Database\BaseConnection.php(910): CodeIgniter\Database\MySQLi\Connection->execute('SELECT `sale_items`.*, `products`.`name` as `product_name`, `products`
FROM `sale_items`
JOIN `products` ON `products`.`id` = `sale_items`.`product_id`
WHERE `sale_id` = \'10\'')
 3 SYSTEMPATH\Database\BaseConnection.php(827): CodeIgniter\Database\BaseConnection->simpleQuery('SELECT `sale_items`.*, `products`.`name` as `product_name`, `products`
FROM `sale_items`
JOIN `products` ON `products`.`id` = `sale_items`.`product_id`
WHERE `sale_id` = \'10\'')
 4 SYSTEMPATH\Database\BaseBuilder.php(1649): CodeIgniter\Database\BaseConnection->query('SELECT `sale_items`.*, `products`.`name` as `product_name`, `products`
FROM `sale_items`
JOIN `products` ON `products`.`id` = `sale_items`.`product_id`
WHERE `sale_id` = :sale_id:', [...], false)
 5 SYSTEMPATH\Model.php(253): CodeIgniter\Database\BaseBuilder->get()
 6 SYSTEMPATH\BaseModel.php(676): CodeIgniter\Model->doFindAll(0, 0)
 7 APPPATH\Models\SaleItemModel.php(13): CodeIgniter\BaseModel->findAll()
 8 APPPATH\Controllers\Sales.php(101): App\Models\SaleItemModel->getItemsBySale('10')
 9 SYSTEMPATH\CodeIgniter.php(951): App\Controllers\Sales->receipt('10')
10 SYSTEMPATH\CodeIgniter.php(497): CodeIgniter\CodeIgniter->runController(Object(App\Controllers\Sales))
11 SYSTEMPATH\CodeIgniter.php(340): CodeIgniter\CodeIgniter->handleRequest(null, Object(Config\Cache), false)
12 SYSTEMPATH\Boot.php(417): CodeIgniter\CodeIgniter->run()
13 SYSTEMPATH\Boot.php(68): CodeIgniter\Boot::runCodeIgniter(Object(CodeIgniter\CodeIgniter))
14 FCPATH\index.php(59): CodeIgniter\Boot::bootWeb(Object(Config\Paths))
15 SYSTEMPATH\rewrite.php(44): require_once('C:\\xampp\\htdocs\\Web-Project\\public\\index.php')
CRITICAL - 2026-05-14 03:08:07 --> CodeIgniter\Database\Exceptions\DatabaseException: Unknown column 'products' in 'field list'
[Method: GET, Route: sales/receipt/10]
in SYSTEMPATH\Database\BaseConnection.php on line 865.
 1 SYSTEMPATH\Database\BaseBuilder.php(1649): CodeIgniter\Database\BaseConnection->query('SELECT `sale_items`.*, `products`.`name` as `product_name`, `products`
FROM `sale_items`
JOIN `products` ON `products`.`id` = `sale_items`.`product_id`
WHERE `sale_id` = :sale_id:', [...], false)
 2 SYSTEMPATH\Model.php(253): CodeIgniter\Database\BaseBuilder->get()
 3 SYSTEMPATH\BaseModel.php(676): CodeIgniter\Model->doFindAll(0, 0)
 4 APPPATH\Models\SaleItemModel.php(13): CodeIgniter\BaseModel->findAll()
 5 APPPATH\Controllers\Sales.php(101): App\Models\SaleItemModel->getItemsBySale('10')
 6 SYSTEMPATH\CodeIgniter.php(951): App\Controllers\Sales->receipt('10')
 7 SYSTEMPATH\CodeIgniter.php(497): CodeIgniter\CodeIgniter->runController(Object(App\Controllers\Sales))
 8 SYSTEMPATH\CodeIgniter.php(340): CodeIgniter\CodeIgniter->handleRequest(null, Object(Config\Cache), false)
 9 SYSTEMPATH\Boot.php(417): CodeIgniter\CodeIgniter->run()
10 SYSTEMPATH\Boot.php(68): CodeIgniter\Boot::runCodeIgniter(Object(CodeIgniter\CodeIgniter))
11 FCPATH\index.php(59): CodeIgniter\Boot::bootWeb(Object(Config\Paths))
12 SYSTEMPATH\rewrite.php(44): require_once('C:\\xampp\\htdocs\\Web-Project\\public\\index.php')
CRITICAL - 2026-05-14 03:08:07 --> [Caused by] CodeIgniter\Database\Exceptions\DatabaseException: Unknown column 'products' in 'field list'
in SYSTEMPATH\Database\MySQLi\Connection.php on line 310.
 1 SYSTEMPATH\Database\BaseConnection.php(910): CodeIgniter\Database\MySQLi\Connection->execute('SELECT `sale_items`.*, `products`.`name` as `product_name`, `products`
FROM `sale_items`
JOIN `products` ON `products`.`id` = `sale_items`.`product_id`
WHERE `sale_id` = \'10\'')
 2 SYSTEMPATH\Database\BaseConnection.php(827): CodeIgniter\Database\BaseConnection->simpleQuery('SELECT `sale_items`.*, `products`.`name` as `product_name`, `products`
FROM `sale_items`
JOIN `products` ON `products`.`id` = `sale_items`.`product_id`
WHERE `sale_id` = \'10\'')
 3 SYSTEMPATH\Database\BaseBuilder.php(1649): CodeIgniter\Database\BaseConnection->query('SELECT `sale_items`.*, `products`.`name` as `product_name`, `products`
FROM `sale_items`
JOIN `products` ON `products`.`id` = `sale_items`.`product_id`
WHERE `sale_id` = :sale_id:', [...], false)
 4 SYSTEMPATH\Model.php(253): CodeIgniter\Database\BaseBuilder->get()
 5 SYSTEMPATH\BaseModel.php(676): CodeIgniter\Model->doFindAll(0, 0)
 6 APPPATH\Models\SaleItemModel.php(13): CodeIgniter\BaseModel->findAll()
 7 APPPATH\Controllers\Sales.php(101): App\Models\SaleItemModel->getItemsBySale('10')
 8 SYSTEMPATH\CodeIgniter.php(951): App\Controllers\Sales->receipt('10')
 9 SYSTEMPATH\CodeIgniter.php(497): CodeIgniter\CodeIgniter->runController(Object(App\Controllers\Sales))
10 SYSTEMPATH\CodeIgniter.php(340): CodeIgniter\CodeIgniter->handleRequest(null, Object(Config\Cache), false)
11 SYSTEMPATH\Boot.php(417): CodeIgniter\CodeIgniter->run()
12 SYSTEMPATH\Boot.php(68): CodeIgniter\Boot::runCodeIgniter(Object(CodeIgniter\CodeIgniter))
13 FCPATH\index.php(59): CodeIgniter\Boot::bootWeb(Object(Config\Paths))
14 SYSTEMPATH\rewrite.php(44): require_once('C:\\xampp\\htdocs\\Web-Project\\public\\index.php')
CRITICAL - 2026-05-14 03:08:07 --> [Caused by] mysqli_sql_exception: Unknown column 'products' in 'field list'
in SYSTEMPATH\Database\MySQLi\Connection.php on line 300.
 1 SYSTEMPATH\Database\MySQLi\Connection.php(300): mysqli->query('SELECT `sale_items`.*, `products`.`name` as `product_name`, `products`
FROM `sale_items`
JOIN `products` ON `products`.`id` = `sale_items`.`product_id`
WHERE `sale_id` = \'10\'', 0)
 2 SYSTEMPATH\Database\BaseConnection.php(910): CodeIgniter\Database\MySQLi\Connection->execute('SELECT `sale_items`.*, `products`.`name` as `product_name`, `products`
FROM `sale_items`
JOIN `products` ON `products`.`id` = `sale_items`.`product_id`
WHERE `sale_id` = \'10\'')
 3 SYSTEMPATH\Database\BaseConnection.php(827): CodeIgniter\Database\BaseConnection->simpleQuery('SELECT `sale_items`.*, `products`.`name` as `product_name`, `products`
FROM `sale_items`
JOIN `products` ON `products`.`id` = `sale_items`.`product_id`
WHERE `sale_id` = \'10\'')
 4 SYSTEMPATH\Database\BaseBuilder.php(1649): CodeIgniter\Database\BaseConnection->query('SELECT `sale_items`.*, `products`.`name` as `product_name`, `products`
FROM `sale_items`
JOIN `products` ON `products`.`id` = `sale_items`.`product_id`
WHERE `sale_id` = :sale_id:', [...], false)
 5 SYSTEMPATH\Model.php(253): CodeIgniter\Database\BaseBuilder->get()
 6 SYSTEMPATH\BaseModel.php(676): CodeIgniter\Model->doFindAll(0, 0)
 7 APPPATH\Models\SaleItemModel.php(13): CodeIgniter\BaseModel->findAll()
 8 APPPATH\Controllers\Sales.php(101): App\Models\SaleItemModel->getItemsBySale('10')
 9 SYSTEMPATH\CodeIgniter.php(951): App\Controllers\Sales->receipt('10')
10 SYSTEMPATH\CodeIgniter.php(497): CodeIgniter\CodeIgniter->runController(Object(App\Controllers\Sales))
11 SYSTEMPATH\CodeIgniter.php(340): CodeIgniter\CodeIgniter->handleRequest(null, Object(Config\Cache), false)
12 SYSTEMPATH\Boot.php(417): CodeIgniter\CodeIgniter->run()
13 SYSTEMPATH\Boot.php(68): CodeIgniter\Boot::runCodeIgniter(Object(CodeIgniter\CodeIgniter))
14 FCPATH\index.php(59): CodeIgniter\Boot::bootWeb(Object(Config\Paths))
15 SYSTEMPATH\rewrite.php(44): require_once('C:\\xampp\\htdocs\\Web-Project\\public\\index.php')
DEBUG - 2026-05-14 03:08:22 --> Session: Class initialized using 'CodeIgniter\Session\Handlers\FileHandler' driver.
DEBUG - 2026-05-14 03:08:25 --> Session: Class initialized using 'CodeIgniter\Session\Handlers\FileHandler' driver.
DEBUG - 2026-05-14 03:08:27 --> Session: Class initialized using 'CodeIgniter\Session\Handlers\FileHandler' driver.
DEBUG - 2026-05-14 03:08:27 --> Session: Class initialized using 'CodeIgniter\Session\Handlers\FileHandler' driver.
DEBUG - 2026-05-14 03:08:29 --> Session: Class initialized using 'CodeIgniter\Session\Handlers\FileHandler' driver.
DEBUG - 2026-05-14 03:08:32 --> Session: Class initialized using 'CodeIgniter\Session\Handlers\FileHandler' driver.
CRITICAL - 2026-05-14 03:08:32 --> CodeIgniter\View\Exceptions\ViewException: Invalid file: "customers/edit.php"
[Method: GET, Route: customers/edit/1]
in SYSTEMPATH\Exceptions\FrameworkException.php on line 39.
 1 SYSTEMPATH\View\View.php(228): CodeIgniter\Exceptions\FrameworkException::forInvalidFile('customers/edit.php')
 2 SYSTEMPATH\Common.php(1250): CodeIgniter\View\View->render('customers/edit', [], true)
 3 APPPATH\Controllers\Customers.php(43): view('customers/edit', [...])
 4 SYSTEMPATH\CodeIgniter.php(951): App\Controllers\Customers->edit('1')
 5 SYSTEMPATH\CodeIgniter.php(497): CodeIgniter\CodeIgniter->runController(Object(App\Controllers\Customers))
 6 SYSTEMPATH\CodeIgniter.php(340): CodeIgniter\CodeIgniter->handleRequest(null, Object(Config\Cache), false)
 7 SYSTEMPATH\Boot.php(417): CodeIgniter\CodeIgniter->run()
 8 SYSTEMPATH\Boot.php(68): CodeIgniter\Boot::runCodeIgniter(Object(CodeIgniter\CodeIgniter))
 9 FCPATH\index.php(59): CodeIgniter\Boot::bootWeb(Object(Config\Paths))
10 SYSTEMPATH\rewrite.php(44): require_once('C:\\xampp\\htdocs\\Web-Project\\public\\index.php')
DEBUG - 2026-05-14 03:08:37 --> Session: Class initialized using 'CodeIgniter\Session\Handlers\FileHandler' driver.
DEBUG - 2026-05-14 03:08:39 --> Session: Class initialized using 'CodeIgniter\Session\Handlers\FileHandler' driver.
DEBUG - 2026-05-14 03:08:41 --> Session: Class initialized using 'CodeIgniter\Session\Handlers\FileHandler' driver.
ERROR - 2026-05-14 03:08:41 --> Unknown column 'products' in 'field list'
in SYSTEMPATH\Database\MySQLi\Connection.php on line 300.
 1 SYSTEMPATH\Database\MySQLi\Connection.php(300): mysqli->query('SELECT `sale_items`.*, `products`.`name` as `product_name`, `products`
FROM `sale_items`
JOIN `products` ON `products`.`id` = `sale_items`.`product_id`
WHERE `sale_id` = \'10\'', 0)
 2 SYSTEMPATH\Database\BaseConnection.php(910): CodeIgniter\Database\MySQLi\Connection->execute('SELECT `sale_items`.*, `products`.`name` as `product_name`, `products`
FROM `sale_items`
JOIN `products` ON `products`.`id` = `sale_items`.`product_id`
WHERE `sale_id` = \'10\'')
 3 SYSTEMPATH\Database\BaseConnection.php(827): CodeIgniter\Database\BaseConnection->simpleQuery('SELECT `sale_items`.*, `products`.`name` as `product_name`, `products`
FROM `sale_items`
JOIN `products` ON `products`.`id` = `sale_items`.`product_id`
WHERE `sale_id` = \'10\'')
 4 SYSTEMPATH\Database\BaseBuilder.php(1649): CodeIgniter\Database\BaseConnection->query('SELECT `sale_items`.*, `products`.`name` as `product_name`, `products`
FROM `sale_items`
JOIN `products` ON `products`.`id` = `sale_items`.`product_id`
WHERE `sale_id` = :sale_id:', [...], false)
 5 SYSTEMPATH\Model.php(253): CodeIgniter\Database\BaseBuilder->get()
 6 SYSTEMPATH\BaseModel.php(676): CodeIgniter\Model->doFindAll(0, 0)
 7 APPPATH\Models\SaleItemModel.php(13): CodeIgniter\BaseModel->findAll()
 8 APPPATH\Controllers\Sales.php(101): App\Models\SaleItemModel->getItemsBySale('10')
 9 SYSTEMPATH\CodeIgniter.php(951): App\Controllers\Sales->receipt('10')
10 SYSTEMPATH\CodeIgniter.php(497): CodeIgniter\CodeIgniter->runController(Object(App\Controllers\Sales))
11 SYSTEMPATH\CodeIgniter.php(340): CodeIgniter\CodeIgniter->handleRequest(null, Object(Config\Cache), false)
12 SYSTEMPATH\Boot.php(417): CodeIgniter\CodeIgniter->run()
13 SYSTEMPATH\Boot.php(68): CodeIgniter\Boot::runCodeIgniter(Object(CodeIgniter\CodeIgniter))
14 FCPATH\index.php(59): CodeIgniter\Boot::bootWeb(Object(Config\Paths))
15 SYSTEMPATH\rewrite.php(44): require_once('C:\\xampp\\htdocs\\Web-Project\\public\\index.php')
CRITICAL - 2026-05-14 03:08:41 --> CodeIgniter\Database\Exceptions\DatabaseException: Unknown column 'products' in 'field list'
[Method: GET, Route: sales/receipt/10]
in SYSTEMPATH\Database\BaseConnection.php on line 865.
 1 SYSTEMPATH\Database\BaseBuilder.php(1649): CodeIgniter\Database\BaseConnection->query('SELECT `sale_items`.*, `products`.`name` as `product_name`, `products`
FROM `sale_items`
JOIN `products` ON `products`.`id` = `sale_items`.`product_id`
WHERE `sale_id` = :sale_id:', [...], false)
 2 SYSTEMPATH\Model.php(253): CodeIgniter\Database\BaseBuilder->get()
 3 SYSTEMPATH\BaseModel.php(676): CodeIgniter\Model->doFindAll(0, 0)
 4 APPPATH\Models\SaleItemModel.php(13): CodeIgniter\BaseModel->findAll()
 5 APPPATH\Controllers\Sales.php(101): App\Models\SaleItemModel->getItemsBySale('10')
 6 SYSTEMPATH\CodeIgniter.php(951): App\Controllers\Sales->receipt('10')
 7 SYSTEMPATH\CodeIgniter.php(497): CodeIgniter\CodeIgniter->runController(Object(App\Controllers\Sales))
 8 SYSTEMPATH\CodeIgniter.php(340): CodeIgniter\CodeIgniter->handleRequest(null, Object(Config\Cache), false)
 9 SYSTEMPATH\Boot.php(417): CodeIgniter\CodeIgniter->run()
10 SYSTEMPATH\Boot.php(68): CodeIgniter\Boot::runCodeIgniter(Object(CodeIgniter\CodeIgniter))
11 FCPATH\index.php(59): CodeIgniter\Boot::bootWeb(Object(Config\Paths))
12 SYSTEMPATH\rewrite.php(44): require_once('C:\\xampp\\htdocs\\Web-Project\\public\\index.php')
CRITICAL - 2026-05-14 03:08:41 --> [Caused by] CodeIgniter\Database\Exceptions\DatabaseException: Unknown column 'products' in 'field list'
in SYSTEMPATH\Database\MySQLi\Connection.php on line 310.
 1 SYSTEMPATH\Database\BaseConnection.php(910): CodeIgniter\Database\MySQLi\Connection->execute('SELECT `sale_items`.*, `products`.`name` as `product_name`, `products`
FROM `sale_items`
JOIN `products` ON `products`.`id` = `sale_items`.`product_id`
WHERE `sale_id` = \'10\'')
 2 SYSTEMPATH\Database\BaseConnection.php(827): CodeIgniter\Database\BaseConnection->simpleQuery('SELECT `sale_items`.*, `products`.`name` as `product_name`, `products`
FROM `sale_items`
JOIN `products` ON `products`.`id` = `sale_items`.`product_id`
WHERE `sale_id` = \'10\'')
 3 SYSTEMPATH\Database\BaseBuilder.php(1649): CodeIgniter\Database\BaseConnection->query('SELECT `sale_items`.*, `products`.`name` as `product_name`, `products`
FROM `sale_items`
JOIN `products` ON `products`.`id` = `sale_items`.`product_id`
WHERE `sale_id` = :sale_id:', [...], false)
 4 SYSTEMPATH\Model.php(253): CodeIgniter\Database\BaseBuilder->get()
 5 SYSTEMPATH\BaseModel.php(676): CodeIgniter\Model->doFindAll(0, 0)
 6 APPPATH\Models\SaleItemModel.php(13): CodeIgniter\BaseModel->findAll()
 7 APPPATH\Controllers\Sales.php(101): App\Models\SaleItemModel->getItemsBySale('10')
 8 SYSTEMPATH\CodeIgniter.php(951): App\Controllers\Sales->receipt('10')
 9 SYSTEMPATH\CodeIgniter.php(497): CodeIgniter\CodeIgniter->runController(Object(App\Controllers\Sales))
10 SYSTEMPATH\CodeIgniter.php(340): CodeIgniter\CodeIgniter->handleRequest(null, Object(Config\Cache), false)
11 SYSTEMPATH\Boot.php(417): CodeIgniter\CodeIgniter->run()
12 SYSTEMPATH\Boot.php(68): CodeIgniter\Boot::runCodeIgniter(Object(CodeIgniter\CodeIgniter))
13 FCPATH\index.php(59): CodeIgniter\Boot::bootWeb(Object(Config\Paths))
14 SYSTEMPATH\rewrite.php(44): require_once('C:\\xampp\\htdocs\\Web-Project\\public\\index.php')
CRITICAL - 2026-05-14 03:08:41 --> [Caused by] mysqli_sql_exception: Unknown column 'products' in 'field list'
in SYSTEMPATH\Database\MySQLi\Connection.php on line 300.
 1 SYSTEMPATH\Database\MySQLi\Connection.php(300): mysqli->query('SELECT `sale_items`.*, `products`.`name` as `product_name`, `products`
FROM `sale_items`
JOIN `products` ON `products`.`id` = `sale_items`.`product_id`
WHERE `sale_id` = \'10\'', 0)
 2 SYSTEMPATH\Database\BaseConnection.php(910): CodeIgniter\Database\MySQLi\Connection->execute('SELECT `sale_items`.*, `products`.`name` as `product_name`, `products`
FROM `sale_items`
JOIN `products` ON `products`.`id` = `sale_items`.`product_id`
WHERE `sale_id` = \'10\'')
 3 SYSTEMPATH\Database\BaseConnection.php(827): CodeIgniter\Database\BaseConnection->simpleQuery('SELECT `sale_items`.*, `products`.`name` as `product_name`, `products`
FROM `sale_items`
JOIN `products` ON `products`.`id` = `sale_items`.`product_id`
WHERE `sale_id` = \'10\'')
 4 SYSTEMPATH\Database\BaseBuilder.php(1649): CodeIgniter\Database\BaseConnection->query('SELECT `sale_items`.*, `products`.`name` as `product_name`, `products`
FROM `sale_items`
JOIN `products` ON `products`.`id` = `sale_items`.`product_id`
WHERE `sale_id` = :sale_id:', [...], false)
 5 SYSTEMPATH\Model.php(253): CodeIgniter\Database\BaseBuilder->get()
 6 SYSTEMPATH\BaseModel.php(676): CodeIgniter\Model->doFindAll(0, 0)
 7 APPPATH\Models\SaleItemModel.php(13): CodeIgniter\BaseModel->findAll()
 8 APPPATH\Controllers\Sales.php(101): App\Models\SaleItemModel->getItemsBySale('10')
 9 SYSTEMPATH\CodeIgniter.php(951): App\Controllers\Sales->receipt('10')
10 SYSTEMPATH\CodeIgniter.php(497): CodeIgniter\CodeIgniter->runController(Object(App\Controllers\Sales))
11 SYSTEMPATH\CodeIgniter.php(340): CodeIgniter\CodeIgniter->handleRequest(null, Object(Config\Cache), false)
12 SYSTEMPATH\Boot.php(417): CodeIgniter\CodeIgniter->run()
13 SYSTEMPATH\Boot.php(68): CodeIgniter\Boot::runCodeIgniter(Object(CodeIgniter\CodeIgniter))
14 FCPATH\index.php(59): CodeIgniter\Boot::bootWeb(Object(Config\Paths))
15 SYSTEMPATH\rewrite.php(44): require_once('C:\\xampp\\htdocs\\Web-Project\\public\\index.php')
DEBUG - 2026-05-14 03:09:26 --> Session: Class initialized using 'CodeIgniter\Session\Handlers\FileHandler' driver.
ERROR - 2026-05-14 03:09:26 --> Unknown column 'products' in 'field list'
in SYSTEMPATH\Database\MySQLi\Connection.php on line 300.
 1 SYSTEMPATH\Database\MySQLi\Connection.php(300): mysqli->query('SELECT `sale_items`.*, `products`.`name` as `product_name`, `products`
FROM `sale_items`
JOIN `products` ON `products`.`id` = `sale_items`.`product_id`
WHERE `sale_id` = \'10\'', 0)
 2 SYSTEMPATH\Database\BaseConnection.php(910): CodeIgniter\Database\MySQLi\Connection->execute('SELECT `sale_items`.*, `products`.`name` as `product_name`, `products`
FROM `sale_items`
JOIN `products` ON `products`.`id` = `sale_items`.`product_id`
WHERE `sale_id` = \'10\'')
 3 SYSTEMPATH\Database\BaseConnection.php(827): CodeIgniter\Database\BaseConnection->simpleQuery('SELECT `sale_items`.*, `products`.`name` as `product_name`, `products`
FROM `sale_items`
JOIN `products` ON `products`.`id` = `sale_items`.`product_id`
WHERE `sale_id` = \'10\'')
 4 SYSTEMPATH\Database\BaseBuilder.php(1649): CodeIgniter\Database\BaseConnection->query('SELECT `sale_items`.*, `products`.`name` as `product_name`, `products`
FROM `sale_items`
JOIN `products` ON `products`.`id` = `sale_items`.`product_id`
WHERE `sale_id` = :sale_id:', [...], false)
 5 SYSTEMPATH\Model.php(253): CodeIgniter\Database\BaseBuilder->get()
 6 SYSTEMPATH\BaseModel.php(676): CodeIgniter\Model->doFindAll(0, 0)
 7 APPPATH\Models\SaleItemModel.php(13): CodeIgniter\BaseModel->findAll()
 8 APPPATH\Controllers\Sales.php(101): App\Models\SaleItemModel->getItemsBySale('10')
 9 SYSTEMPATH\CodeIgniter.php(951): App\Controllers\Sales->receipt('10')
10 SYSTEMPATH\CodeIgniter.php(497): CodeIgniter\CodeIgniter->runController(Object(App\Controllers\Sales))
11 SYSTEMPATH\CodeIgniter.php(340): CodeIgniter\CodeIgniter->handleRequest(null, Object(Config\Cache), false)
12 SYSTEMPATH\Boot.php(417): CodeIgniter\CodeIgniter->run()
13 SYSTEMPATH\Boot.php(68): CodeIgniter\Boot::runCodeIgniter(Object(CodeIgniter\CodeIgniter))
14 FCPATH\index.php(59): CodeIgniter\Boot::bootWeb(Object(Config\Paths))
15 SYSTEMPATH\rewrite.php(44): require_once('C:\\xampp\\htdocs\\Web-Project\\public\\index.php')
CRITICAL - 2026-05-14 03:09:26 --> CodeIgniter\Database\Exceptions\DatabaseException: Unknown column 'products' in 'field list'
[Method: GET, Route: sales/receipt/10]
in SYSTEMPATH\Database\BaseConnection.php on line 865.
 1 SYSTEMPATH\Database\BaseBuilder.php(1649): CodeIgniter\Database\BaseConnection->query('SELECT `sale_items`.*, `products`.`name` as `product_name`, `products`
FROM `sale_items`
JOIN `products` ON `products`.`id` = `sale_items`.`product_id`
WHERE `sale_id` = :sale_id:', [...], false)
 2 SYSTEMPATH\Model.php(253): CodeIgniter\Database\BaseBuilder->get()
 3 SYSTEMPATH\BaseModel.php(676): CodeIgniter\Model->doFindAll(0, 0)
 4 APPPATH\Models\SaleItemModel.php(13): CodeIgniter\BaseModel->findAll()
 5 APPPATH\Controllers\Sales.php(101): App\Models\SaleItemModel->getItemsBySale('10')
 6 SYSTEMPATH\CodeIgniter.php(951): App\Controllers\Sales->receipt('10')
 7 SYSTEMPATH\CodeIgniter.php(497): CodeIgniter\CodeIgniter->runController(Object(App\Controllers\Sales))
 8 SYSTEMPATH\CodeIgniter.php(340): CodeIgniter\CodeIgniter->handleRequest(null, Object(Config\Cache), false)
 9 SYSTEMPATH\Boot.php(417): CodeIgniter\CodeIgniter->run()
10 SYSTEMPATH\Boot.php(68): CodeIgniter\Boot::runCodeIgniter(Object(CodeIgniter\CodeIgniter))
11 FCPATH\index.php(59): CodeIgniter\Boot::bootWeb(Object(Config\Paths))
12 SYSTEMPATH\rewrite.php(44): require_once('C:\\xampp\\htdocs\\Web-Project\\public\\index.php')
CRITICAL - 2026-05-14 03:09:26 --> [Caused by] CodeIgniter\Database\Exceptions\DatabaseException: Unknown column 'products' in 'field list'
in SYSTEMPATH\Database\MySQLi\Connection.php on line 310.
 1 SYSTEMPATH\Database\BaseConnection.php(910): CodeIgniter\Database\MySQLi\Connection->execute('SELECT `sale_items`.*, `products`.`name` as `product_name`, `products`
FROM `sale_items`
JOIN `products` ON `products`.`id` = `sale_items`.`product_id`
WHERE `sale_id` = \'10\'')
 2 SYSTEMPATH\Database\BaseConnection.php(827): CodeIgniter\Database\BaseConnection->simpleQuery('SELECT `sale_items`.*, `products`.`name` as `product_name`, `products`
FROM `sale_items`
JOIN `products` ON `products`.`id` = `sale_items`.`product_id`
WHERE `sale_id` = \'10\'')
 3 SYSTEMPATH\Database\BaseBuilder.php(1649): CodeIgniter\Database\BaseConnection->query('SELECT `sale_items`.*, `products`.`name` as `product_name`, `products`
FROM `sale_items`
JOIN `products` ON `products`.`id` = `sale_items`.`product_id`
WHERE `sale_id` = :sale_id:', [...], false)
 4 SYSTEMPATH\Model.php(253): CodeIgniter\Database\BaseBuilder->get()
 5 SYSTEMPATH\BaseModel.php(676): CodeIgniter\Model->doFindAll(0, 0)
 6 APPPATH\Models\SaleItemModel.php(13): CodeIgniter\BaseModel->findAll()
 7 APPPATH\Controllers\Sales.php(101): App\Models\SaleItemModel->getItemsBySale('10')
 8 SYSTEMPATH\CodeIgniter.php(951): App\Controllers\Sales->receipt('10')
 9 SYSTEMPATH\CodeIgniter.php(497): CodeIgniter\CodeIgniter->runController(Object(App\Controllers\Sales))
10 SYSTEMPATH\CodeIgniter.php(340): CodeIgniter\CodeIgniter->handleRequest(null, Object(Config\Cache), false)
11 SYSTEMPATH\Boot.php(417): CodeIgniter\CodeIgniter->run()
12 SYSTEMPATH\Boot.php(68): CodeIgniter\Boot::runCodeIgniter(Object(CodeIgniter\CodeIgniter))
13 FCPATH\index.php(59): CodeIgniter\Boot::bootWeb(Object(Config\Paths))
14 SYSTEMPATH\rewrite.php(44): require_once('C:\\xampp\\htdocs\\Web-Project\\public\\index.php')
CRITICAL - 2026-05-14 03:09:26 --> [Caused by] mysqli_sql_exception: Unknown column 'products' in 'field list'
in SYSTEMPATH\Database\MySQLi\Connection.php on line 300.
 1 SYSTEMPATH\Database\MySQLi\Connection.php(300): mysqli->query('SELECT `sale_items`.*, `products`.`name` as `product_name`, `products`
FROM `sale_items`
JOIN `products` ON `products`.`id` = `sale_items`.`product_id`
WHERE `sale_id` = \'10\'', 0)
 2 SYSTEMPATH\Database\BaseConnection.php(910): CodeIgniter\Database\MySQLi\Connection->execute('SELECT `sale_items`.*, `products`.`name` as `product_name`, `products`
FROM `sale_items`
JOIN `products` ON `products`.`id` = `sale_items`.`product_id`
WHERE `sale_id` = \'10\'')
 3 SYSTEMPATH\Database\BaseConnection.php(827): CodeIgniter\Database\BaseConnection->simpleQuery('SELECT `sale_items`.*, `products`.`name` as `product_name`, `products`
FROM `sale_items`
JOIN `products` ON `products`.`id` = `sale_items`.`product_id`
WHERE `sale_id` = \'10\'')
 4 SYSTEMPATH\Database\BaseBuilder.php(1649): CodeIgniter\Database\BaseConnection->query('SELECT `sale_items`.*, `products`.`name` as `product_name`, `products`
FROM `sale_items`
JOIN `products` ON `products`.`id` = `sale_items`.`product_id`
WHERE `sale_id` = :sale_id:', [...], false)
 5 SYSTEMPATH\Model.php(253): CodeIgniter\Database\BaseBuilder->get()
 6 SYSTEMPATH\BaseModel.php(676): CodeIgniter\Model->doFindAll(0, 0)
 7 APPPATH\Models\SaleItemModel.php(13): CodeIgniter\BaseModel->findAll()
 8 APPPATH\Controllers\Sales.php(101): App\Models\SaleItemModel->getItemsBySale('10')
 9 SYSTEMPATH\CodeIgniter.php(951): App\Controllers\Sales->receipt('10')
10 SYSTEMPATH\CodeIgniter.php(497): CodeIgniter\CodeIgniter->runController(Object(App\Controllers\Sales))
11 SYSTEMPATH\CodeIgniter.php(340): CodeIgniter\CodeIgniter->handleRequest(null, Object(Config\Cache), false)
12 SYSTEMPATH\Boot.php(417): CodeIgniter\CodeIgniter->run()
13 SYSTEMPATH\Boot.php(68): CodeIgniter\Boot::runCodeIgniter(Object(CodeIgniter\CodeIgniter))
14 FCPATH\index.php(59): CodeIgniter\Boot::bootWeb(Object(Config\Paths))
15 SYSTEMPATH\rewrite.php(44): require_once('C:\\xampp\\htdocs\\Web-Project\\public\\index.php')
DEBUG - 2026-05-14 03:09:27 --> Session: Class initialized using 'CodeIgniter\Session\Handlers\FileHandler' driver.
ERROR - 2026-05-14 03:09:27 --> Unknown column 'products' in 'field list'
in SYSTEMPATH\Database\MySQLi\Connection.php on line 300.
 1 SYSTEMPATH\Database\MySQLi\Connection.php(300): mysqli->query('SELECT `sale_items`.*, `products`.`name` as `product_name`, `products`
FROM `sale_items`
JOIN `products` ON `products`.`id` = `sale_items`.`product_id`
WHERE `sale_id` = \'10\'', 0)
 2 SYSTEMPATH\Database\BaseConnection.php(910): CodeIgniter\Database\MySQLi\Connection->execute('SELECT `sale_items`.*, `products`.`name` as `product_name`, `products`
FROM `sale_items`
JOIN `products` ON `products`.`id` = `sale_items`.`product_id`
WHERE `sale_id` = \'10\'')
 3 SYSTEMPATH\Database\BaseConnection.php(827): CodeIgniter\Database\BaseConnection->simpleQuery('SELECT `sale_items`.*, `products`.`name` as `product_name`, `products`
FROM `sale_items`
JOIN `products` ON `products`.`id` = `sale_items`.`product_id`
WHERE `sale_id` = \'10\'')
 4 SYSTEMPATH\Database\BaseBuilder.php(1649): CodeIgniter\Database\BaseConnection->query('SELECT `sale_items`.*, `products`.`name` as `product_name`, `products`
FROM `sale_items`
JOIN `products` ON `products`.`id` = `sale_items`.`product_id`
WHERE `sale_id` = :sale_id:', [...], false)
 5 SYSTEMPATH\Model.php(253): CodeIgniter\Database\BaseBuilder->get()
 6 SYSTEMPATH\BaseModel.php(676): CodeIgniter\Model->doFindAll(0, 0)
 7 APPPATH\Models\SaleItemModel.php(13): CodeIgniter\BaseModel->findAll()
 8 APPPATH\Controllers\Sales.php(101): App\Models\SaleItemModel->getItemsBySale('10')
 9 SYSTEMPATH\CodeIgniter.php(951): App\Controllers\Sales->receipt('10')
10 SYSTEMPATH\CodeIgniter.php(497): CodeIgniter\CodeIgniter->runController(Object(App\Controllers\Sales))
11 SYSTEMPATH\CodeIgniter.php(340): CodeIgniter\CodeIgniter->handleRequest(null, Object(Config\Cache), false)
12 SYSTEMPATH\Boot.php(417): CodeIgniter\CodeIgniter->run()
13 SYSTEMPATH\Boot.php(68): CodeIgniter\Boot::runCodeIgniter(Object(CodeIgniter\CodeIgniter))
14 FCPATH\index.php(59): CodeIgniter\Boot::bootWeb(Object(Config\Paths))
15 SYSTEMPATH\rewrite.php(44): require_once('C:\\xampp\\htdocs\\Web-Project\\public\\index.php')
CRITICAL - 2026-05-14 03:09:27 --> CodeIgniter\Database\Exceptions\DatabaseException: Unknown column 'products' in 'field list'
[Method: GET, Route: sales/receipt/10]
in SYSTEMPATH\Database\BaseConnection.php on line 865.
 1 SYSTEMPATH\Database\BaseBuilder.php(1649): CodeIgniter\Database\BaseConnection->query('SELECT `sale_items`.*, `products`.`name` as `product_name`, `products`
FROM `sale_items`
JOIN `products` ON `products`.`id` = `sale_items`.`product_id`
WHERE `sale_id` = :sale_id:', [...], false)
 2 SYSTEMPATH\Model.php(253): CodeIgniter\Database\BaseBuilder->get()
 3 SYSTEMPATH\BaseModel.php(676): CodeIgniter\Model->doFindAll(0, 0)
 4 APPPATH\Models\SaleItemModel.php(13): CodeIgniter\BaseModel->findAll()
 5 APPPATH\Controllers\Sales.php(101): App\Models\SaleItemModel->getItemsBySale('10')
 6 SYSTEMPATH\CodeIgniter.php(951): App\Controllers\Sales->receipt('10')
 7 SYSTEMPATH\CodeIgniter.php(497): CodeIgniter\CodeIgniter->runController(Object(App\Controllers\Sales))
 8 SYSTEMPATH\CodeIgniter.php(340): CodeIgniter\CodeIgniter->handleRequest(null, Object(Config\Cache), false)
 9 SYSTEMPATH\Boot.php(417): CodeIgniter\CodeIgniter->run()
10 SYSTEMPATH\Boot.php(68): CodeIgniter\Boot::runCodeIgniter(Object(CodeIgniter\CodeIgniter))
11 FCPATH\index.php(59): CodeIgniter\Boot::bootWeb(Object(Config\Paths))
12 SYSTEMPATH\rewrite.php(44): require_once('C:\\xampp\\htdocs\\Web-Project\\public\\index.php')
CRITICAL - 2026-05-14 03:09:27 --> [Caused by] CodeIgniter\Database\Exceptions\DatabaseException: Unknown column 'products' in 'field list'
in SYSTEMPATH\Database\MySQLi\Connection.php on line 310.
 1 SYSTEMPATH\Database\BaseConnection.php(910): CodeIgniter\Database\MySQLi\Connection->execute('SELECT `sale_items`.*, `products`.`name` as `product_name`, `products`
FROM `sale_items`
JOIN `products` ON `products`.`id` = `sale_items`.`product_id`
WHERE `sale_id` = \'10\'')
 2 SYSTEMPATH\Database\BaseConnection.php(827): CodeIgniter\Database\BaseConnection->simpleQuery('SELECT `sale_items`.*, `products`.`name` as `product_name`, `products`
FROM `sale_items`
JOIN `products` ON `products`.`id` = `sale_items`.`product_id`
WHERE `sale_id` = \'10\'')
 3 SYSTEMPATH\Database\BaseBuilder.php(1649): CodeIgniter\Database\BaseConnection->query('SELECT `sale_items`.*, `products`.`name` as `product_name`, `products`
FROM `sale_items`
JOIN `products` ON `products`.`id` = `sale_items`.`product_id`
WHERE `sale_id` = :sale_id:', [...], false)
 4 SYSTEMPATH\Model.php(253): CodeIgniter\Database\BaseBuilder->get()
 5 SYSTEMPATH\BaseModel.php(676): CodeIgniter\Model->doFindAll(0, 0)
 6 APPPATH\Models\SaleItemModel.php(13): CodeIgniter\BaseModel->findAll()
 7 APPPATH\Controllers\Sales.php(101): App\Models\SaleItemModel->getItemsBySale('10')
 8 SYSTEMPATH\CodeIgniter.php(951): App\Controllers\Sales->receipt('10')
 9 SYSTEMPATH\CodeIgniter.php(497): CodeIgniter\CodeIgniter->runController(Object(App\Controllers\Sales))
10 SYSTEMPATH\CodeIgniter.php(340): CodeIgniter\CodeIgniter->handleRequest(null, Object(Config\Cache), false)
11 SYSTEMPATH\Boot.php(417): CodeIgniter\CodeIgniter->run()
12 SYSTEMPATH\Boot.php(68): CodeIgniter\Boot::runCodeIgniter(Object(CodeIgniter\CodeIgniter))
13 FCPATH\index.php(59): CodeIgniter\Boot::bootWeb(Object(Config\Paths))
14 SYSTEMPATH\rewrite.php(44): require_once('C:\\xampp\\htdocs\\Web-Project\\public\\index.php')
CRITICAL - 2026-05-14 03:09:27 --> [Caused by] mysqli_sql_exception: Unknown column 'products' in 'field list'
in SYSTEMPATH\Database\MySQLi\Connection.php on line 300.
 1 SYSTEMPATH\Database\MySQLi\Connection.php(300): mysqli->query('SELECT `sale_items`.*, `products`.`name` as `product_name`, `products`
FROM `sale_items`
JOIN `products` ON `products`.`id` = `sale_items`.`product_id`
WHERE `sale_id` = \'10\'', 0)
 2 SYSTEMPATH\Database\BaseConnection.php(910): CodeIgniter\Database\MySQLi\Connection->execute('SELECT `sale_items`.*, `products`.`name` as `product_name`, `products`
FROM `sale_items`
JOIN `products` ON `products`.`id` = `sale_items`.`product_id`
WHERE `sale_id` = \'10\'')
 3 SYSTEMPATH\Database\BaseConnection.php(827): CodeIgniter\Database\BaseConnection->simpleQuery('SELECT `sale_items`.*, `products`.`name` as `product_name`, `products`
FROM `sale_items`
JOIN `products` ON `products`.`id` = `sale_items`.`product_id`
WHERE `sale_id` = \'10\'')
 4 SYSTEMPATH\Database\BaseBuilder.php(1649): CodeIgniter\Database\BaseConnection->query('SELECT `sale_items`.*, `products`.`name` as `product_name`, `products`
FROM `sale_items`
JOIN `products` ON `products`.`id` = `sale_items`.`product_id`
WHERE `sale_id` = :sale_id:', [...], false)
 5 SYSTEMPATH\Model.php(253): CodeIgniter\Database\BaseBuilder->get()
 6 SYSTEMPATH\BaseModel.php(676): CodeIgniter\Model->doFindAll(0, 0)
 7 APPPATH\Models\SaleItemModel.php(13): CodeIgniter\BaseModel->findAll()
 8 APPPATH\Controllers\Sales.php(101): App\Models\SaleItemModel->getItemsBySale('10')
 9 SYSTEMPATH\CodeIgniter.php(951): App\Controllers\Sales->receipt('10')
10 SYSTEMPATH\CodeIgniter.php(497): CodeIgniter\CodeIgniter->runController(Object(App\Controllers\Sales))
11 SYSTEMPATH\CodeIgniter.php(340): CodeIgniter\CodeIgniter->handleRequest(null, Object(Config\Cache), false)
12 SYSTEMPATH\Boot.php(417): CodeIgniter\CodeIgniter->run()
13 SYSTEMPATH\Boot.php(68): CodeIgniter\Boot::runCodeIgniter(Object(CodeIgniter\CodeIgniter))
14 FCPATH\index.php(59): CodeIgniter\Boot::bootWeb(Object(Config\Paths))
15 SYSTEMPATH\rewrite.php(44): require_once('C:\\xampp\\htdocs\\Web-Project\\public\\index.php')
DEBUG - 2026-05-14 03:09:31 --> Session: Class initialized using 'CodeIgniter\Session\Handlers\FileHandler' driver.
ERROR - 2026-05-14 03:09:31 --> Unknown column 'products' in 'field list'
in SYSTEMPATH\Database\MySQLi\Connection.php on line 300.
 1 SYSTEMPATH\Database\MySQLi\Connection.php(300): mysqli->query('SELECT `sale_items`.*, `products`.`name` as `product_name`, `products`
FROM `sale_items`
JOIN `products` ON `products`.`id` = `sale_items`.`product_id`
WHERE `sale_id` = \'10\'', 0)
 2 SYSTEMPATH\Database\BaseConnection.php(910): CodeIgniter\Database\MySQLi\Connection->execute('SELECT `sale_items`.*, `products`.`name` as `product_name`, `products`
FROM `sale_items`
JOIN `products` ON `products`.`id` = `sale_items`.`product_id`
WHERE `sale_id` = \'10\'')
 3 SYSTEMPATH\Database\BaseConnection.php(827): CodeIgniter\Database\BaseConnection->simpleQuery('SELECT `sale_items`.*, `products`.`name` as `product_name`, `products`
FROM `sale_items`
JOIN `products` ON `products`.`id` = `sale_items`.`product_id`
WHERE `sale_id` = \'10\'')
 4 SYSTEMPATH\Database\BaseBuilder.php(1649): CodeIgniter\Database\BaseConnection->query('SELECT `sale_items`.*, `products`.`name` as `product_name`, `products`
FROM `sale_items`
JOIN `products` ON `products`.`id` = `sale_items`.`product_id`
WHERE `sale_id` = :sale_id:', [...], false)
 5 SYSTEMPATH\Model.php(253): CodeIgniter\Database\BaseBuilder->get()
 6 SYSTEMPATH\BaseModel.php(676): CodeIgniter\Model->doFindAll(0, 0)
 7 APPPATH\Models\SaleItemModel.php(13): CodeIgniter\BaseModel->findAll()
 8 APPPATH\Controllers\Sales.php(101): App\Models\SaleItemModel->getItemsBySale('10')
 9 SYSTEMPATH\CodeIgniter.php(951): App\Controllers\Sales->receipt('10')
10 SYSTEMPATH\CodeIgniter.php(497): CodeIgniter\CodeIgniter->runController(Object(App\Controllers\Sales))
11 SYSTEMPATH\CodeIgniter.php(340): CodeIgniter\CodeIgniter->handleRequest(null, Object(Config\Cache), false)
12 SYSTEMPATH\Boot.php(417): CodeIgniter\CodeIgniter->run()
13 SYSTEMPATH\Boot.php(68): CodeIgniter\Boot::runCodeIgniter(Object(CodeIgniter\CodeIgniter))
14 FCPATH\index.php(59): CodeIgniter\Boot::bootWeb(Object(Config\Paths))
15 SYSTEMPATH\rewrite.php(44): require_once('C:\\xampp\\htdocs\\Web-Project\\public\\index.php')
CRITICAL - 2026-05-14 03:09:31 --> CodeIgniter\Database\Exceptions\DatabaseException: Unknown column 'products' in 'field list'
[Method: GET, Route: sales/receipt/10]
in SYSTEMPATH\Database\BaseConnection.php on line 865.
 1 SYSTEMPATH\Database\BaseBuilder.php(1649): CodeIgniter\Database\BaseConnection->query('SELECT `sale_items`.*, `products`.`name` as `product_name`, `products`
FROM `sale_items`
JOIN `products` ON `products`.`id` = `sale_items`.`product_id`
WHERE `sale_id` = :sale_id:', [...], false)
 2 SYSTEMPATH\Model.php(253): CodeIgniter\Database\BaseBuilder->get()
 3 SYSTEMPATH\BaseModel.php(676): CodeIgniter\Model->doFindAll(0, 0)
 4 APPPATH\Models\SaleItemModel.php(13): CodeIgniter\BaseModel->findAll()
 5 APPPATH\Controllers\Sales.php(101): App\Models\SaleItemModel->getItemsBySale('10')
 6 SYSTEMPATH\CodeIgniter.php(951): App\Controllers\Sales->receipt('10')
 7 SYSTEMPATH\CodeIgniter.php(497): CodeIgniter\CodeIgniter->runController(Object(App\Controllers\Sales))
 8 SYSTEMPATH\CodeIgniter.php(340): CodeIgniter\CodeIgniter->handleRequest(null, Object(Config\Cache), false)
 9 SYSTEMPATH\Boot.php(417): CodeIgniter\CodeIgniter->run()
10 SYSTEMPATH\Boot.php(68): CodeIgniter\Boot::runCodeIgniter(Object(CodeIgniter\CodeIgniter))
11 FCPATH\index.php(59): CodeIgniter\Boot::bootWeb(Object(Config\Paths))
12 SYSTEMPATH\rewrite.php(44): require_once('C:\\xampp\\htdocs\\Web-Project\\public\\index.php')
CRITICAL - 2026-05-14 03:09:31 --> [Caused by] CodeIgniter\Database\Exceptions\DatabaseException: Unknown column 'products' in 'field list'
in SYSTEMPATH\Database\MySQLi\Connection.php on line 310.
 1 SYSTEMPATH\Database\BaseConnection.php(910): CodeIgniter\Database\MySQLi\Connection->execute('SELECT `sale_items`.*, `products`.`name` as `product_name`, `products`
FROM `sale_items`
JOIN `products` ON `products`.`id` = `sale_items`.`product_id`
WHERE `sale_id` = \'10\'')
 2 SYSTEMPATH\Database\BaseConnection.php(827): CodeIgniter\Database\BaseConnection->simpleQuery('SELECT `sale_items`.*, `products`.`name` as `product_name`, `products`
FROM `sale_items`
JOIN `products` ON `products`.`id` = `sale_items`.`product_id`
WHERE `sale_id` = \'10\'')
 3 SYSTEMPATH\Database\BaseBuilder.php(1649): CodeIgniter\Database\BaseConnection->query('SELECT `sale_items`.*, `products`.`name` as `product_name`, `products`
FROM `sale_items`
JOIN `products` ON `products`.`id` = `sale_items`.`product_id`
WHERE `sale_id` = :sale_id:', [...], false)
 4 SYSTEMPATH\Model.php(253): CodeIgniter\Database\BaseBuilder->get()
 5 SYSTEMPATH\BaseModel.php(676): CodeIgniter\Model->doFindAll(0, 0)
 6 APPPATH\Models\SaleItemModel.php(13): CodeIgniter\BaseModel->findAll()
 7 APPPATH\Controllers\Sales.php(101): App\Models\SaleItemModel->getItemsBySale('10')
 8 SYSTEMPATH\CodeIgniter.php(951): App\Controllers\Sales->receipt('10')
 9 SYSTEMPATH\CodeIgniter.php(497): CodeIgniter\CodeIgniter->runController(Object(App\Controllers\Sales))
10 SYSTEMPATH\CodeIgniter.php(340): CodeIgniter\CodeIgniter->handleRequest(null, Object(Config\Cache), false)
11 SYSTEMPATH\Boot.php(417): CodeIgniter\CodeIgniter->run()
12 SYSTEMPATH\Boot.php(68): CodeIgniter\Boot::runCodeIgniter(Object(CodeIgniter\CodeIgniter))
13 FCPATH\index.php(59): CodeIgniter\Boot::bootWeb(Object(Config\Paths))
14 SYSTEMPATH\rewrite.php(44): require_once('C:\\xampp\\htdocs\\Web-Project\\public\\index.php')
CRITICAL - 2026-05-14 03:09:31 --> [Caused by] mysqli_sql_exception: Unknown column 'products' in 'field list'
in SYSTEMPATH\Database\MySQLi\Connection.php on line 300.
 1 SYSTEMPATH\Database\MySQLi\Connection.php(300): mysqli->query('SELECT `sale_items`.*, `products`.`name` as `product_name`, `products`
FROM `sale_items`
JOIN `products` ON `products`.`id` = `sale_items`.`product_id`
WHERE `sale_id` = \'10\'', 0)
 2 SYSTEMPATH\Database\BaseConnection.php(910): CodeIgniter\Database\MySQLi\Connection->execute('SELECT `sale_items`.*, `products`.`name` as `product_name`, `products`
FROM `sale_items`
JOIN `products` ON `products`.`id` = `sale_items`.`product_id`
WHERE `sale_id` = \'10\'')
 3 SYSTEMPATH\Database\BaseConnection.php(827): CodeIgniter\Database\BaseConnection->simpleQuery('SELECT `sale_items`.*, `products`.`name` as `product_name`, `products`
FROM `sale_items`
JOIN `products` ON `products`.`id` = `sale_items`.`product_id`
WHERE `sale_id` = \'10\'')
 4 SYSTEMPATH\Database\BaseBuilder.php(1649): CodeIgniter\Database\BaseConnection->query('SELECT `sale_items`.*, `products`.`name` as `product_name`, `products`
FROM `sale_items`
JOIN `products` ON `products`.`id` = `sale_items`.`product_id`
WHERE `sale_id` = :sale_id:', [...], false)
 5 SYSTEMPATH\Model.php(253): CodeIgniter\Database\BaseBuilder->get()
 6 SYSTEMPATH\BaseModel.php(676): CodeIgniter\Model->doFindAll(0, 0)
 7 APPPATH\Models\SaleItemModel.php(13): CodeIgniter\BaseModel->findAll()
 8 APPPATH\Controllers\Sales.php(101): App\Models\SaleItemModel->getItemsBySale('10')
 9 SYSTEMPATH\CodeIgniter.php(951): App\Controllers\Sales->receipt('10')
10 SYSTEMPATH\CodeIgniter.php(497): CodeIgniter\CodeIgniter->runController(Object(App\Controllers\Sales))
11 SYSTEMPATH\CodeIgniter.php(340): CodeIgniter\CodeIgniter->handleRequest(null, Object(Config\Cache), false)
12 SYSTEMPATH\Boot.php(417): CodeIgniter\CodeIgniter->run()
13 SYSTEMPATH\Boot.php(68): CodeIgniter\Boot::runCodeIgniter(Object(CodeIgniter\CodeIgniter))
14 FCPATH\index.php(59): CodeIgniter\Boot::bootWeb(Object(Config\Paths))
15 SYSTEMPATH\rewrite.php(44): require_once('C:\\xampp\\htdocs\\Web-Project\\public\\index.php')
DEBUG - 2026-05-14 03:12:53 --> Session: Class initialized using 'CodeIgniter\Session\Handlers\FileHandler' driver.
DEBUG - 2026-05-14 03:12:57 --> Session: Class initialized using 'CodeIgniter\Session\Handlers\FileHandler' driver.
DEBUG - 2026-05-14 03:12:59 --> Session: Class initialized using 'CodeIgniter\Session\Handlers\FileHandler' driver.
DEBUG - 2026-05-14 03:13:08 --> Session: Class initialized using 'CodeIgniter\Session\Handlers\FileHandler' driver.
DEBUG - 2026-05-14 03:13:10 --> Session: Class initialized using 'CodeIgniter\Session\Handlers\FileHandler' driver.
DEBUG - 2026-05-14 03:13:16 --> Session: Class initialized using 'CodeIgniter\Session\Handlers\FileHandler' driver.
CRITICAL - 2026-05-14 03:13:16 --> CodeIgniter\View\Exceptions\ViewException: Invalid file: "customers/edit.php"
[Method: GET, Route: customers/edit/2]
in SYSTEMPATH\Exceptions\FrameworkException.php on line 39.
 1 SYSTEMPATH\View\View.php(228): CodeIgniter\Exceptions\FrameworkException::forInvalidFile('customers/edit.php')
 2 SYSTEMPATH\Common.php(1250): CodeIgniter\View\View->render('customers/edit', [], true)
 3 APPPATH\Controllers\Customers.php(43): view('customers/edit', [...])
 4 SYSTEMPATH\CodeIgniter.php(951): App\Controllers\Customers->edit('2')
 5 SYSTEMPATH\CodeIgniter.php(497): CodeIgniter\CodeIgniter->runController(Object(App\Controllers\Customers))
 6 SYSTEMPATH\CodeIgniter.php(340): CodeIgniter\CodeIgniter->handleRequest(null, Object(Config\Cache), false)
 7 SYSTEMPATH\Boot.php(417): CodeIgniter\CodeIgniter->run()
 8 SYSTEMPATH\Boot.php(68): CodeIgniter\Boot::runCodeIgniter(Object(CodeIgniter\CodeIgniter))
 9 FCPATH\index.php(59): CodeIgniter\Boot::bootWeb(Object(Config\Paths))
10 SYSTEMPATH\rewrite.php(44): require_once('C:\\xampp\\htdocs\\Web-Project\\public\\index.php')
DEBUG - 2026-05-14 03:13:21 --> Session: Class initialized using 'CodeIgniter\Session\Handlers\FileHandler' driver.
DEBUG - 2026-05-14 03:13:22 --> Session: Class initialized using 'CodeIgniter\Session\Handlers\FileHandler' driver.
DEBUG - 2026-05-14 03:13:27 --> Session: Class initialized using 'CodeIgniter\Session\Handlers\FileHandler' driver.
DEBUG - 2026-05-14 03:13:37 --> Session: Class initialized using 'CodeIgniter\Session\Handlers\FileHandler' driver.
DEBUG - 2026-05-14 03:13:37 --> Session: Class initialized using 'CodeIgniter\Session\Handlers\FileHandler' driver.
DEBUG - 2026-05-14 03:13:44 --> Session: Class initialized using 'CodeIgniter\Session\Handlers\FileHandler' driver.
DEBUG - 2026-05-14 03:27:11 --> Session: Class initialized using 'CodeIgniter\Session\Handlers\FileHandler' driver.
DEBUG - 2026-05-14 03:27:13 --> Session: Class initialized using 'CodeIgniter\Session\Handlers\FileHandler' driver.
DEBUG - 2026-05-14 03:27:13 --> Session: Class initialized using 'CodeIgniter\Session\Handlers\FileHandler' driver.
DEBUG - 2026-05-14 03:27:14 --> Session: Class initialized using 'CodeIgniter\Session\Handlers\FileHandler' driver.
DEBUG - 2026-05-14 03:27:15 --> Session: Class initialized using 'CodeIgniter\Session\Handlers\FileHandler' driver.
DEBUG - 2026-05-14 03:27:16 --> Session: Class initialized using 'CodeIgniter\Session\Handlers\FileHandler' driver.
DEBUG - 2026-05-14 03:27:18 --> Session: Class initialized using 'CodeIgniter\Session\Handlers\FileHandler' driver.
DEBUG - 2026-05-14 03:27:25 --> Session: Class initialized using 'CodeIgniter\Session\Handlers\FileHandler' driver.
DEBUG - 2026-05-14 03:27:28 --> Session: Class initialized using 'CodeIgniter\Session\Handlers\FileHandler' driver.
DEBUG - 2026-05-14 03:27:31 --> Session: Class initialized using 'CodeIgniter\Session\Handlers\FileHandler' driver.
DEBUG - 2026-05-14 03:27:33 --> Session: Class initialized using 'CodeIgniter\Session\Handlers\FileHandler' driver.
DEBUG - 2026-05-14 03:27:54 --> Session: Class initialized using 'CodeIgniter\Session\Handlers\FileHandler' driver.
DEBUG - 2026-05-14 03:27:58 --> Session: Class initialized using 'CodeIgniter\Session\Handlers\FileHandler' driver.
DEBUG - 2026-05-14 03:28:02 --> Session: Class initialized using 'CodeIgniter\Session\Handlers\FileHandler' driver.
CRITICAL - 2026-05-14 03:28:02 --> CodeIgniter\View\Exceptions\ViewException: Invalid file: "customers/edit.php"
[Method: GET, Route: customers/edit/1]
in SYSTEMPATH\Exceptions\FrameworkException.php on line 39.
 1 SYSTEMPATH\View\View.php(228): CodeIgniter\Exceptions\FrameworkException::forInvalidFile('customers/edit.php')
 2 SYSTEMPATH\Common.php(1250): CodeIgniter\View\View->render('customers/edit', [], true)
 3 APPPATH\Controllers\Customers.php(43): view('customers/edit', [...])
 4 SYSTEMPATH\CodeIgniter.php(951): App\Controllers\Customers->edit('1')
 5 SYSTEMPATH\CodeIgniter.php(497): CodeIgniter\CodeIgniter->runController(Object(App\Controllers\Customers))
 6 SYSTEMPATH\CodeIgniter.php(340): CodeIgniter\CodeIgniter->handleRequest(null, Object(Config\Cache), false)
 7 SYSTEMPATH\Boot.php(417): CodeIgniter\CodeIgniter->run()
 8 SYSTEMPATH\Boot.php(68): CodeIgniter\Boot::runCodeIgniter(Object(CodeIgniter\CodeIgniter))
 9 FCPATH\index.php(59): CodeIgniter\Boot::bootWeb(Object(Config\Paths))
10 SYSTEMPATH\rewrite.php(44): require_once('C:\\xampp\\htdocs\\Web-Project\\public\\index.php')
DEBUG - 2026-05-14 03:36:04 --> Session: Class initialized using 'CodeIgniter\Session\Handlers\FileHandler' driver.
DEBUG - 2026-05-14 03:36:07 --> Session: Class initialized using 'CodeIgniter\Session\Handlers\FileHandler' driver.
DEBUG - 2026-05-14 03:36:09 --> Session: Class initialized using 'CodeIgniter\Session\Handlers\FileHandler' driver.
DEBUG - 2026-05-14 03:36:15 --> Session: Class initialized using 'CodeIgniter\Session\Handlers\FileHandler' driver.
DEBUG - 2026-05-14 03:36:15 --> Session: Class initialized using 'CodeIgniter\Session\Handlers\FileHandler' driver.
DEBUG - 2026-05-14 03:36:19 --> Session: Class initialized using 'CodeIgniter\Session\Handlers\FileHandler' driver.
DEBUG - 2026-05-14 03:36:24 --> Session: Class initialized using 'CodeIgniter\Session\Handlers\FileHandler' driver.
DEBUG - 2026-05-14 03:36:24 --> Session: Class initialized using 'CodeIgniter\Session\Handlers\FileHandler' driver.
DEBUG - 2026-05-14 03:36:39 --> Session: Class initialized using 'CodeIgniter\Session\Handlers\FileHandler' driver.
DEBUG - 2026-05-14 03:36:40 --> Session: Class initialized using 'CodeIgniter\Session\Handlers\FileHandler' driver.
DEBUG - 2026-05-14 03:36:44 --> Session: Class initialized using 'CodeIgniter\Session\Handlers\FileHandler' driver.
DEBUG - 2026-05-14 03:36:49 --> Session: Class initialized using 'CodeIgniter\Session\Handlers\FileHandler' driver.
DEBUG - 2026-05-14 03:36:58 --> Session: Class initialized using 'CodeIgniter\Session\Handlers\FileHandler' driver.
DEBUG - 2026-05-14 03:38:29 --> Session: Class initialized using 'CodeIgniter\Session\Handlers\FileHandler' driver.
DEBUG - 2026-05-14 03:38:29 --> Session: Class initialized using 'CodeIgniter\Session\Handlers\FileHandler' driver.
DEBUG - 2026-05-14 03:50:28 --> Session: Class initialized using 'CodeIgniter\Session\Handlers\FileHandler' driver.
DEBUG - 2026-05-14 03:50:29 --> Session: Class initialized using 'CodeIgniter\Session\Handlers\FileHandler' driver.
DEBUG - 2026-05-14 03:50:41 --> Session: Class initialized using 'CodeIgniter\Session\Handlers\FileHandler' driver.
DEBUG - 2026-05-14 03:50:42 --> Session: Class initialized using 'CodeIgniter\Session\Handlers\FileHandler' driver.
DEBUG - 2026-05-14 03:51:37 --> Session: Class initialized using 'CodeIgniter\Session\Handlers\FileHandler' driver.
DEBUG - 2026-05-14 03:51:38 --> Session: Class initialized using 'CodeIgniter\Session\Handlers\FileHandler' driver.
DEBUG - 2026-05-14 03:51:39 --> Session: Class initialized using 'CodeIgniter\Session\Handlers\FileHandler' driver.
DEBUG - 2026-05-14 03:51:58 --> Session: Class initialized using 'CodeIgniter\Session\Handlers\FileHandler' driver.
CRITICAL - 2026-05-14 03:51:58 --> Error: Class "App\Models\SaleItemModel" not found
[Method: POST, Route: sales/store]
in APPPATH\Controllers\Sales.php on line 29.
 1 SYSTEMPATH\CodeIgniter.php(951): App\Controllers\Sales->store()
 2 SYSTEMPATH\CodeIgniter.php(497): CodeIgniter\CodeIgniter->runController(Object(App\Controllers\Sales))
 3 SYSTEMPATH\CodeIgniter.php(340): CodeIgniter\CodeIgniter->handleRequest(null, Object(Config\Cache), false)
 4 SYSTEMPATH\Boot.php(417): CodeIgniter\CodeIgniter->run()
 5 SYSTEMPATH\Boot.php(68): CodeIgniter\Boot::runCodeIgniter(Object(CodeIgniter\CodeIgniter))
 6 FCPATH\index.php(59): CodeIgniter\Boot::bootWeb(Object(Config\Paths))
 7 SYSTEMPATH\rewrite.php(44): require_once('C:\\xampp\\htdocs\\Web-Project\\public\\index.php')
DEBUG - 2026-05-14 03:52:35 --> Session: Class initialized using 'CodeIgniter\Session\Handlers\FileHandler' driver.
CRITICAL - 2026-05-14 03:52:35 --> Error: Class "App\Models\SaleItemModel" not found
[Method: POST, Route: sales/store]
in APPPATH\Controllers\Sales.php on line 29.
 1 SYSTEMPATH\CodeIgniter.php(951): App\Controllers\Sales->store()
 2 SYSTEMPATH\CodeIgniter.php(497): CodeIgniter\CodeIgniter->runController(Object(App\Controllers\Sales))
 3 SYSTEMPATH\CodeIgniter.php(340): CodeIgniter\CodeIgniter->handleRequest(null, Object(Config\Cache), false)
 4 SYSTEMPATH\Boot.php(417): CodeIgniter\CodeIgniter->run()
 5 SYSTEMPATH\Boot.php(68): CodeIgniter\Boot::runCodeIgniter(Object(CodeIgniter\CodeIgniter))
 6 FCPATH\index.php(59): CodeIgniter\Boot::bootWeb(Object(Config\Paths))
 7 SYSTEMPATH\rewrite.php(44): require_once('C:\\xampp\\htdocs\\Web-Project\\public\\index.php')
DEBUG - 2026-05-14 03:54:04 --> Session: Class initialized using 'CodeIgniter\Session\Handlers\FileHandler' driver.
DEBUG - 2026-05-14 03:54:05 --> Session: Class initialized using 'CodeIgniter\Session\Handlers\FileHandler' driver.
DEBUG - 2026-05-14 03:54:13 --> Session: Class initialized using 'CodeIgniter\Session\Handlers\FileHandler' driver.
DEBUG - 2026-05-14 03:54:14 --> Session: Class initialized using 'CodeIgniter\Session\Handlers\FileHandler' driver.
DEBUG - 2026-05-14 03:54:21 --> Session: Class initialized using 'CodeIgniter\Session\Handlers\FileHandler' driver.
DEBUG - 2026-05-14 03:54:21 --> Session: Class initialized using 'CodeIgniter\Session\Handlers\FileHandler' driver.
DEBUG - 2026-05-14 03:54:27 --> Session: Class initialized using 'CodeIgniter\Session\Handlers\FileHandler' driver.
DEBUG - 2026-05-14 03:54:30 --> Session: Class initialized using 'CodeIgniter\Session\Handlers\FileHandler' driver.
DEBUG - 2026-05-14 03:54:35 --> Session: Class initialized using 'CodeIgniter\Session\Handlers\FileHandler' driver.
DEBUG - 2026-05-14 03:54:37 --> Session: Class initialized using 'CodeIgniter\Session\Handlers\FileHandler' driver.
DEBUG - 2026-05-14 03:54:41 --> Session: Class initialized using 'CodeIgniter\Session\Handlers\FileHandler' driver.
DEBUG - 2026-05-14 03:54:43 --> Session: Class initialized using 'CodeIgniter\Session\Handlers\FileHandler' driver.
DEBUG - 2026-05-14 03:54:48 --> Session: Class initialized using 'CodeIgniter\Session\Handlers\FileHandler' driver.
DEBUG - 2026-05-14 03:54:49 --> Session: Class initialized using 'CodeIgniter\Session\Handlers\FileHandler' driver.
DEBUG - 2026-05-14 03:54:53 --> Session: Class initialized using 'CodeIgniter\Session\Handlers\FileHandler' driver.
DEBUG - 2026-05-14 03:54:56 --> Session: Class initialized using 'CodeIgniter\Session\Handlers\FileHandler' driver.
DEBUG - 2026-05-14 03:55:10 --> Session: Class initialized using 'CodeIgniter\Session\Handlers\FileHandler' driver.
DEBUG - 2026-05-14 03:55:10 --> Session: Class initialized using 'CodeIgniter\Session\Handlers\FileHandler' driver.
DEBUG - 2026-05-14 03:55:13 --> Session: Class initialized using 'CodeIgniter\Session\Handlers\FileHandler' driver.
DEBUG - 2026-05-14 03:55:55 --> Session: Class initialized using 'CodeIgniter\Session\Handlers\FileHandler' driver.
DEBUG - 2026-05-14 03:56:00 --> Session: Class initialized using 'CodeIgniter\Session\Handlers\FileHandler' driver.
DEBUG - 2026-05-14 03:56:06 --> Session: Class initialized using 'CodeIgniter\Session\Handlers\FileHandler' driver.
DEBUG - 2026-05-14 03:56:07 --> Session: Class initialized using 'CodeIgniter\Session\Handlers\FileHandler' driver.
DEBUG - 2026-05-14 03:56:09 --> Session: Class initialized using 'CodeIgniter\Session\Handlers\FileHandler' driver.
DEBUG - 2026-05-14 03:56:42 --> Session: Class initialized using 'CodeIgniter\Session\Handlers\FileHandler' driver.
DEBUG - 2026-05-14 03:56:59 --> Session: Class initialized using 'CodeIgniter\Session\Handlers\FileHandler' driver.
DEBUG - 2026-05-14 03:57:04 --> Session: Class initialized using 'CodeIgniter\Session\Handlers\FileHandler' driver.
DEBUG - 2026-05-14 03:57:06 --> Session: Class initialized using 'CodeIgniter\Session\Handlers\FileHandler' driver.
DEBUG - 2026-05-14 03:57:09 --> Session: Class initialized using 'CodeIgniter\Session\Handlers\FileHandler' driver.
DEBUG - 2026-05-14 03:57:15 --> Session: Class initialized using 'CodeIgniter\Session\Handlers\FileHandler' driver.
DEBUG - 2026-05-14 03:57:17 --> Session: Class initialized using 'CodeIgniter\Session\Handlers\FileHandler' driver.
DEBUG - 2026-05-14 03:57:26 --> Session: Class initialized using 'CodeIgniter\Session\Handlers\FileHandler' driver.
DEBUG - 2026-05-14 03:57:54 --> Session: Class initialized using 'CodeIgniter\Session\Handlers\FileHandler' driver.
DEBUG - 2026-05-14 03:58:02 --> Session: Class initialized using 'CodeIgniter\Session\Handlers\FileHandler' driver.
DEBUG - 2026-05-14 03:58:02 --> Session: Class initialized using 'CodeIgniter\Session\Handlers\FileHandler' driver.
DEBUG - 2026-05-14 03:58:48 --> Session: Class initialized using 'CodeIgniter\Session\Handlers\FileHandler' driver.
DEBUG - 2026-05-14 03:58:49 --> Session: Class initialized using 'CodeIgniter\Session\Handlers\FileHandler' driver.
DEBUG - 2026-05-14 03:59:46 --> Session: Class initialized using 'CodeIgniter\Session\Handlers\FileHandler' driver.
DEBUG - 2026-05-14 03:59:47 --> Session: Class initialized using 'CodeIgniter\Session\Handlers\FileHandler' driver.
DEBUG - 2026-05-14 04:02:03 --> Session: Class initialized using 'CodeIgniter\Session\Handlers\FileHandler' driver.
DEBUG - 2026-05-14 04:02:06 --> Session: Class initialized using 'CodeIgniter\Session\Handlers\FileHandler' driver.
DEBUG - 2026-05-14 04:02:46 --> Session: Class initialized using 'CodeIgniter\Session\Handlers\FileHandler' driver.
DEBUG - 2026-05-14 04:03:10 --> Session: Class initialized using 'CodeIgniter\Session\Handlers\FileHandler' driver.
DEBUG - 2026-05-14 04:05:24 --> Session: Class initialized using 'CodeIgniter\Session\Handlers\FileHandler' driver.
DEBUG - 2026-05-14 04:05:30 --> Session: Class initialized using 'CodeIgniter\Session\Handlers\FileHandler' driver.
DEBUG - 2026-05-14 04:05:36 --> Session: Class initialized using 'CodeIgniter\Session\Handlers\FileHandler' driver.
DEBUG - 2026-05-14 04:05:40 --> Session: Class initialized using 'CodeIgniter\Session\Handlers\FileHandler' driver.
DEBUG - 2026-05-14 04:06:18 --> Session: Class initialized using 'CodeIgniter\Session\Handlers\FileHandler' driver.
DEBUG - 2026-05-14 04:06:30 --> Session: Class initialized using 'CodeIgniter\Session\Handlers\FileHandler' driver.
DEBUG - 2026-05-14 04:06:56 --> Session: Class initialized using 'CodeIgniter\Session\Handlers\FileHandler' driver.
DEBUG - 2026-05-14 04:07:29 --> Session: Class initialized using 'CodeIgniter\Session\Handlers\FileHandler' driver.
DEBUG - 2026-05-14 04:07:35 --> Session: Class initialized using 'CodeIgniter\Session\Handlers\FileHandler' driver.
DEBUG - 2026-05-14 04:08:07 --> Session: Class initialized using 'CodeIgniter\Session\Handlers\FileHandler' driver.
DEBUG - 2026-05-14 04:12:08 --> Session: Class initialized using 'CodeIgniter\Session\Handlers\FileHandler' driver.
DEBUG - 2026-05-14 04:12:11 --> Session: Class initialized using 'CodeIgniter\Session\Handlers\FileHandler' driver.
DEBUG - 2026-05-14 04:12:26 --> Session: Class initialized using 'CodeIgniter\Session\Handlers\FileHandler' driver.
DEBUG - 2026-05-14 04:12:26 --> Session: Class initialized using 'CodeIgniter\Session\Handlers\FileHandler' driver.
DEBUG - 2026-05-14 04:12:28 --> Session: Class initialized using 'CodeIgniter\Session\Handlers\FileHandler' driver.
DEBUG - 2026-05-14 04:13:45 --> Session: Class initialized using 'CodeIgniter\Session\Handlers\FileHandler' driver.
DEBUG - 2026-05-14 04:15:22 --> Session: Class initialized using 'CodeIgniter\Session\Handlers\FileHandler' driver.
DEBUG - 2026-05-14 04:15:22 --> Session: Class initialized using 'CodeIgniter\Session\Handlers\FileHandler' driver.
DEBUG - 2026-05-14 04:17:20 --> Session: Class initialized using 'CodeIgniter\Session\Handlers\FileHandler' driver.
DEBUG - 2026-05-14 04:17:35 --> Session: Class initialized using 'CodeIgniter\Session\Handlers\FileHandler' driver.
DEBUG - 2026-05-14 04:17:43 --> Session: Class initialized using 'CodeIgniter\Session\Handlers\FileHandler' driver.
DEBUG - 2026-05-14 04:17:43 --> Session: Class initialized using 'CodeIgniter\Session\Handlers\FileHandler' driver.
DEBUG - 2026-05-14 04:19:35 --> Session: Class initialized using 'CodeIgniter\Session\Handlers\FileHandler' driver.
DEBUG - 2026-05-14 04:20:32 --> Session: Class initialized using 'CodeIgniter\Session\Handlers\FileHandler' driver.
DEBUG - 2026-05-14 04:20:32 --> Session: Class initialized using 'CodeIgniter\Session\Handlers\FileHandler' driver.
DEBUG - 2026-05-14 04:20:38 --> Session: Class initialized using 'CodeIgniter\Session\Handlers\FileHandler' driver.
DEBUG - 2026-05-14 04:20:45 --> Session: Class initialized using 'CodeIgniter\Session\Handlers\FileHandler' driver.
DEBUG - 2026-05-14 04:20:45 --> Session: Class initialized using 'CodeIgniter\Session\Handlers\FileHandler' driver.
DEBUG - 2026-05-14 04:20:52 --> Session: Class initialized using 'CodeIgniter\Session\Handlers\FileHandler' driver.
DEBUG - 2026-05-14 04:21:11 --> Session: Class initialized using 'CodeIgniter\Session\Handlers\FileHandler' driver.
DEBUG - 2026-05-14 04:21:11 --> Session: Class initialized using 'CodeIgniter\Session\Handlers\FileHandler' driver.
DEBUG - 2026-05-14 04:21:16 --> Session: Class initialized using 'CodeIgniter\Session\Handlers\FileHandler' driver.
DEBUG - 2026-05-14 04:21:20 --> Session: Class initialized using 'CodeIgniter\Session\Handlers\FileHandler' driver.
DEBUG - 2026-05-14 04:21:20 --> Session: Class initialized using 'CodeIgniter\Session\Handlers\FileHandler' driver.
DEBUG - 2026-05-14 04:21:29 --> Session: Class initialized using 'CodeIgniter\Session\Handlers\FileHandler' driver.
DEBUG - 2026-05-14 04:29:09 --> Session: Class initialized using 'CodeIgniter\Session\Handlers\FileHandler' driver.
DEBUG - 2026-05-14 04:29:28 --> Session: Class initialized using 'CodeIgniter\Session\Handlers\FileHandler' driver.
DEBUG - 2026-05-14 04:29:29 --> Session: Class initialized using 'CodeIgniter\Session\Handlers\FileHandler' driver.
DEBUG - 2026-05-14 04:30:03 --> Session: Class initialized using 'CodeIgniter\Session\Handlers\FileHandler' driver.
DEBUG - 2026-05-14 04:30:11 --> Session: Class initialized using 'CodeIgniter\Session\Handlers\FileHandler' driver.
DEBUG - 2026-05-14 04:30:16 --> Session: Class initialized using 'CodeIgniter\Session\Handlers\FileHandler' driver.
DEBUG - 2026-05-14 04:30:19 --> Session: Class initialized using 'CodeIgniter\Session\Handlers\FileHandler' driver.
DEBUG - 2026-05-14 04:30:23 --> Session: Class initialized using 'CodeIgniter\Session\Handlers\FileHandler' driver.
DEBUG - 2026-05-14 04:30:25 --> Session: Class initialized using 'CodeIgniter\Session\Handlers\FileHandler' driver.
DEBUG - 2026-05-14 05:01:08 --> Session: Class initialized using 'CodeIgniter\Session\Handlers\FileHandler' driver.
DEBUG - 2026-05-14 05:01:08 --> Session: Class initialized using 'CodeIgniter\Session\Handlers\FileHandler' driver.
DEBUG - 2026-05-14 05:02:39 --> Session: Class initialized using 'CodeIgniter\Session\Handlers\FileHandler' driver.
DEBUG - 2026-05-14 05:02:40 --> Session: Class initialized using 'CodeIgniter\Session\Handlers\FileHandler' driver.
DEBUG - 2026-05-14 05:04:21 --> Session: Class initialized using 'CodeIgniter\Session\Handlers\FileHandler' driver.
DEBUG - 2026-05-14 05:04:53 --> Session: Class initialized using 'CodeIgniter\Session\Handlers\FileHandler' driver.
DEBUG - 2026-05-14 05:04:55 --> Session: Class initialized using 'CodeIgniter\Session\Handlers\FileHandler' driver.
DEBUG - 2026-05-14 05:04:59 --> Session: Class initialized using 'CodeIgniter\Session\Handlers\FileHandler' driver.
DEBUG - 2026-05-14 05:05:17 --> Session: Class initialized using 'CodeIgniter\Session\Handlers\FileHandler' driver.
DEBUG - 2026-05-14 05:05:23 --> Session: Class initialized using 'CodeIgniter\Session\Handlers\FileHandler' driver.
DEBUG - 2026-05-14 05:07:13 --> Session: Class initialized using 'CodeIgniter\Session\Handlers\FileHandler' driver.
DEBUG - 2026-05-14 05:08:23 --> Session: Class initialized using 'CodeIgniter\Session\Handlers\FileHandler' driver.
DEBUG - 2026-05-14 05:09:05 --> Session: Class initialized using 'CodeIgniter\Session\Handlers\FileHandler' driver.
DEBUG - 2026-05-14 05:09:17 --> Session: Class initialized using 'CodeIgniter\Session\Handlers\FileHandler' driver.
DEBUG - 2026-05-14 05:09:18 --> Session: Class initialized using 'CodeIgniter\Session\Handlers\FileHandler' driver.
DEBUG - 2026-05-14 05:09:32 --> Session: Class initialized using 'CodeIgniter\Session\Handlers\FileHandler' driver.
DEBUG - 2026-05-14 05:09:39 --> Session: Class initialized using 'CodeIgniter\Session\Handlers\FileHandler' driver.
DEBUG - 2026-05-14 05:09:58 --> Session: Class initialized using 'CodeIgniter\Session\Handlers\FileHandler' driver.
DEBUG - 2026-05-14 05:10:01 --> Session: Class initialized using 'CodeIgniter\Session\Handlers\FileHandler' driver.
DEBUG - 2026-05-14 05:10:33 --> Session: Class initialized using 'CodeIgniter\Session\Handlers\FileHandler' driver.
DEBUG - 2026-05-14 05:10:33 --> Session: Class initialized using 'CodeIgniter\Session\Handlers\FileHandler' driver.
DEBUG - 2026-05-14 05:10:44 --> Session: Class initialized using 'CodeIgniter\Session\Handlers\FileHandler' driver.
DEBUG - 2026-05-14 05:11:40 --> Session: Class initialized using 'CodeIgniter\Session\Handlers\FileHandler' driver.
DEBUG - 2026-05-14 05:11:46 --> Session: Class initialized using 'CodeIgniter\Session\Handlers\FileHandler' driver.
DEBUG - 2026-05-14 05:12:00 --> Session: Class initialized using 'CodeIgniter\Session\Handlers\FileHandler' driver.
DEBUG - 2026-05-14 05:13:33 --> Session: Class initialized using 'CodeIgniter\Session\Handlers\FileHandler' driver.
DEBUG - 2026-05-14 05:15:17 --> Session: Class initialized using 'CodeIgniter\Session\Handlers\FileHandler' driver.
DEBUG - 2026-05-14 05:15:30 --> Session: Class initialized using 'CodeIgniter\Session\Handlers\FileHandler' driver.
DEBUG - 2026-05-14 05:16:46 --> Session: Class initialized using 'CodeIgniter\Session\Handlers\FileHandler' driver.
DEBUG - 2026-05-14 05:16:59 --> Session: Class initialized using 'CodeIgniter\Session\Handlers\FileHandler' driver.
DEBUG - 2026-05-14 05:17:09 --> Session: Class initialized using 'CodeIgniter\Session\Handlers\FileHandler' driver.
DEBUG - 2026-05-14 05:17:16 --> Session: Class initialized using 'CodeIgniter\Session\Handlers\FileHandler' driver.
DEBUG - 2026-05-14 05:17:26 --> Session: Class initialized using 'CodeIgniter\Session\Handlers\FileHandler' driver.
DEBUG - 2026-05-14 05:17:31 --> Session: Class initialized using 'CodeIgniter\Session\Handlers\FileHandler' driver.
DEBUG - 2026-05-14 05:17:46 --> Session: Class initialized using 'CodeIgniter\Session\Handlers\FileHandler' driver.
DEBUG - 2026-05-14 05:18:19 --> Session: Class initialized using 'CodeIgniter\Session\Handlers\FileHandler' driver.
DEBUG - 2026-05-14 05:18:19 --> Session: Class initialized using 'CodeIgniter\Session\Handlers\FileHandler' driver.
DEBUG - 2026-05-14 05:18:24 --> Session: Class initialized using 'CodeIgniter\Session\Handlers\FileHandler' driver.
DEBUG - 2026-05-14 05:24:45 --> Session: Class initialized using 'CodeIgniter\Session\Handlers\FileHandler' driver.
DEBUG - 2026-05-14 05:25:00 --> Session: Class initialized using 'CodeIgniter\Session\Handlers\FileHandler' driver.
DEBUG - 2026-05-14 05:25:12 --> Session: Class initialized using 'CodeIgniter\Session\Handlers\FileHandler' driver.
DEBUG - 2026-05-14 05:25:27 --> Session: Class initialized using 'CodeIgniter\Session\Handlers\FileHandler' driver.
DEBUG - 2026-05-14 05:25:37 --> Session: Class initialized using 'CodeIgniter\Session\Handlers\FileHandler' driver.
DEBUG - 2026-05-14 05:58:45 --> Session: Class initialized using 'CodeIgniter\Session\Handlers\FileHandler' driver.
DEBUG - 2026-05-14 05:58:58 --> Session: Class initialized using 'CodeIgniter\Session\Handlers\FileHandler' driver.
DEBUG - 2026-05-14 05:58:59 --> Session: Class initialized using 'CodeIgniter\Session\Handlers\FileHandler' driver.
